eaf7c4f2e2adc952b5a150cf0b854adebfb9fdf0|2023-09-28 09:49:10 -0700|Eduard Tudenhoefner|Core: Fix view version ID reassigment and deduplication, start schema ID at 0 (#8664)
6100efc1a764b204e5a879e0ae6d535a71301249|2023-09-28 15:24:07 -0700|Eduard Tudenhoefner|Core: Add remaining View APIs and support for InMemoryCatalog (#7880)
28dd49f5bf0c1e8d4793faeaa7d0bdbc29ebec56|2023-09-28 15:47:38 -0700|Fokko Driesprong|Python: Update pre-commit (#8651)
6172f5c7207899a0983b28a09026644d568595ab|2023-09-28 15:48:28 -0700|Fokko Driesprong|Python: Add more Ruff rules (#8652)
8062aef8b68ef18647ea10e01ff6e82a89582fe9|2023-09-29 11:00:29 +0200|HonahX|Python: ManifestWriter and ManifestListWriter (#8622)
3f2884c6d2e514f1112bd440fedfbb7d30227a96|2023-09-29 12:38:36 -0700|Anton Okolnychyi|Spark: Fix Decimal value conversion in V2 filters (#8682)
c68abfc9fd3956077b43aba20441f089bb8b93d6|2023-10-01 18:55:31 -0700|Kristin Cowalcijk|AWS: avoid static global credentials provider which doesn't play well with lifecycle management (#8677)
df0f408c05f33d90600aac846306c539787f2250|2023-10-02 15:37:41 +0200|Fokko Driesprong|Docs: Add links to Go, Python and Rust (#8681)
06d420f7cbfc0b19bc5208348fe589100b75e4fe|2023-10-02 21:12:10 +0200|Hongyue/Steve Zhang|Open-API: Add namespaceExist API (#8569)
c862b9177af8e2d83122220764a056f3b96fd00c|2023-10-02 13:56:58 -0700|Fokko Driesprong|Labeler: Add Specification label (#8700)
d2e1094ee0cc6239d43f63ba5114272f59d605d2|2023-10-04 11:17:34 +0200|Eduard Tudenhoefner|API, Core: Allow setting a View's location (#8648)
a960d43a58cc201183027c38ce679f7bf3a43891|2023-10-05 08:36:34 +0200|Naveen Kumar|Docs: Document publish_changes procedure (#8706)
dd26f3630954e69c584faa06c9395f77d49337b1|2023-10-05 11:23:10 +0200|Eduard Tudenhoefner|OpenAPI: Add AssignUUID update to metadata updates (#8716)
036cef946eb0f006a3d8c2e8397bf3c149d9ac0c|2023-10-05 21:51:37 +0200|Fokko Driesprong|Spec: Inconsistency around files_count (#5338)
dd02085b12e9b509efef2d9a8b9fe730c0c60b03|2023-10-05 13:05:51 -0700|Fokko Driesprong|Revert "Spec: Mark added_snapshot_id as optional (#8600)" (#8726)
00a88d0fffb714d8e1dc2bd0bcc02b2d0cffd891|2023-10-06 08:11:22 +0200|Anton Okolnychyi|Build: Let revapi compare against 1.4.0 (#8727)
0259918eb2bac08beb1329f53046aa099de15021|2023-10-06 08:11:41 +0200|Anton Okolnychyi|Build: Add 1.4.0 to issue template (#8728)
5a98aef61a598057169c229ca0b804b0fef140f8|2023-10-06 14:23:46 -0700|Anton Okolnychyi|Spark: Clean up FileIO instances on executors (#8685)
9bb7de118b5ade56904c494d7b2dfd0c064d05b3|2023-10-09 08:11:46 +0200|dependabot[bot]|Build: Bump com.google.cloud:libraries-bom from 26.18.0 to 26.24.0 (#8735)
71cddb8aeea20d32e3e97bbecd93c52cb22ad959|2023-10-09 08:13:15 +0200|Ajantha Bhat|Python: Remove python directory and references (#8695)
39239a19555f55e0facc0a585086791a606a4b32|2023-10-09 09:38:15 +0200|Ajantha Bhat|Nessie: Remove dead code in NessieCatalog (#8750)
2504c5810821f83061ec5688c2b6aee082085ecc|2023-10-09 12:32:39 +0200|dependabot[bot]|Build: Bump org.immutables:value from 2.9.2 to 2.10.0 (#8736)
f74749eba1bdd8e1d045eb268c4eb9cb27a01f2e|2023-10-09 16:09:58 +0200|Johan Henriksson|OpenAPI: uniqueItems is not valid on type object (#8751)
82e0a56323537432e087a07b4cfd5100bf37073d|2023-10-09 08:59:40 -0700|Eduard Tudenhoefner|Core: Use visibility string instead of enum for Immutable visibility (#8752)
90cf38c50ab4e7b7d85011d8fd69bf60a82ea4c0|2023-10-10 10:03:16 +0200|Ashutosh Roy|Dell: Migrate Files using TestRule to Junit5 (#8707)
103038db4f60e96cd24d7f6e5710954a7a53ff78|2023-10-10 14:17:49 +0200|Naveen Kumar|Fix minor compilation warnings (#8758)
982242ba8e9bbd34686e429ba893f7bad379799e|2023-10-10 17:00:52 +0200|Priyansh Agrawal|Docs: Fix missing semicolons in SQL snippets. (#8748)
d8f29155e505b42a1a7279099f768e0684c397d6|2023-10-10 17:03:40 +0200|Eduard Tudenhoefner|Core: Use more permissive check when registering existing table (#8759)
d8a07ff276dc0efbfbbe3df3579c638c863b2686|2023-10-10 18:07:32 +0200|Naveen Kumar|Docs: Document all metadata tables (#8709)
b3ebccccfb7af6ee99a37b95ef15e655b55f5590|2023-10-11 07:29:02 +0200|JB Onofré|Build: increase open-pull-requests-limit to 50 (#8768)
aa43e1f24f462b8c941ec7ab9afab2c9108bc0e1|2023-10-11 08:26:13 +0200|Eduard Tudenhoefner|OpenAPI: Add description for AssignUUID (#8753)
1413984e50de7e69522dd15d6bdbc76e253a1451|2023-10-11 09:01:27 +0200|Fokko Driesprong|Build: Bump to Avro 1.11.3 (#8587)
c3b9afe2fca2b84cbb5b937df2b1f83c1605e7b6|2023-10-11 09:02:20 +0200|dependabot[bot]|Build: Bump software.amazon.awssdk:bom from 2.20.131 to 2.20.162 (#8773)
4a08140ada653a625ffedf782e73a25963d52e21|2023-10-11 09:02:40 +0200|dependabot[bot]|Build: Bump org.xerial:sqlite-jdbc from 3.42.0.0 to 3.43.0.0 (#8775)
dbaa92e0ba1ded6a55888de374277e211e0082fa|2023-10-11 09:08:04 +0200|dependabot[bot]|Build: Bump nessie from 0.71.0 to 0.71.1 (#8771)
9cb22b93ada3bb89040f6efc59b4f7b714035a3b|2023-10-11 09:34:06 +0200|dependabot[bot]|Build: Bump org.roaringbitmap:RoaringBitmap from 0.9.47 to 1.0.0 (#8792)
d85e7a439f4498406db2677b9530f55675a0eaad|2023-10-11 10:09:42 +0200|dependabot[bot]|Build: Bump guava from 32.1.1-jre to 32.1.3-jre (#8777)
9210a10598f4d1c4a44ae3959fae275b8a49ebb6|2023-10-11 10:11:35 +0200|dependabot[bot]|Build: Bump com.google.errorprone:error_prone_annotations (#8776)
4b020a41a292f6320d30fb7ff2c0ac872f6ef921|2023-10-11 10:48:41 +0200|dependabot[bot]|Build: Bump org.testcontainers:testcontainers from 1.17.6 to 1.19.1 (#8780)
b5ea0d5a7f55e5b8d9eec8e764bbcc35f8301db3|2023-10-11 10:50:24 +0200|dependabot[bot]|Build: Bump com.azure:azure-sdk-bom from 1.2.16 to 1.2.17 (#8794)
b7e5d685c00a0b57d7b363146e1c15546a1ac1d1|2023-10-11 10:28:28 -0700|Eduard Tudenhoefner|Core: Support view metadata compression (#8552)
e6a6cffc7d5e30e02dacb2d70918d054d79a5836|2023-10-12 08:06:33 +0200|Ajantha Bhat|Nessie: Remove deprecated usage of Operation.Put.of() (#8796)
4398803cb3630d4650863582e8b158e60f9ad59c|2023-10-12 11:22:06 +0200|JB Onofré|Add ASF DOAP rdf file (#8586)
6530a3e88ae47dc792b53bb50d2df8e94feb63e0|2023-10-12 15:39:53 +0200|JB Onofré|Rename master branch to main (#8722)
8463d6623a32ade3ea62750e66d6316510bcfdb5|2023-10-13 12:54:50 +0200|Naveen Kumar|Build: Fix compiler warnings (#8763)
2268bd8acaaee2748b20ad93430ca7073ac53009|2023-10-13 12:59:05 +0200|Kirill Saied|Replace `.size() > 0` with `.isNotEmpty()` (#8819)
287f90a2839ffafd7d5e785e0f56b255e5517015|2023-10-13 05:52:39 -0700|Kirill Saied|Spark: Replace .size() > 0 with isEmpty() (#8814)
004d3b11fb405301e27d47eec12c051b5f321fb4|2023-10-13 19:22:32 +0200|JB Onofré|Build: Upgrade to spring-web 5.3.30 (#8828)
a339f409178e2f3148bad8cd162ee92cd3c76985|2023-10-13 19:22:59 +0200|JB Onofré|Build: Upgrade to Jetty 9.4.53.v20231009 (#8830)
2aac63688054ac36540072cfa13aac08fccf9421|2023-10-13 10:45:50 -0700|Kirill Saied|Core: Replace `.size() > 0` with `!.isEmpty()` (#8813)
3e522e84f566ee1f195009decffc4b6b235fe262|2023-10-15 15:57:07 -0700|gangy|Flink:backport PR to 1.16 #7360: Implement data statistics coordinator to aggregate data statistics from operator subtasks (#8747)
6d3b0b78420a7e1104e4626799ad0c414146a9fb|2023-10-15 15:59:54 -0700|gangy|Flink:backport PR to 1.15 #7360: Implement data statistics coordinator to aggregate data statistics from operator subtasks (#8749)
b47fb4eb6bcbe5d4ce9f5bc1224b85cc8ac559b2|2023-10-16 07:49:24 +0200|Fokko Driesprong|Docs: Remove AWS Version (#8842)
738103fb18328a26893679ed3ce45a631d73e830|2023-10-16 07:50:04 +0200|dependabot[bot]|Build: Bump software.amazon.awssdk:bom from 2.20.162 to 2.21.0 (#8838)
fd1eae815af69efe543ec147a2ea13f6f16ba7a6|2023-10-16 07:50:18 +0200|dependabot[bot]|Build: Bump com.google.cloud:libraries-bom from 26.24.0 to 26.25.0 (#8841)
49b1ceb337d58a50a975839ed62daa798376965f|2023-10-16 07:51:03 +0200|dependabot[bot]|Build: Bump nessie from 0.71.1 to 0.72.0 (#8835)
247e715a26677c563b8a41cb6ec898204fc1b1db|2023-10-16 07:56:44 +0200|dependabot[bot]|Build: Bump arrow from 12.0.1 to 13.0.0 (#8785)
67667901687c12a477438494e821422fedd9920d|2023-10-16 08:33:33 +0200|dependabot[bot]|Build: Bump com.fasterxml.jackson.core:jackson-annotations (#8836)
96d2fa77f2614fd78414c518e3c0695834168c43|2023-10-16 09:40:35 +0200|Ajantha Bhat|Infra: Cleanup labeler.yml (#8795)
8f86a06c1405b68fa2935c06a87d50a02ca400b3|2023-10-16 09:55:35 +0200|dependabot[bot]|Build: Bump org.xerial:sqlite-jdbc from 3.43.0.0 to 3.43.2.0 (#8837)
05c789beee1afd3f043188fcaf02e11960920fc6|2023-10-16 09:59:56 +0200|JB Onofré|Build: add gradle configuration to enforce reproducible build (#8826)
46cad6ddaeff8104d96defab25206a4ff7e01629|2023-10-16 08:47:02 -0700|Bryan Keller|Core: Do not use a lazy split offset list in manifests (#8834)
cb20bdbea7b299b2948e908a7775ce90818e6a92|2023-10-17 11:58:58 +0200|JB Onofré|Build: Document missing `docker.sock` on OSX (#8766)
069d93010ca9142c96757ba3288b77fa02e74a60|2023-10-17 17:14:46 +0200|Eduard Tudenhoefner|Spark 3.5: Use Awaitility instead of Thread.sleep() (#8853)
f7f165446f55f44a1d30e1063a47fa2b5046b3ac|2023-10-17 09:00:42 -0700|kengtin|Flink: Reverting the default custom partitioner for bucket column (#8848)
ad602a379584512d1d96eda557c20cf2af21d1b2|2023-10-17 12:13:57 -0700|Amogh Jahagirdar|Core: Ignore split offsets when the last split offset is past the file length (#8860)
e837973d194e3679fe6c52fc3939f1a5613791df|2023-10-18 08:07:08 +0200|Eduard Tudenhoefner|Flink 1.17: Use awaitility instead of Thread.sleep() (#8852)
16c2af49a142d7044b619403de3e52aed13893e0|2023-10-18 17:23:10 +0200|Fokko Driesprong|Open-API: Make error required (#8765)
62662db6e12778412fe4f9d524b655555a472e21|2023-10-19 10:04:28 +0200|Eduard Tudenhoefner|Add missing license headers (#8875)
bd66d0f54802aaf269fe426901d54d69e08c577a|2023-10-19 13:47:44 +0200|Naveen Kumar|Nessie: Use custom client builder name (#8798)
45da568f1c659783f25a357fda043c6c18102e15|2023-10-19 14:50:12 +0200|dependabot[bot]|Build: Bump org.apache.pig:pig from 0.14.0 to 0.17.0 (#8774)
d92be9b8d539fed4d25c06ba486e1d5019932821|2023-10-19 07:11:34 -0700|Amogh Jahagirdar|AWS: Glue catalog strip trailing slash on DB URI (#8870)
d3af82f6edd02d8f0c9a03f1f7823c986db10b8e|2023-10-19 16:52:53 +0200|Naveen Kumar|Flink 1.15: Use Awaitility instead of Thread.sleep() (#8877)
d581e79d39b3d2c00e8b70f9921be823bd6434f5|2023-10-19 16:53:41 +0200|Naveen Kumar|Flink 1.16: Use Awaitility instead of Thread.sleep() (#8880)
d1cb2341667c975ad04670814e73dd2cfdd0a45b|2023-10-19 17:04:45 +0200|Jongwoo Han|Build: Replace deprecated command with environment file (#8666)
046fa74ca5476f3ca238167b5d247370669a07bf|2023-10-19 23:01:15 +0200|Hongyue/Steve Zhang|Doc: Fix Iceberg Javadoc link (#8885)
1a9a7d004b6e8fb135782caf810c5066ac8408bc|2023-10-20 08:48:54 +0200|Naveen Kumar|Spark 3.4: Use Awaitility instead of Thread.sleep() (#8884)
bbfe30a9db57d5595d132f2fddfb316c3945b9c5|2023-10-20 08:49:10 +0200|Naveen Kumar|Spark 3.3: Use Awaitility instead of Thread.sleep() (#8883)
dd4139705c1bd1cff347793a8e9bf481ac11077b|2023-10-20 08:49:34 +0200|Naveen Kumar|Spark 3.2: Use Awaitility instead of Thread.sleep() (#8882)
7a60b00cd671bd28c3ade5ca55f75ae027c312db|2023-10-20 09:06:16 +0200|dependabot[bot]|Build: Bump net.snowflake:snowflake-jdbc from 3.13.30 to 3.14.2 (#8790)
0cc74f1709fc0127cfb1e2c7d6df36d32e3bb06b|2023-10-20 10:31:16 +0200|rice|Core: Add sort_order_id to SCAN_COLUMNS to address null sort order ID after planned data files (#8873)
1e5fcbf15ae8e5a66d102b9c0815f22130d7b8df|2023-10-20 20:45:09 +0200|Ajantha Bhat|Infra: Update slack invite link (#8889)
6f1517546aceee19e10f38e36df7b072267fe6db|2023-10-20 16:10:05 -0700|Eduard Tudenhoefner|Core: Derive View operation from version (#8678)
94edb0e12176775c506a548bf5394183fe8626f9|2023-10-20 16:13:44 -0700|Eduard Tudenhoefner|Core: Make view metadata properties optional in JSON parser (#8723)
43fce1b56bc8364908941eee8a4b5a9ccca6c7fe|2023-10-20 16:40:08 -0700|Eduard Tudenhoefner|Core: Improvements around View catalog tests (#8865)
b1f7008517bf9da0fe4eea6755878a87cf64341d|2023-10-21 09:27:01 +0200|Prashant Singh|Build: Avoid Running engine and core CI on template update (#8890)
e2b56daf35724700a9b57dbeee5fe23f99c592c4|2023-10-22 13:34:00 -0700|Brian "bits" Olsen|Docs: Add new site deployment (#8659)
fce19e1200bb0b59f3897dcbc4a6b804eeb67cc1|2023-10-23 17:16:56 +0200|Eduard Tudenhoefner|Infra: Add 1.4.1 to Bug template (#8886)
2ec938f3f18427292bb970fdd049469140d8d1c4|2023-10-25 13:59:16 +0200|dependabot[bot]|Build: Bump nessie from 0.72.0 to 0.72.1 (#8900)
4e05dcf6bfe709df9d6918ea7b90ce48020f1e3b|2023-10-25 14:00:36 +0200|Fokko Driesprong|Update release template (#8879)
9ff517c02dce25bb0b985283a2c3504a0b179367|2023-10-25 14:00:57 +0200|dependabot[bot]|Build: Bump com.google.errorprone:error_prone_annotations (#8897)
94ae419c59b30336b3db85f5873569201b3fe0e7|2023-10-25 14:01:17 +0200|dependabot[bot]|Build: Bump software.amazon.awssdk:bom from 2.21.0 to 2.21.5 (#8896)
3bced93376d51511f5cb3254484223743f723f6b|2023-10-25 14:01:35 +0200|dependabot[bot]|Build: Bump org.xerial:sqlite-jdbc from 3.43.2.0 to 3.43.2.1 (#8893)
c10a4d02a2f5596e5e9407044c96c8047e277852|2023-10-25 08:57:36 -0400|Fokko Driesprong|Infra: Disable merging explicitly in `.asf.yaml` (#8878)
9b9b22de303ef2075bc3c25c2ee4dc395498340f|2023-10-25 09:45:49 -0700|Drew Gallardo|Spec: Fix error response model definition in OpenAPI spec (#8914)
aa891acf20040d15e7ca59dc503adb3c1e4325b8|2023-10-25 10:30:21 -0700|bknbkn|Core: Reduce unnecessary add operations in deletedPaths set (#8868)
d7f46b4552a88c3966a924aba2dfd51c0c8b451e|2023-10-26 17:44:29 -0700|Anton Okolnychyi|Spark: Clean up FileIO instances on executors for metadata tables (#8924)
385a6bd296e551bdfdab48d2a291d3516f999f5a|2023-10-28 09:43:02 -0700|Amogh Jahagirdar|Core: Ignore split offsets array when split offset is past file length (#8925)
2f487f448f6bc43542cedde3e2b43470064c00ab|2023-10-30 08:21:45 +0100|dependabot[bot]|Build: Bump me.champeau.jmh:jmh-gradle-plugin from 0.7.1 to 0.7.2 (#8942)
884efd4c6612b801dab71b6137032f5a5e08087a|2023-10-30 08:22:00 +0100|dependabot[bot]|Build: Bump software.amazon.awssdk:bom from 2.21.5 to 2.21.10 (#8943)
b5aba2ffeb6303c9e2dba518b8e08d419797286c|2023-10-30 08:22:15 +0100|dependabot[bot]|Build: Bump com.google.cloud:libraries-bom from 26.25.0 to 26.26.0 (#8940)
b56ec5ed421cb82d0c87c4fdd2a579db40f0e036|2023-10-30 08:22:45 +0100|dependabot[bot]|Build: Bump nessie from 0.72.1 to 0.73.0 (#8941)
3c6259193790ad8a0685233b12b7a20c891e6cbf|2023-10-30 09:54:39 +0100|dependabot[bot]|Build: Bump com.azure:azure-sdk-bom from 1.2.17 to 1.2.18 (#8939)
7e9e02c0e3f1304be89d094b0eab238da46c34ab|2023-10-30 12:33:11 +0100|Naveen Kumar|AWS, Core: Use Awaitility instead of Thread.sleep()
8bb52bc39ad48c2b0158990b60c2818702cbffa6|2023-10-30 14:10:40 +0100|Ashok|AWS: Remove AssertHelpers usage (#8937)
64e2deba53f696882f517a6010b81d83b55389b7|2023-10-30 14:33:48 +0100|wangtaohz|Core: Fix NPE when calling InMemoryLockManager#release using Hadoop catalog (#8494)
a7828dbeb2ef644169f83de1288a4e00f6c6cdca|2023-10-30 15:02:16 +0100|Amogh Jahagirdar|API, Core: Add uuid API to Table (#8800)
0f44262a9e107cb5d0a0969ec87d97ef65f65815|2023-10-30 16:53:24 +0100|Hussein Awala|Docs: Fix typos (#8892)
a66166326d0ab3ee54065ac3accd6a3a1c3b89d9|2023-10-30 16:58:59 +0100|Fokko Driesprong|Open-API: Refactor TableRequirements (#7710)
fceea89cb4a8f781641aa65456801b1cd40d0d03|2023-10-30 10:53:23 -0700|Anton Okolnychyi|Spark 3.5: Don't cache or reuse manifest entries while rewriting metadata by default (#8935)
c171c5703389a551065f6aa86aa4a6648c9ebcee|2023-10-30 17:34:48 -0700|Anton Okolnychyi|Spark 3.2: Don't cache or reuse manifest entries while rewriting metadata by default (#8956)
721419db01ee20faafd303199d88c8be8d24e310|2023-10-30 17:35:04 -0700|Anton Okolnychyi|Spark 3.3: Don't cache or reuse manifest entries while rewriting metadata by default (#8955)
86bb1c09f5ffd2b6a7c72683cb86bb95f4c2b72f|2023-10-30 17:35:59 -0700|Anton Okolnychyi|Spark 3.4: Don't cache or reuse manifest entries while rewriting metadata by default (#8954)
4433aa8c62002e2f3c589c7d3d8ef61dee8284b1|2023-10-31 07:57:49 +0100|Eduard Tudenhoefner|API, Core: Add uuid() to View (#8851)
b9a4478b0f8f5eeae553eb3900b08a7a08dbdb40|2023-10-31 11:03:31 +0100|Ashok|Spark 3.5:  Remove AssertHelpers usage (#8948)
eea5547462507727156678c153675e8595a38526|2023-10-31 14:58:59 +0100|Ashok|Flink 1.15: Remove usage of AssertHelpers (#8945)
d4d747d55f767410b71a1baf6dba742ecc194c07|2023-10-31 16:02:13 +0100|Ashok|Flink 1.16: Remove usage of AssertHelpers (#8946)
da555037cf0f19a635927df043fd02af0193d49d|2023-10-31 09:15:24 -0700|Jacob Marble|Spec: add nanosecond timestamp types (#8683)
0e09ac15e7e5bef5b5ac063e568d894b09ddeacf|2023-10-31 17:20:38 +0100|Ajantha Bhat|Docs: Document UNORDERED for spark write (#8958)
50c5f267b7f2919fec77f8f690412c0cb24b0de5|2023-10-31 09:42:02 -0700|Anton Okolnychyi|Core, Spark: Avoid extra copies of manifests while optimizing V2 tables (#8928)
da392f259cd8fc4788453e309e3369a3a190bbb1|2023-10-31 10:59:49 -0700|Anton Okolnychyi|Spark: Use SerializableTableWithSize when optimizing metadata (#8957)
8387b508f96e9f38d45a982f75c262fdd8e2b621|2023-11-01 14:30:35 +0100|Ashok|Spark 3.4: Remove usage of AssertHelpers (#8963)
52e69fb2b21669345a8d4dba495746fddbe0b376|2023-11-01 08:15:29 -0700|Ajantha Bhat|Spec: Add partition stats spec (#7105)
0180ef91a733c3b6fc3c3ec8ad1d0231a5a6265e|2023-11-01 18:48:22 -0700|Hongyue/Steve Zhang|Core: Scan only live entries in partitions table (#8969)
0b5aacd94207f9d880b9ddd38d04c13f59075c10|2023-11-02 08:50:42 +0100|Wing Yew Poon|Core: Use ParallelIterable in Deletes::toPositionIndex (6387) (#8805)
b95330a257b544be976a8e5bb1ea02ab8c8fcb7e|2023-11-02 12:51:32 +0100|Hussein Awala|Remove outdated `tox` command from doc (#8961)
94de98555d25c8f49c7bda70278598ecb04dc717|2023-11-02 14:22:17 +0100|Ajantha Bhat|Parquet: Remove duplicate test code (#8098)
4a3d266a6946f00602cfddc809e5480f3139f352|2023-11-02 09:42:11 -0700|Anton Okolnychyi|Spark 3.5: Use DataFile constants in SparkDataFile (#8936)
a445925016f21ef51a1a4acac94689528134a74c|2023-11-02 18:19:55 -0700|Karuppayya|Spark 3.5: Display more read metrics on Spark SQL UI (#8717)
2c890109c17bfb971490cab007be23029b81bad8|2023-11-02 20:39:45 -0700|Anton Okolnychyi|Spark: Fix usage of staging location when optimizing metadata (#8959)
b0bf62a448617bd5f57ca72c2648452e6600fa20|2023-11-03 19:19:33 -0700|Anton Okolnychyi|Spark 3.5: Use rolling manifest writers when optimizing metadata (#8972)
0b54f1e0071184b375ce8180a1c370290f946099|2023-11-06 12:28:57 +0100|dependabot[bot]|Build: Bump arrow from 13.0.0 to 14.0.0 (#8984)
f3e50717149b61d4701c2691be50cd2442afc967|2023-11-06 12:29:30 +0100|dependabot[bot]|Build: Bump software.amazon.awssdk:bom from 2.21.10 to 2.21.15 (#8983)
7c4bdaa3a26f2a8b36f22b1a1257aa11bf136969|2023-11-07 07:27:45 +0100|Thomas|Core: De-dup props in JdbcUtil (#8992)
e8bb8b502c981f6e5dea27cc6f833655bf79f4c6|2023-11-07 14:55:41 -0600|roryqi|Test: Add a test utility method to programmatically create expected partition specs (#8467)
6105375d47f9d8b80dcbba72302e70b3f370642c|2023-11-08 08:00:44 +0100|Amogh Jahagirdar|Infra: Add 1.4.2 as latest release to issue template (#9001)
1fb8e4fbd11dea3c16e7c16d56d543bee2b53464|2023-11-08 10:41:44 +0100|Wonjae Lee|Core: Add a constructor to StaticTableOperations (#8996)
e8cf33db7d3fc637504a51a801c055dce54474b7|2023-11-08 12:40:02 +0100|Rui Li|Docs: Add note that snapshot expiration and cleanup orphan files could corrupt Flink job state (#9002)
af132c7f8d0e820a3bdc23de4dd76f343c7bb399|2023-11-08 12:51:38 -0800|Jacob Marble|Spec: Clarify ns timestamps for ORC deserialization (#9007)
f00d3094a1728b60dba96fc251707dd08d8a6310|2023-11-08 16:31:28 -0800|Karuppayya|Spark 3.4: Display more read metrics on Spark SQL UI (#9009)
175a7fb7a00af30e68fd217947f5342fe337d6b8|2023-11-09 15:44:20 +0100|Eduard Tudenhoefner|Core: Use InMemoryCatalog as backend catalog (#9014)
942988744e96e8c133a7fcce267e93942ce556ec|2023-11-09 13:43:24 -0800|Anton Okolnychyi|Spark 3.5: Fix rewriting manifests for evolved unpartitioned V1 tables (#9015)
8c625dd7d21e38235d2864e081c008ef11e0fd20|2023-11-09 14:54:32 -0800|Anton Okolnychyi|Core: Support replacing delete manifests (#9000)
255986a8e7c59915ff0f2b98c9021ddbbc45e675|2023-11-09 15:30:28 -0800|Anton Okolnychyi|Spark 3.4: Use rolling manifest writers when optimizing metadata (#9019)
7cec1d97965a2823878aef17d5c54fc768e8612f|2023-11-09 16:26:11 -0800|Anton Okolnychyi|Docs: Fix Javadoc for ManifestFile (#9016)
09e6a9f7b8d733ca7a02c3933b8c88917bdb8477|2023-11-10 12:31:58 +0100|Ajantha Bhat|Spec: Fix view example (#8966)
774d0e8bc9528b057201d8e2cea31405bd49afbd|2023-11-10 19:51:28 +0100|zhaoym|Docs: `DataFrameReader` does not take parameters (#9021)
6a9c182b47476025da1cfb741cc2f581e955330b|2023-11-10 11:36:01 -0800|Huaxin Gao|Spark 3.5: Set useCommitCoordinator to false in batch writes (#9017)
13fd06d90ddc6f5c6bacf79b2c0dbe64838e7b65|2023-11-11 10:15:38 -0800|Huaxin Gao|Spark 3.5: Set useCommitCoordinator to false in streaming writes (#9027)
d7f8e91c0983048768be1cb17893a485088da937|2023-11-11 10:17:24 -0800|Huaxin Gao|Spark 3.4: Set useCommitCoordinator to false in batch writes (#9028)
fd4231f5e27c6a98bbf4ff38850e1700b7584c0a|2023-11-12 19:09:55 -0800|Anton Okolnychyi|API: Optimize equals in CharSequenceWrapper (#9035)
930750d3e21f38eb7a5ca53438279ad2a10656cf|2023-11-13 09:59:56 +0100|dependabot[bot]|Build: Bump software.amazon.awssdk:bom from 2.21.15 to 2.21.21 (#9044)
7ece5faaf839dfe8adb113b8b2fb1e94245f01cf|2023-11-13 10:00:17 +0100|dependabot[bot]|Build: Bump orc from 1.9.1 to 1.9.2 (#9045)
28a95652540515252728b90e85d00e09f5d67f31|2023-11-13 10:00:35 +0100|dependabot[bot]|Build: Bump arrow from 14.0.0 to 14.0.1 (#9043)
7f21b538f30809e77fef32fce2138d0322fa73c8|2023-11-13 10:00:52 +0100|dependabot[bot]|Build: Bump net.snowflake:snowflake-jdbc from 3.14.2 to 3.14.3 (#9039)
9476f62ff2ea1220df85376c906a46596008d42b|2023-11-13 10:09:10 +0100|dependabot[bot]|Build: Bump junit from 5.10.0 to 5.10.1 (#9037)
7ff8f264581c0878e85c360b92a79f925aad758e|2023-11-13 10:09:36 +0100|dependabot[bot]|Build: Bump com.google.cloud:libraries-bom from 26.26.0 to 26.27.0 (#9036)
fd00207cdddf179828e3fde788d3f68933fea061|2023-11-13 14:26:25 +0100|dependabot[bot]|Build: Bump org.xerial:sqlite-jdbc from 3.43.2.1 to 3.44.0.0 (#9051)
efa5945f12e85076bd665e5fa2bef53f4cf3f945|2023-11-13 23:58:05 +0100|Fokko Driesprong|Add dependabot to automatically update the site (#9004)
9cfbbdc9ef8a39bfc800a1cb7892b3900bd57be7|2023-11-14 07:58:28 +0100|dependabot[bot]|Build: Bump mkdocs-macros-plugin from 1.0.4 to 1.0.5 (#9058)
9c51427f18f37d94aaa55913de0c4b0bb1195608|2023-11-14 07:59:04 +0100|dependabot[bot]|Build: Bump datamodel-code-generator from 0.22.0 to 0.23.0 (#9054)
75ff4a99a9f72bf8735f6062d671ed088380e94e|2023-11-14 08:09:51 +0100|dependabot[bot]|Build: Bump mkdocs-material-extensions from 1.1.1 to 1.3 (#9052)
69025712b41e744304e2a7d971ccdad784e25bec|2023-11-14 09:47:44 +0100|dependabot[bot]|Build: Bump mkdocs-material from 9.1.21 to 9.4.8 (#9055)
188847428309701c2ec0debf9e94da94b39058b6|2023-11-14 10:36:30 +0100|dependabot[bot]|Build: Bump software.amazon.awssdk:bom from 2.21.21 to 2.21.22 (#9053)
fba7d612539fe978e0281e89bb351e821fd02a05|2023-11-14 18:58:25 +0100|Eduard Tudenhoefner|GCP: Use correct Guava imports (#9067)
6ec3de390d3fa6e797c6975b1eaaea41719db0fe|2023-11-14 13:09:08 -0800|pvary|Core: Enable column statistics filtering after planning (#8803)
bfe1d03c75b4a8bd2c15c925f39cdec28c312489|2023-11-15 20:52:47 -0800|zhen|Spark 3.5: Support metadata columns in staged scan (#8872)
72da856b3c9ba2da92a5aa5d8e69afdf9a3c24b0|2023-11-16 16:38:24 +0100|Tom Tanaka|Docs: Fix parquet default compression codec (#9096)
798f1c8abe3ed24a2229d4f3d1b5d7c009a7fa7e|2023-11-16 16:39:54 +0100|Robert Stupp|Azure: Allow shared-key auth for testing purposes (#9068)
ccaeb2f4d5be44b4ab177b8fb790194eff8070a5|2023-11-16 08:33:02 -0800|Anton Okolnychyi|Core: Disallow setting equality field IDs for data (#8970)
2e2ac8dfd2ab2c214444cccb0e6024e1f80b0502|2023-11-16 11:31:17 -0600|Anton Okolnychyi|Core: Fix split size calculations in file rewriters (#9069)
3d6072ad4d94ba8fb83fcecfdaa2a2a326e99e15|2023-11-16 15:41:29 -0800|Anton Okolnychyi|API: Add CharSequenceMap (#9047)
1e2a71398fb5564d1cd9f4e12b3d1acc568f8ef7|2023-11-16 16:16:15 -0800|Huaxin Gao|Parquet: Add log entry when Bloom filters are used (#9010)
17c7815d433ae075e16351f264ecf17598169dc9|2023-11-17 14:52:17 +0100|Robert Stupp|GCS: Allow no-auth for testing purposes (#9061)
abbfdae108dd342191dcc685021edbc0113fe302|2023-11-17 17:26:32 -0800|zhen|Spark 3.4, 3.3: Support metadata columns in staged scans (#9098)
e69418ae8d6d041acae0af4fe59ea3c8b8f8705f|2023-11-17 18:34:25 -0800|Anton Okolnychyi|Spark 3.5: Extend action for rewriting manifests to support deletes (#9020)
b6b5d4473f7ecbd0961caf528728ef024f70a927|2023-11-19 07:12:36 +0100|dependabot[bot]|Build: Bump datamodel-code-generator from 0.23.0 to 0.24.2 (#9109)
8c7ebeee82b59904753fb6eab61a1e28e9852ae3|2023-11-19 07:57:53 +0100|dependabot[bot]|Build: Bump openapi-spec-validator from 0.5.2 to 0.7.1 (#9057)
9e94dc85764dd1321c9782a2a0d834a9bfd84b7d|2023-11-19 10:39:06 +0100|Fokko Driesprong|Open-API: Remove pydantic pin (#9110)
573f3f30da1d9739547f8f98c4a0d61613d26412|2023-11-19 10:39:44 +0100|dependabot[bot]|Build: Bump com.fasterxml.jackson.core:jackson-annotations (#9106)
a3bf0c7e328a8d514c9918cc80cc775169d6b53b|2023-11-19 10:40:02 +0100|dependabot[bot]|Build: Bump org.testcontainers:testcontainers from 1.19.1 to 1.19.2 (#9103)
04d1a9d85e2732d885c435085e53b7fc7318379a|2023-11-19 10:40:46 +0100|dependabot[bot]|Build: Bump com.fasterxml.jackson.dataformat:jackson-dataformat-xml (#9107)
c193de9e8f6ef8195506eeebe4a3721cf9884bd9|2023-11-19 15:56:55 -0800|Amogh Jahagirdar|Spark: Fix metadata delete check with branches (#9102)
f8d21116b1990ff0f7d7960a0f41f3a807756141|2023-11-20 08:38:33 +0100|dependabot[bot]|Build: Bump software.amazon.awssdk:bom from 2.21.22 to 2.21.26 (#9105)
3f90a23c1a545a5cf091f74c3f6e96f53fe41869|2023-11-20 21:42:08 +0100|dependabot[bot]|Build: Bump mkdocs-material from 9.4.8 to 9.4.10 (#9114)
7320899deab780597c101beddc8561adde7938f4|2023-11-20 14:06:54 -0800|Amogh Jahagirdar|Spark 3.3, 3.4: Backport fix for metadata delete condition check for branches (#9115)
506cdbfd5309963d84094b58cd58a4d6c97a3cc5|2023-11-20 15:08:59 -0800|Yujiang Zhong|Spark: Add SQL config to control locality (#9101)
42614cc8d6527284cb45800b5b37e6a98c466ef6|2023-11-21 08:25:56 +0100|Anton Okolnychyi|Core: Remove synchronization from BitmapPositionDeleteIndex (#9119)
c61c3ca017aaec145f57948f0da9cb307bf45cde|2023-11-21 12:20:41 -0800|Anton Okolnychyi|Data: Always use delete index for position deletes (#9117)
229a243ddad20a725d9f7e4446ce8bb3fc2c9a53|2023-11-21 20:53:23 -0800|przemekd|Core: Lazily create LocationProvider in SerializableTable (#9029)
0831eb03b09cce2d09dd62da829323004b41f423|2023-11-23 10:40:33 +0100|pvary|Flink: Emit watermarks from the IcebergSource (#8553)
c1190990760509e40dd8e10092196a569d684f1b|2023-11-23 12:05:44 +0100|Prabhu Joseph|Docs: Remove UNIQUE keyword as it is not supported in Flink (#9046)
13fcf62b871dfec1b5ff09c1df35a5075cec328a|2023-11-23 10:12:26 -0800|Amogh Jahagirdar|Spark: Fix Fast forward before/after snapshot output for non-main branches (#8854)
c817c8503d8570ed5b8a187471e02a0895f34598|2023-11-24 06:46:39 +0100|Naveen Kumar|Hive: Refactor HiveTableOperations with common code for View. (#9011)
c427a5628be6f1b5f2c4783c36c3cf7783a1916b|2023-11-24 07:55:52 +0100|CG|Flink: Create JUnit5 version of FlinkTestBase (#9120)
b20d30ca04ddc19e440036b0c554f0b16ec61a1c|2023-11-24 12:30:04 +0100|Tom Tanaka|Spark: Create base classes for migration to JUnit5 (#9129)
10a856e0f4e6bd1653ed66a5ba232277834b9a8d|2023-11-24 17:57:04 +0100|pvary|Flink: Proper backport for #8852 (#9146)
1a073ddc47d53c005adcbb35399da6255123b652|2023-11-24 11:00:29 -0800|pvary|Flink: Backport #8803 to v1.16 and v1.15 (#9144)
f246614ed9d98f84eae13ff57768d377a95d3ced|2023-11-27 11:16:19 +0100|CG|Flink: Backport #9078 to v1.16 and v1.15 (#9151)
6fc5be738d317eb1e8a5b525f5b8e40841dee678|2023-11-27 11:24:39 -0800|Amogh Jahagirdar|API, Core: Fix naming in fastForwardBranch/replaceBranch APIs (#9134)
4e62b58f04aba4ccc2a2a846494b478d3b03f58f|2023-11-27 16:41:32 -0800|Andre Luis Anastacio|AWS, Core, Dell, Spark: Use Strings to verify null and empty string (#9090)
b21a8ce2497eb560feb9ed771a1e28ca57d1cf60|2023-11-28 10:41:38 -0800|Steven Zhen Wu|API: add StructTransform base class for PartitionKey and SortKey. add SortOrderComparators (#7798)
5fb26f8394b8b0b286aa0c7bb49426d6a21282e8|2023-11-28 22:36:43 +0100|dependabot[bot]|Build: Bump org.testcontainers:testcontainers from 1.19.2 to 1.19.3 (#9155)
5e059c1bfb664cc1880883425bfd68b2a8df3190|2023-11-28 22:59:44 +0100|pvary|Flink: Backport #8553 to v1.15, v1.16 (#9145)
d2ab70927c9509b10b858845bfac8c4ebb9acfec|2023-11-29 00:14:28 +0100|dependabot[bot]|Build: Bump nessie from 0.73.0 to 0.74.0 (#9153)
d247b20f166ccb0b92443d4b05330b1e0d9c5d49|2023-11-28 15:52:55 -0800|Anton Okolnychyi|Core: Remove deprecated code in DeleteFileIndex (#9166)
ac71ceaa8d19405da4a4018a90ade8717c2a63c8|2023-11-30 21:04:38 -0800|dependabot[bot]|Build: Bump mkdocs-material from 9.4.10 to 9.4.12 (#9159)
de2505027e82962fc7c48623c9e1a1e85a596f1b|2023-11-30 21:06:09 -0800|dependabot[bot]|Build: Bump software.amazon.awssdk:bom from 2.21.26 to 2.21.29 (#9154)
09a8ad5c391d4e1b1027a02b7e2d366d0ff56fc2|2023-12-02 13:16:07 -0800|Daniel Weeks|Core: REST HttpClient connections config (#9195)
9bd62f79f8cd973c39d14e89163cb1c707470ed2|2023-12-03 18:15:20 +0100|dependabot[bot]|Build: Bump org.apache.httpcomponents.client5:httpclient5 (#9202)
1ed1b4ba965462698ec24bd2920d29195e2acae4|2023-12-04 11:39:27 -0800|emkornfield|Spec: Clarify partition equality (#9125)
99843f03efecc3f5ef7d3e1d32aae5eff22cb315|2023-12-04 14:46:37 -0800|Andrew Sherman|Core: Expired Snapshot files in a transaction should be deleted. (#9183)
a4d47567e1fef44f4443250537f09dc73a1f7583|2023-12-05 12:03:43 +0100|Eduard Tudenhoefner|Core: Schema for a branch should return table schema (#9131)
cbd33a6f626161bd1a4f0894a9dd4d96aed1a35b|2023-12-05 13:08:48 +0100|Steven Zhen Wu|Flink: fix flaky test that might fail due to classloader check (#9216)
b4c050bc9c425b7b614058f420ba79b99db5d75f|2023-12-05 13:30:25 +0100|Li Han|Aliyun: Switch iceberg-aliyun's tests to JUnit5 (#9122)
f19643a93f5dac99bbdbc9881ef19c89d7bcd3eb|2023-12-05 08:03:47 -0800|Eduard Tudenhoefner|Core: Add View support for REST catalog (#7913)
afe4aec4db795f4829757d738a5bbcf1b7db8fd2|2023-12-05 08:14:09 -0800|Eduard Tudenhoefner|Spark: Don't allow branch_ usage with VERSION AS OF (#9219)
8519224de33b26cfd7c539ffe6f123ea66165711|2023-12-05 08:48:10 -0800|pvary|Flink: Document watermark generation feature (#9179)
68d491e6a344a0e081cc784db28dec60670d4d36|2023-12-05 18:27:27 +0100|Fokko Driesprong|Build: Bump datamodel-code-generator from 0.24.2 to 0.25.0 (#9189)
7b12a4171e9e6b7829e7a66b447fc15cada151fc|2023-12-05 18:44:06 +0100|Steven Zhen Wu|Flink: backport PR #9216 for disabling classloader check (#9226)
8b7a280a9fd0b51eb43538fbb9f6879d1c92de18|2023-12-05 18:45:02 +0100|dependabot[bot]|Build: Bump actions/setup-java from 3 to 4 (#9200)
d80d7da3d0a956e1b6aeadbe26e0cb3f3ef2fb25|2023-12-05 10:04:47 -0800|Eduard Tudenhoefner|Core: Handle IAE in default error handler (#9225)
faa8b5075cb70d1cebea54700e39f038c623f08e|2023-12-05 13:13:33 -0800|Amogh Jahagirdar|Core: Fix logic for determining set of committed files in BaseTransaction when there are no new snapshots (#9221)
8e1900dc9ab917cd97a41e7145166a8c8a4bdfc5|2023-12-05 13:48:30 -0800|Junhao Liu|Style: Replace Arrays.asList with Collections.singletonList (#9213)
367dc8b1b94fd8cbae2b5e4da5d01225e717c49b|2023-12-05 17:27:42 -0800|Amogh Jahagirdar|Core: Add comment property to ViewProperties (#9181)
a89fc4646ae5e328a2ccadb98d41b79632afcf3b|2023-12-06 09:07:46 +0100|emkornfield|Spec: Clarify how column IDs are required (#9162)
70ec4e5ead8db9bd946c44731192b47862bfdeea|2023-12-06 09:36:33 -0600|Ajantha Bhat|Spark: Bump Spark minor versions for 3.3 and 3.4 (#9187)
d69ba0568a2e07dfb5af233350ad5668d9aef134|2023-12-06 11:22:13 -0800|Eduard Tudenhoefner|Core: Introduce AssertViewUUID for REST catalog views (#8831)
e276753290dad4cefcb289b925d12d7287fbec16|2023-12-06 13:20:10 -0800|Anton Okolnychyi|Core: Fix equality in StructLikeMap (#9236)
6a9d3c77977baff4295ee2dde0150d73c8c46af1|2023-12-06 17:31:50 -0800|Anton Okolnychyi|Core: Add PartitionMap (#9194)
af9522ac7e8e25dc044622c566b66301b6df9581|2023-12-07 12:11:30 +0100|Wing Yew Poon|Docs: Document reading in Spark using branch and tag identifiers (#9238)
ea7665e788cb33507e6eb19eddd4f0c24eb92983|2023-12-07 12:34:21 +0100|Alexandre Dutra|Nessie: Reimplement namespace operations (#8857)
d9295903abbabbbed77e12476aef62ae5260663c|2023-12-07 14:21:35 +0100|Yujiang Zhong|Docs: Update default format version to 2. (#9239)
820fc3ceda386149f42db8b54e6db9171d1a3a6d|2023-12-07 11:10:22 -0800|Rodrigo Meneses|Flink: Move flink/v1.17 to flink/v1.18
b8ef64a2cd879cac284189455ab0579c5be80441|2023-12-07 11:10:22 -0800|Rodrigo Meneses|Recover flink/1.17 files from history
274390f3d65d9f48b26e3c682225d6f9edb35bce|2023-12-07 11:10:22 -0800|Rodrigo Meneses|Remove Flink 1.15
22b95dc70eb46e82a0d51fd4cfb71ad4cbdf946a|2023-12-07 11:10:22 -0800|Rodrigo Meneses|Make Flink 1.18 to work
b79a8ffce3a95e5e67a4f926ee63d165153e1c54|2023-12-07 11:33:20 -0800|HonahX|Delta: Fix integration tests and Create DataFile by partition values instead of path (#8398)
263b530502e5597b19b6b5e282917af8eede7600|2023-12-07 15:34:27 -0600|Pucheng Yang|Spark 3.5: Support Specifying spec_id in RewriteManifestProcedure (#9242)
feeaa8c73034f60f1ab55d0db763fe13fa3c229f|2023-12-08 01:22:36 -0800|Anton Okolnychyi|Spark 3.5: Rework DeleteFileIndexBenchmark (#9165)
3f5f4d924be94c6f06793a3667c8da95c52c4064|2023-12-08 09:20:26 -0600|Pucheng Yang|Spark 3.2, 3.3, 3.4: Support specifying spec_id in RewriteManifestProcedure (#9243)(#9242)
504c13428cd4ad4d343c644736b957d7f2653b37|2023-12-08 09:18:56 -0800|bknbkn|Spark 3.5: Fix testReplacePartitionField for rewriting manifests (#9250)
62a23a37758792b31e2590bd7d1aa46da1074512|2023-12-08 12:52:29 -0800|Anton Okolnychyi|Core: Fix null partitions in PartitionSet (#9248)
beb41b649c47ec8bf677127b3cba1bd9690e1aac|2023-12-08 12:57:44 -0800|Steven Zhen Wu|Flink: switch to use SortKey for data statistics (#9212)
4d0b69beba104e6912f6e6850189121fcd23ef8a|2023-12-09 09:06:32 +0100|Mason Chen|Flink: Fix IcebergSource tableloader lifecycle management in batch mode (#9173)
21522697c42cee3bedd758aa399b9530b001e30a|2023-12-09 11:12:33 -0800|Steven Wu|Flink: backport PR #9212 to 1.16 for switching to SortKey for data statistics
2c31acc8aea7b807c91623c21c7fa2d979462021|2023-12-09 11:12:33 -0800|Steven Wu|Flink: backport PR #9212 to 1.18 for switching to SortKey for data statistics
5e03d06d27dfb68dc931197533825f7992a411b7|2023-12-10 11:01:05 +0100|dependabot[bot]|Build: Bump actions/setup-python from 4 to 5 (#9266)
1b80537e821b7bf901a5b221fc3bfe53c8d87794|2023-12-10 11:01:19 +0100|dependabot[bot]|Build: Bump actions/labeler from 4 to 5 (#9264)
ec92fa33f780d48aa1f0a146428cd26e1c9bdbcc|2023-12-10 11:01:33 +0100|dependabot[bot]|Build: Bump actions/stale from 8.0.0 to 9.0.0 (#9265)
06894dbc5407b59e07aae9c56ebd904bb5388cf5|2023-12-10 11:04:13 +0100|dependabot[bot]|Build: Bump mkdocs-material from 9.4.12 to 9.5.1 (#9256)
d3deeecd8133e8effc0eb59562808a6b7b7279d3|2023-12-10 11:04:45 +0100|dependabot[bot]|Build: Bump net.snowflake:snowflake-jdbc from 3.14.3 to 3.14.4 (#9257)
ce9186f6bc5dc1fdcce96775898e4b3f9e769ded|2023-12-10 11:05:03 +0100|dependabot[bot]|Build: Bump software.amazon.awssdk:bom from 2.21.29 to 2.21.42 (#9259)
0331aba1a3ea5853d320b3244bb096fc9eebdc55|2023-12-10 11:05:20 +0100|dependabot[bot]|Build: Bump com.google.cloud:libraries-bom from 26.27.0 to 26.28.0 (#9258)
7d06af33ff787c86e0edf14856b6873021e8ea45|2023-12-10 13:52:07 -0800|Eduard Tudenhoefner|Core: Improve view/table detection when replacing a table/view (#9012)
4090a8860061f58748e3faa6804094f90d3575f3|2023-12-10 13:57:32 -0800|Eduard Tudenhoefner|Core: Add REST catalog table session cache (#8920)
61cf766c4301b44fd077ee5487b4f605f54905cb|2023-12-11 08:49:27 +0100|dependabot[bot]|Build: Bump datamodel-code-generator from 0.24.2 to 0.25.1 (#9199)
1b953050958f7df9d299f00f76465e2336336c9f|2023-12-11 08:50:04 +0100|Ajantha Bhat|Revert "Build: Bump actions/labeler from 4 to 5 (#9264)" (#9271)
492018902cd044adb8bdc312f01d70a4a63cdcc0|2023-12-11 09:13:52 +0100|Fokko Driesprong|Open-API: Refactor updates with discriminator (#9240)
f21199d002c6ad008a6772783b4fdad622c09b59|2023-12-11 09:50:47 +0100|L S Chetan Rao|MR: Migrate tests to JUnit5 (#9241)
b309d9babea9bd58e54f9c8597a8853379751c2b|2023-12-12 09:21:52 +0100|Ajantha Bhat|Nessie: Support views for NessieCatalog (#8909)
0c5b87a27e0564ddaae2fa1cb93c32dd7a5e8681|2023-12-12 10:17:08 +0100|Anton Okolnychyi|Data: Add GenericFileWriterFactory (#9267)
09b44bb66f4b56bb093a070dec9fcedea98d67ab|2023-12-12 15:09:14 +0100|Naveen Kumar|Hive: Introduce HiveMetastoreExtension for Hive tests (#9282)
36ecab4601b34114224e10b579eaee9018e57344|2023-12-12 10:07:46 -0800|Ryan Blue|Core: Add StandardEncryptionManager (#9277)
d631e2c3858b29c79acf00406a851590031acabd|2023-12-13 08:49:15 +0100|Anton Okolnychyi|Core, Spark: Avoid manifest copies when importing data to V2 tables (#8962)
3112ec91617ef080604f47ac92c255b517458522|2023-12-13 08:59:25 +0100|dependabot[bot]|Build: Bump org.apache.httpcomponents.client5:httpclient5 (#9260)
60876e4a925537780fc2198a21fbf26dd8598d36|2023-12-13 09:41:16 +0100|Eduard Tudenhoefner|Hive: Make HiveMetastoreExtension configurable (#9288)
7240752e18278b3454be141c2e4b121079004d8b|2023-12-13 09:48:29 +0100|Pucheng Yang|Docs: Add spec-id for rewrite manifests (#9253)
11608e10245875ca2972c1dba1c92182c16ec887|2023-12-13 10:42:24 -0800|ismail simsek|JDBC Catalog: Fix namespaceExists check with special characters (#8340)
46df2ce069dd03bfb81004d663c9000416896426|2023-12-14 09:17:36 +0100|Daniel Weeks|API: Restore RuntimeIOException for use (#5640)
c6bbbdbc11d42713c86dd52185f577b81d946963|2023-12-14 10:56:53 +0100|Ajantha Bhat|Spark: Remove support for Spark 3.2 (#9295)
5e62e478d8eda41fc46f441717e4a43e33f2cba1|2023-12-14 11:32:02 +0100|Manu Zhang|Spark: Fix flaky tests which concurrently modify HashSet (#9294)
7a421206d54fcf39d99bd41c3ab25a89051ed028|2023-12-14 17:02:42 +0100|Ron Korving|Docs: Update readme status paragraph (#9272)
09290c58c5257078641367a76fa3c12aaf1ebc9b|2023-12-14 17:11:19 +0100|Ajantha Bhat|Core: Remove deprecated classes related to rewrite data files (#9296)
5487c17474f5ed2b507af369e3540fcd46aff9e2|2023-12-14 17:22:04 +0100|Naveen Kumar|Hive: Refactor TestHiveCatalog tests to use CatalogTests (#8918)
8572c56e8dce17b9cc3d7ee05a61fdcc8b707021|2023-12-14 17:38:13 +0100|Eduard Tudenhoefner|API, Core: Move SQLViewRepresentation to API (#9302)
d56dd63f8e26fe08025933f33176599703013844|2023-12-14 15:32:21 -0800|Rodrigo|Doc: Adding documentation for flink iceberg connector for version 1.18 (#9304)
8181f84c96e6ebc66910e3c74c1d1b91fe28f01c|2023-12-15 12:58:35 -0800|Amogh Jahagirdar|API, Core: Add sqlFor API to views to handle resolving a representation for a dialect(#9247)
d6a4ca7a33b7be3426ed119b1fb1529a160613eb|2023-12-16 09:15:35 +0100|Anton Okolnychyi|API: Fix equals and hashCode in CharSequenceSet (#9245)
395e01e65d88953ced40a24bc4f53094f1a29a77|2023-12-16 10:03:53 -0800|Amogh Jahagirdar|Core: Make sqlFor case insensitive for dialect check (#9311)
24578a28fe69db96da460ac49eeb1a60fee7b8c7|2023-12-16 10:48:55 -0800|Ajantha Bhat|Core: Fix metadata table uuid to return a consistent UUID for the same reference (#9310)
9342f64a713ed4a1c540046ae5db91b3ac86ac02|2023-12-18 09:13:21 +0100|pvary|Flink: Fix TestIcebergSourceWithWatermarkExtractor flakiness (#9309)
ad3cf9d813e943f5f82a312ba028d7bf31d7b033|2023-12-18 20:49:47 +0100|Anton Okolnychyi|Core: Look up targeted position deletes by path (#9251)
6e21bbf4c4cd2c8351a64636f91d05d00492dff2|2023-12-18 21:05:01 +0100|Ajantha Bhat|API, Core: Track partition statistics in TableMetadata (#8502)
d6eba2a2b6ecf76dc11910d88febca6c4833338d|2023-12-18 14:19:26 -0800|Jason|Core: Fix missing files from transaction retries with conflicting manifest merges (#9230)
b1bf4168c481fe44b98ac6e425d7b15c02b44464|2023-12-19 07:19:03 +0100|Mason Chen|Flink: port #9173 to v1.16 and v1.18 (#9334)
97666096e8ad3fb46d23ab8c868197be08353c67|2023-12-19 08:21:24 +0100|Wing Yew Poon|Spark: Add tests for SELECT using tag/branch prefix identifier (#9286)
5fce7ecaa3094c19d86e9243cf0d2f0d8537c65f|2023-12-19 08:58:12 +0100|gabry.wu|Core: Shutdown scheduler in Lock manager (#9150)
892e47cd329b271517dd6ac5cf6b2591092b1146|2023-12-19 11:18:57 +0100|Gianluca Principini|API: Support parameterized tests at class-level with JUnit5 (#9161)
838787e296b502740470ce70f68bb27af4210121|2023-12-19 12:53:04 +0100|dependabot[bot]|Build: Bump nessie from 0.74.0 to 0.75.0 (#9313)
c2018f894920ff6c50190c2b4ee113a4b10fb15a|2023-12-19 07:13:58 -0800|Reetika|Forward properties in HadoopCatalog initialization to the default HadoopFileIO (#9283)
980733c2e1eb10b6e0d2ac6643490a827c806c28|2023-12-19 18:05:17 +0100|Eduard Tudenhoefner|Spark 3.5: Remove UnresolvedIcebergTable (#9338)
a83bfe72ccc18ec6f22621630b6dbabaf4648064|2023-12-19 12:59:32 -0800|ggershinsky|Spec: Clarify file length handling for AES GCM streams (#9136)
c340915b054b8b1ae1e03a2a5f0214a0d8853c7a|2023-12-21 08:27:39 +0100|Fokko Driesprong|Core: Fix missing delete files from transaction (#9354)
2eea697297a4c724a950a4bdc9dd29822ea90d8c|2023-12-21 08:32:33 +0100|pvary|Flink: Empty implementation for pauseOrResumeSplits to prevent UnsupportedOperationException (#9308)
a654bf920a24ece5026309d4e26f9c71b5136bc5|2023-12-21 08:07:37 -0800|Sung Yun|Add Description on Using a Separate Authorization Server (#8998)
bfa8006e57db8758d49f31d4ba7b06a8e924e163|2023-12-21 13:01:35 -0800|Tom Tanaka|Docs: Fix incorrect set_current_snapshot procedure argument (#9360)
3d53060e2868da4bb9eb939e6f492e6fbcc9688d|2023-12-22 08:37:04 +0100|Chinmay Bhat|Spark 3.5: Migrate tests to JUnit5 in data directory (#9341)
a077a2be318b6b21c849ba7754987604c728715b|2023-12-22 14:35:59 +0100|panbingkun|Spark: Fix AddFilesProcedure error message when no partitions are found (#9357)
58d3ad39d5978ec9a2e14fea668c2832edc44e32|2023-12-22 17:08:40 +0100|Chinmay Bhat|Spark 3:5 Migrate tests to JUnit5 in source directory (#9342)
4f6c5fc6403de9a4843f54b58fcd371e1e206873|2023-12-22 14:02:39 -0800|Ryan Blue|Core: Add ApplyNameMapping for Avro (#9347)
19b24b3f6f2e08bc95e929e75ea218eff90b5a87|2023-12-22 15:28:15 -0800|Walaa Eldin Moustafa|Avro: Add Avro-assisted name mapping (#7392)
23fc3a36eba76b3b0325c62f0d9c07ed4af923f9|2023-12-24 06:43:22 +0100|dependabot[bot]|Build: Bump datamodel-code-generator from 0.25.1 to 0.25.2 (#9377)
1fb47316fedd81449c5df69a5be7cbf8075877ac|2023-12-24 09:17:26 +0100|dependabot[bot]|Build: Bump mkdocs-material from 9.5.1 to 9.5.3 (#9376)
c83308c118370c079815dc155c3998b4df49c07c|2023-12-24 11:08:08 +0100|dependabot[bot]|Build: Bump guava from 32.1.3-jre to 33.0.0-jre (#9373)
c8fc591cba1dbdc8ba24f8f04071e93fe7802390|2023-12-24 11:08:58 +0100|dependabot[bot]|Build: Bump arrow from 14.0.1 to 14.0.2 (#9372)
226a23f516bea97c1cab52a7ce2213844ca12c63|2023-12-24 15:09:18 +0100|Eduard Tudenhoefner|Spark 3.5: Remove constructor from parameterized base class (#9368)
6f4e33ec222299efc19f1bb75e782f058f5d1131|2023-12-24 19:56:00 +0100|Anton Okolnychyi|Core: Use CharSequenceMap for writing unordered deletes (#9365)
197b61e756155b95f6c889e7718bf1c2af70af7f|2023-12-25 12:52:48 +0100|Irshad CC|Core: Optimize manifest evaluation for super wide tables (#9147)
cbb50bfa5ad8cd490e991ff4e1d7bf7c025e3d5d|2023-12-25 08:26:52 -0800|Amogh Jahagirdar|Core: Remove unused sourceTransform in private method (#9379)
6c344dbbbe0fc1e373f588a1bbc4c64029cc7f8c|2023-12-26 11:46:47 +0100|vinitpatni|Flink: Create CatalogTestBase for migration to JUnit5 (#9364)
22d4e7836ac0bb47bed627e7c773d44105b8f0f8|2023-12-28 07:52:21 -0800|Manu Zhang|Spark 3.5: Parallelize reading files in add_files procedure (#9274)
a8f468d6ddd0e031d41f7d07ae710511f96cbf36|2023-12-29 10:52:25 +0100|Chinmay Bhat|Spark 3.5: Migrate tests to JUnit5 in actions directory (#9367)
604422b056efee145f69944c39b4d99787dfd9f1|2024-01-01 11:03:41 -0800|Ryan Blue|Core: Refactor internal Avro reader to resolve schemas directly (#9366)
7ebb241232e7a88f30257fa657f44cfe268c8a95|2024-01-02 10:24:32 -0600|Xianyang Liu|Core, Spark: Correct the delete record count for PartitionTable (#9389)
580e7021ab4701764c3fcfd6c3e5e8f73f405992|2024-01-02 08:41:22 -0800|Amogh Jahagirdar|Spark 3.5: Fix clobbering of files across streaming epochs when query ID is reused (#9255)
ad423142c4d3d41b9423026cd99f8ecf1156a24b|2024-01-02 12:52:59 -0800|Amogh Jahagirdar|Spark 3.3, 3.4: Fix file clobbering when Spark reuses query IDs (#9255) (#9399)
e7999a194dc0f32fba8fb515c9108764ed6ba6b5|2024-01-02 22:26:59 +0100|Anton Okolnychyi|Core, Data, Spark 3.5: Support file and partition delete granularity (#9384)
38eb1b18b069d855269ecfe26fe351b79116139b|2024-01-03 09:11:46 +0100|Robert Stupp|Build: Bump Nessie to 0.76.0 (#9398)
8c7001eb462a69641b3f0546b7efeddb63e501be|2024-01-03 17:53:34 +0100|pvary|Flink: Backport #9308 to v1.17 and the relevant parts to v1.16 (#9403)
c19318e6865f21c117ddb67df23da80984b52b44|2024-01-03 15:16:34 -0800|Amogh Jahagirdar|API: Fix Javadoc on UpdateSchema#updateColumnDoc (#9405)
3aa0fcd7cd3e0d1836395ca02ba473da71154fe4|2024-01-03 18:12:08 -0800|Hongyue/Steve Zhang|Core: Remove statistics files in CatalogUtil:dropTableData (#9305)
be4e7d20874d6576ac5a4fd516c815b2548181f7|2024-01-03 18:54:17 -0800|Fokko Driesprong|JMH: Improvements to `jmh.gradle` (#9390)
27e8c421358378bd80bed8b328d5b69e884b7484|2024-01-04 08:40:23 +0100|Manu Zhang|Docs: CREATE TABLE LIKE is not supported in Spark DDL (#9358)
4ccc29bc2f7115f372baa5c6ea04fafb41db8888|2024-01-04 13:46:44 +0100|panbingkun|Build: Bump actions/labeler from 4 to 5 (#9331)
6d75e7a76ad3aeac702e0e5f62267da141907606|2024-01-04 15:27:26 +0100|Manu Zhang|Flink: Disable classloader check in TestIcebergSourceWithWatermarkExtractor to fix flakiness (#9408)
1a9c3f78f5e2d0b831aadd4636eeb70975463e78|2024-01-04 08:38:18 -0800|Eduard Tudenhoefner|Spark: Add support for reading Iceberg views (#9340)
1288eb8e33304e2c5dbf7ea78de9f51f422cfad1|2024-01-04 08:55:11 -0800|ggershinsky|Core, Spark, Flink, Data: Deliver key metadata for encryption of data files (#9359)
996cd5b53a667fd0a5e6f58b94beae531fad038e|2024-01-04 11:38:38 -0800|Adnan Hemani|AWS: Add S3 Access Grants Integration (#9385)
b7e3e21bbb53814c3f7418ba55de0c1d5eea57dd|2024-01-04 13:27:57 -0800|Ajantha Bhat|Core: Remove partition statistics files during purge table (#9409)
12b3ccdd008545dc6c9b3c4fc1a4ea15aaa385a8|2024-01-05 12:59:07 +0100|dependabot[bot]|Build: Bump com.google.errorprone:error_prone_annotations (#9369)
0bf2602a7a79ca9d525832f1e72c99b053d6b2af|2024-01-05 13:04:01 +0100|CG|Flink 1.17: Create JUnit5 version of TestFlinkScan (#9185)
c416c298943c9c21928e71f37662b8ffbe11b56b|2024-01-05 13:12:25 +0100|Ajantha Bhat|Nessie: Strip trailing slash for warehouse location (#9415)
460282433756620310fd346e519b18b74a745305|2024-01-05 17:18:20 +0100|Chinmay Bhat|Spark 3.5: Migrate tests to JUnit5  (#9417)
2101ac2e5528049688d4ce3ea2b4db861ea3c78b|2024-01-05 08:21:31 -0800|Eduard Tudenhoefner|Spark 3.4: Add support for reading Iceberg views (#9422)
12f6d0d0a35522915f5a8da73973403fe12cb01c|2024-01-08 09:51:52 +0100|dependabot[bot]|Build: Bump org.assertj:assertj-core from 3.24.2 to 3.25.1 (#9427)
4a996783697faa1c0bd6b4fc6ceb97260f6aeb7a|2024-01-08 11:08:07 +0100|Manu Zhang|Parquet: Support reading INT96 column in row group filter (#8988)
c87a53aab9222c4345955854795dc40b5c884bd4|2024-01-08 04:19:08 -0800|dependabot[bot]|Build: Bump mkdocs-monorepo-plugin from 1.0.5 to 1.1.0 (#9430)
be155d70ce1707cc9e70717373986620c2df5345|2024-01-08 04:19:53 -0800|dependabot[bot]|Build: Bump com.google.errorprone:error_prone_annotations (#9429)
13e1965af44a652d634c54ffe3e2d3739a40eceb|2024-01-08 11:40:29 -0800|Fokko Driesprong|Parquet: Move to ValueReader generation to a visitor (#9063)
e16bfcffc9c1d57bbe331aa9d545919711a9dd6f|2024-01-08 21:14:06 +0100|Eduard Tudenhoefner|Core: Add JUnit5 version of TableTestBase (#9424)
3e47855c2a7bccdaff9e9b25056621d03f6110a9|2024-01-08 16:39:21 -0800|dependabot[bot]|Build: Bump software.amazon.awssdk:bom from 2.21.42 to 2.22.12 (#9426)
bc6b6e65ee221fc4c4f7f72d3585b768f7beeecb|2024-01-08 16:44:08 -0800|dependabot[bot]|Build: Bump com.fasterxml.jackson.dataformat:jackson-dataformat-xml (#9395)
d9498a00dd1d3f0a5468b4b7c7da84750a7636f1|2024-01-09 07:04:59 -0800|Brian Olsen|Shift site build to use monorepo and gh-pages
9bd5deccddf63537fb1e34788e7c16c3f1fda6da|2024-01-09 07:04:59 -0800|Brian Olsen|Established structured folders to customize MkDocs Material to an Iceberg look and feel
4d34398cfd32465222f55df522fcd5a2db59c92c|2024-01-09 18:22:29 +0100|Rodrigo|Flink: Watermark read options (#9346)
c6a772618d91f20820015cd7ec5cf6cdea454acd|2024-01-10 06:05:03 -0800|Ajantha Bhat|API, Core: Fix errorprone warnings (#9419)
d1a3c104501d2f4bd1fb46cdefb0073d8fa3a227|2024-01-10 06:07:38 -0800|Bryan Keller|Kafka Connect: Initial project setup and event data structures (#8701)
53a1c8671dd1b9b93f4a857230008c812d79ddbf|2024-01-10 17:05:08 +0100|Chinmay Bhat|Spark 3.5: Migrate tests in SQL directory to JUnit5 (#9401)
211f5d550b1d505d0c2da1e190551919448e0605|2024-01-11 16:20:50 -0800|ggershinsky|Spark 3.5: Support encrypted output files (#9435)
8109e420e6d563a73e17ff23c321f1a48a2b976d|2024-01-13 07:15:55 +0100|Rodrigo|Backporting Flink: Watermark Read Options to 1.17 and 1.16 (#9456)
850cd5c3bcaac86b392d8ab9fa586f355f6e2d76|2024-01-13 15:04:45 +0100|vinitpatni|Flink: Migrate subclasses of FlinkCatalogTestBase to JUnit5 (#9381)
a3d87e2368e56a33d7284f83c7ae64ea462c66d8|2024-01-13 15:11:10 +0100|Chinmay Bhat|Spark 3.5: Migrate remaining tests in source directory to JUnit5 (#9380)
e76988b1aa29c3cffca64dc36ccebbfb1c670561|2024-01-14 13:29:59 -0800|ggershinsky|Core: Minor updates to AES GCM streams (#9453)
16ac3edd236024961e3c68ed245d411c0769c120|2024-01-15 09:14:10 +0100|dependabot[bot]|Build: Bump actions/checkout from 3 to 4 (#9474)
4b6f5b7b87deaad8fa8999f604265d96ca7122d2|2024-01-15 09:14:58 +0100|dependabot[bot]|Build: Bump software.amazon.awssdk:bom from 2.22.12 to 2.23.2 (#9471)
5a1b0d1802e17f92df7c7e98e1e4e7c1486bd37c|2024-01-15 09:15:17 +0100|dependabot[bot]|Build: Bump nessie from 0.76.0 to 0.76.2 (#9467)
23e17ce665031557f4fc918e2fcff9c18904dfb1|2024-01-15 14:49:08 +0100|Ajantha Bhat|Nessie: Add table() and view() API to NessieIcebergClient (#9477)
bc7e56c2e5e9c5a3b97e599ab518c77d65014db9|2024-01-15 14:51:03 +0100|Chinmay Bhat|Spark, Flink: Migrate DeleteReadTests and its subclasses to JUnit5 (#9382)
8018ab844bd58dfc5fce585c0db507f606aff4a0|2024-01-16 08:51:59 +0100|Ajantha Bhat|Nessie: Infer default API version from URI (#9459)
ea30d363e077763524c2f943ff1b1c5fe65eb295|2024-01-16 09:49:43 +0100|Chinmay Bhat|Core, Spark: Migrate tests that depend on ScanTestBase to JUnit5 (#9416)
13e108b370716f1589f7df1177ac3c88415ddbf9|2024-01-16 09:52:22 +0100|Robert Stupp|Build: Add `iceberg-bom` artifact (#8065)
a60ee5d6833c648ddc7d3d0d7f52f6c705e48d63|2024-01-16 11:42:25 +0100|Eduard Tudenhoefner|Spark: Support renaming views (#9343)
581e03713c2b397c2416899fdf1e433540aca3d3|2024-01-16 11:47:12 +0100|Eduard Tudenhoefner|Flink 1.18: Create JUnit5 version of TestFlinkScan (#9480)
2cda2b9a4c975e40d102d6c3e734cebb186e393a|2024-01-16 12:39:44 +0100|Eduard Tudenhoefner|Spark: Support dropping Views (#9421)
8845bf49f343eb4c1e8da9b54351d9b02e97269f|2024-01-16 12:54:49 +0100|dependabot[bot]|Build: Bump actions/setup-python from 4 to 5 (#9473)
fac03ea3c0d8555d85b1e85c8e9f6ce178bc4e9b|2024-01-16 17:35:07 +0100|Eduard Tudenhoefner|Flink 1.16: Create JUnit5 version of TestFlinkScan (#9482)
7dd01a367b220843773c730363d82091fb42d9e2|2024-01-16 18:02:05 +0100|Ryan Blue|Parquet: Deprecate readSupport and callInit in ReadBuilder (#9325)
13d2160bd00e08e1e700a980f2a3e64017211bb8|2024-01-16 09:23:54 -0800|pvary|Flink: Remove reading of the data files to fix flakiness (#9451)
bb50ab97d377476bfa3a743448e4afabe619e764|2024-01-16 09:55:06 -0800|ggershinsky|Core: Support Avro file encryption with AES GCM streams (#9436)
684f7a767c2c216a402b60b73d2d55ef605921a0|2024-01-16 10:21:26 -0800|Anton Okolnychyi|Core, Spark 3.5: Read deletes in parallel and cache them on executors (#8755)
36841521137713d3962bb08a5d5df6490c8ac466|2024-01-16 10:26:22 -0800|Manu Zhang|Docs: Enhance documentation on identifier fields (#9478)
31d18f51b9e8590f7ca316463b080bd1153e8f9e|2024-01-16 12:51:50 -0800|Rodrigo|Flink: Upgrade Flink version from 1.18 to 1.18.1 (#9486)
1da80552c06e749f2b6103f0ab0a184bb77a841c|2024-01-17 11:14:21 +0100|Naveen Kumar|Hive: Unwrap RuntimeException for Hive TException with alter table (#9432)
5fce05e8c34b8eb79c2cfe54bdefdaadd0004907|2024-01-17 11:22:21 +0100|oneonestar|Update iceberg_bug_report.yml to 1.4.3 (#9491)
b3273276fa4bac384b2429b7218fd18b242beefe|2024-01-17 11:37:08 +0100|Manu Zhang|Infra: Check stale issues in ascending order (#9489)
99958d96ea97b05e8605db205f94bd777e88f195|2024-01-17 13:16:34 +0100|Ajantha Bhat|Build: Bump minor version for Spark-3.3 (#9492)
fe004c5bfe26a7bfbb3d7b400dc4376420168c58|2024-01-17 14:50:02 +0100|pvary|Docs: Fix typo in tag reading example (#9496)
66b1aa662761606d4d68d99371c62505e7ac2f1e|2024-01-17 14:52:46 +0100|Fokko Driesprong|Set `ghp_path` to `/` (#9493)
d4056530d27864adb6cf141d85c81adde46c7b28|2024-01-17 13:02:47 -0800|N-o-Z|Core: Fix lock acquisition logic in HadoopTableOperations rename (#9498)
2eafdb5bfa834e76d840a0ec65483552d4847a10|2024-01-17 15:47:42 -0800|Brian "bits" Olsen|Docs: Fix community link (#9500)
2446cee5cf0ad93a2be9a68f0b2f7f6fa6edb865|2024-01-18 08:31:40 +0100|big face cat|Core: Close the MetricsReporter when Catalog is closed (#9353)
97a9a082c1c5e76280dc391f25b17a25f949219b|2024-01-18 12:25:34 +0100|JB Onofré|Build: Upgrade to Apache RAT 0.16, scanning hidden directories and adding missing ASF header (#9495)
5963b0a5c2b3efc6a925b4d3a3cc683a76c88b7e|2024-01-18 15:06:19 +0100|Eduard Tudenhoefner|Spark 3.4: Support dropping views (#9508)
6e7702dabca4e037bb1ab434d6f4a8332af589bc|2024-01-18 08:10:49 -0800|Ajantha Bhat|Core: Remove deprecated operations method from BaseMetadataTable (#9298)
057f8877136276b3a0c8c01551f733e804fc42a3|2024-01-18 17:40:34 +0100|Manu Zhang|Docs, Spark: Distribution mode not respected for CTAS/RTAS before 3.5.0 (#9439)
b6cefe5e1444645b2d29010be3167161e2aa093a|2024-01-18 10:49:05 -0800|Eduard Tudenhoefner|Build: Define strict version for Flink / Jackson / Hive2 / Tez 0.8 (#9484)
02836eaac8c8cd18f9998d0ae4411b09d3649e1a|2024-01-18 11:10:53 -0800|Ajantha Bhat|Spark: Ensure partition stats files are considered for GC procedures (#9284)
008d1731cb0d9c2dfbcab640633651dc920953ea|2024-01-18 11:35:48 -0800|advancedxy|Spark 3.5: Propagate snapshot properties in compaction (#9449)
1e3b38eb73804e7901e2382c6fdb0dd3d3a77eda|2024-01-19 08:02:01 +0100|Ajantha Bhat|Spark: backport #8656 and update docs (#9512)
78140123790450066ec15690477b62883d7d182e|2024-01-19 08:03:02 +0100|Ajantha Bhat|Update doap.rdf (#9507)
fbea7078064039bb7bd89c54fdbd61efff857feb|2024-01-19 08:07:07 +0100|Manu Zhang|Spark: Fix flaky TestSparkReaderDeletes tests due to metric not found (#9445)
cd0f30e533ad25cc6736dc3cbde26181d32353a9|2024-01-19 11:05:05 +0100|Brian "bits" Olsen|Update deploy script and add 1.4.3 updates (#9519)
e9f26b13f417cb48da83791b700433149f608e5d|2024-01-19 12:09:27 +0100|dependabot[bot]|Build: Bump actions/upload-artifact from 3 to 4 (#9319)
b1db17dcf75b8f77e44c32908bcf385eb1990431|2024-01-19 09:34:01 -0800|Eduard Tudenhoefner|Core: Mark NoSuchViewException as CleanableFailure (#9516)
e32df0ce08086758c44e9174c582638068244073|2024-01-19 22:14:26 +0100|Brian "bits" Olsen|Init git credentials in site-ci (#9525)
77ee577a84e49f6e1b103b3f60f585c7b4e46338|2024-01-21 18:25:43 -0800|Wang Tao|Docs: Correct spelling of gauge (#9543)
d740347343a4e03d747aeedc307c5d505415707c|2024-01-22 08:32:40 +0100|dependabot[bot]|Build: Bump nessie from 0.76.2 to 0.76.3 (#9537)
a847921487c29d275a4bfb2e1e8d01840e790933|2024-01-22 08:35:34 +0100|Manu Zhang|Infra: Increase operations-per-run in stale action to 100 (#9529)
3466ae02ee48a7fe6d4d315cb40c6359f5c0fabb|2024-01-22 08:40:03 +0100|Amogh Jahagirdar|Core: Cleanup assertion messages in partition spec tests (#9528)
556b79893c4cf760f031258f0d8ae657e42b4443|2024-01-22 08:41:22 +0100|Ajantha Bhat|Arrow, AWS, Core: Remove deprecated code for 1.5.0 release (#9505)
26efa7a3e62866c253a4a4935f14f00dd19211d8|2024-01-22 09:21:57 -0800|Eduard Tudenhoefner|Revert "Build: Bump org.apache.httpcomponents.client5:httpclient5 (#9260)" (#9544)
0f509d2d678db2d7322dafded58ec0ca6d7fb268|2024-01-22 10:00:21 -0800|Ryan Blue|Parquet: Add system config for unsafe Parquet ID fallback. (#9324)
70b7aa534b2c79ccd7b6c0e0fd1be980772bb20a|2024-01-22 14:56:43 -0800|Amogh Jahagirdar|API, Core, Spark: Change behavior of fastForward/replace to create the from branch if it does not exist (#9196)
18a9ca7624159e12437ddd540a9726f5ac5f4b35|2024-01-23 07:58:26 +0100|Ajantha Bhat|Build: Fix errorprone warning (#9531)
20ff1ab33d2e032feb845eb2609bd6eb2c154f2d|2024-01-23 07:58:53 +0100|dependabot[bot]|Build: Bump actions/cache from 3 to 4 (#9532)
3d66e9dd5cc9473447ad3416aeb2c5957992adea|2024-01-24 08:20:15 +0100|Manu Zhang|Spark 3.4, 3.5: Enable drop table with purge in tests (#9548)
fd1cf49280bde07d67c6bc1a6ec60238e1e38f7f|2024-01-24 08:23:38 +0100|Fokko Driesprong|Build: Don't run CI's on unrelated changes (#9526)
200b9c16b6f8d5fecb15556c8804e5dd521aedf6|2024-01-26 02:33:41 +0800|advancedxy|Spec: Add multi-arg transform (#8579)
17757276928e87e78314b6c19c8b3ebad9612619|2024-01-25 10:45:57 -0800|Alok Thatikunta|AWS: Update S3FileIO test to run when CLIENT_FACTORY is not set (#9541)
83408f88830b6e9276095dd8ff6606d6a8037946|2024-01-25 16:45:40 -0800|Levani Kokhreidze|AWS: Support setting description for Glue table (#9530)
3f6e377a1e994714bfc41c75d9aec7bdb85c95a9|2024-01-26 07:44:01 -0800|Eduard Tudenhoefner|Spark: Support creating views via SQL (#9423)
6852278d6cf01bec2998be954d7bd6f6cc37cc94|2024-01-26 21:30:27 +0100|cccs-jc|Core: `streaming-skip-overwrite-snapshots` only skips (#8980)
f901ad20583f7dcf6801eba41e7beb4391e89b63|2024-01-29 09:07:58 +0100|JB Onofré|Build/Release: Upgrade to RAT 0.16.1 (#9579)
fe422919074eca69ab45e3dbe5fd9fa48dbf3245|2024-01-29 09:08:38 +0100|dependabot[bot]|Build: Bump org.assertj:assertj-core from 3.25.1 to 3.25.2 (#9576)
54756b6f5c653be2ab271bfbe262e77109bf9608|2024-01-29 09:09:51 +0100|dependabot[bot]|Build: Bump org.apache.httpcomponents.client5:httpclient5 (#9572)
10ee51630ff4925b655c0379f7929faea08c7329|2024-01-29 11:39:20 -0800|Eduard Tudenhoefner|Spark 3.4: Support creating views via SQL (#9580)
3be1939afc01c5032590cf31074389bc1b320141|2024-01-29 17:14:34 -0800|Rodrigo|Flink: Adds the ability to read from a branch on the Flink Iceberg Source (#9547)
e5dc5ec9675950ae763b1c5813c2e9e8daa2769a|2024-01-30 09:22:37 +0100|Mason Chen|Flink: Implement enumerator metrics for pending splits, pending records, and split discovery (#9524)
adec50c01ac7d8dfc2c72003305425c4a68f300e|2024-01-30 17:57:45 +0100|Brian "bits" Olsen|Move nightly versioned docs to top-level docs directory (#9578)
d295a45f07ea9af37aabd1afacd64755d0e84f82|2024-01-30 09:18:03 -0800|Amogh Jahagirdar|Spark 3.4: Fix writing of default values in CoW for rows with NULL columns which are unmatched (#9556)
2af18b318e57f4a8c254342828dc7ade5fa6e308|2024-01-30 09:54:48 -0800|Eduard Tudenhoefner|Spark: Rewrite identifier when using Subquery expressions in View (#9587)
7f5e33dd03bd7db817def57b9c91e759be906491|2024-01-30 09:57:01 -0800|dependabot[bot]|Build: Bump software.amazon.s3.accessgrants:aws-s3-accessgrants-java-plugin (#9575)
8b429a286db27130116c3cdbb9501e2cb0bf3b91|2024-01-30 10:01:06 -0800|dependabot[bot]|Build: Bump software.amazon.awssdk:bom from 2.23.2 to 2.23.12 (#9573)
ac46000fcabe6b4d8e46cd1b4027db567ec443d3|2024-01-30 10:58:01 -0800|Brian "bits" Olsen|Docs: Update ASF site to deploy from this repository (#9520)
a25f77d1cd04204efd2bc3ccea5d62f0d34b0d90|2024-01-30 12:30:27 -0800|Brian "bits" Olsen|Revert "Move nightly versioned docs to top-level docs directory (#9578)" (#9589)
f8866bf38e9997dfdea454f3a19c036831277e55|2024-01-30 19:12:17 -0800|Anton Okolnychyi|Spark 3.5: Fix flaky TestSparkExecutorCache (#9583)
d5a9d34edc5fd944f5c45b9667ddcd8eab33fe37|2024-01-31 10:04:08 +0100|Eduard Tudenhoefner|Spark: Add support for describing/showing views (#9513)
0536ff39896f70afb77d3670894369c2d177980a|2024-01-31 10:30:02 +0100|Eduard Tudenhoefner|Spark 3.4: Rewrite identifier when using Subquery expressions in View (#9594)
8138671ab1e5998b70c4b26806380c5b39740d63|2024-01-31 12:52:37 +0100|Eduard Tudenhoefner|Spark 3.4: Add support for describing/showing views (#9595)
26d62c06bce6f50d46f51860f0014bba2f9538d2|2024-01-31 14:11:20 +0100|Geoffrey Jacoby|Flink: Added error handling and default logic for Flink version detection (#9452)
9de693f1e7f46024f47cdc971d8603fd76d87705|2024-01-31 09:29:43 -0800|Amogh Jahagirdar|API, Spark: Fix aggregation pushdown on struct fields (#9176)
974bde343f324988c5d9095b9f65d7a101d9f7c7|2024-02-01 08:46:49 +0100|Marc Cenac|Open-API: Add table updates for statistics (#9564)
61532a042adcd2c916b62ace533129e9e7ad3128|2024-02-01 09:07:56 +0100|Rodrigo|Flink: Backport #9364 to 1.16 and 1.17 for Create CatalogTestBase for migration to JUnit5 (#9601)
9c8e9ba67f41797ded61c11fa90af2d8df0da1cd|2024-02-01 09:20:33 +0100|Eduard Tudenhoefner|Spark: Support altering view properties (#9582)
a05cbcb4b8b531c94d5f35d5abcebf91a5da5187|2024-02-01 09:53:10 +0100|Eduard Tudenhoefner|Core: Add missing @Test to TestRESTCatalog (#9607)
66d4cf66e2fd3f53ce4c1f0baba335ad4f968c26|2024-02-01 10:11:19 +0100|Eduard Tudenhoefner|Spark: Throw exception on `ALTER VIEW <viewName> AS <query>` (#9510)
187be85319db069fc052f5ee1a06f1fb2489bebb|2024-02-01 13:33:21 +0100|Eduard Tudenhoefner|Spark 3.4: Support altering view properties (#9610)
daaf5a1c873e38938634156df9c8b6568c404874|2024-02-01 15:29:52 +0100|Eduard Tudenhoefner|Spark 3.4: Throw exception on `ALTER VIEW <viewName> AS <query>` (#9612)
e8c197d360ca75d3be8f9c886615a196c63d36c5|2024-02-01 18:34:25 +0100|Anton Okolnychyi|Spark 3.4: Rework DeleteFileIndexBenchmark (#9600)
9a0191e8de151864f27de00b30d6d1bae634a534|2024-02-01 09:36:42 -0800|Anton Okolnychyi|Spark 3.4: Fix rewriting manifests for evolved unpartitioned V1 tables (#9599)
3547a99d05d892c87a240475ef577abe632eff35|2024-02-01 09:38:05 -0800|Anton Okolnychyi|Spark 3.4: Support file and partition delete granularity (#9602)
6bbf70a52ebccfaba4e7e08facd72b84b571e2a6|2024-02-01 09:55:57 -0800|Eduard Tudenhoefner|Spark: Bypass Spark's ViewCatalog API when replacing a view (#9596)
ed288987cce5e2f8c3bea99bf903a548bcd3b29a|2024-02-01 21:55:49 +0100|Brian "bits" Olsen|Convert Hugo versioned docs to mkdocs format (#9591)
f8a4cc225db96a50088d2fb3693fa91f783d8f26|2024-02-01 16:07:43 -0800|Anton Okolnychyi|Spark 3.4: Extend action for rewriting manifests to support deletes (#9616)
2c247501c4700ebd3c3e1349aca2ff8c9ee840c9|2024-02-02 09:39:37 +0100|Rodrigo| Flink: backport #9381 to 1.17 and 1.16 for Migrate subclasses of FlinkCatalogTestBase to JUnit5 (#9598)
756fa6894a8f87bd0d5213c2bb86ba697ce7f655|2024-02-02 09:43:50 +0100|Eduard Tudenhoefner|Spark 3.4: Bypass Spark's ViewCatalog API when replacing a view (#9614)
d1e24f4c9571ab7fba66d692cde28188f265d34e|2024-02-02 11:26:12 +0100|Tom Tanaka|Spark: Create ExtensionTestBase for migration to JUnit5 (#9613)
07c4345bbbd4deefe722bbdfe627f26998b3bccf|2024-02-02 08:14:42 -0800|Eduard Tudenhoefner|Spark: Fix CREATE OR REPLACE VIEW when view doesn't exist (#9621)
0f11340bfa6143ab85d16780149b5892c54f277c|2024-02-02 19:13:51 +0100|Rodrigo|Flink: change defaultFlinkVersion back to 1.18 (#9625)
770342cb5319f177657439075e0f0b4bcba58632|2024-02-03 03:01:25 +0800|Hongyue/Steve Zhang|Spark 3.4: Use ProcedureInput for RewriteDataFiles (#8583)
aff5b39a7dddd22790b6ba47f514860c53e33c00|2024-02-02 15:04:40 -0800|Brian "bits" Olsen|Remove nightly and add .asf.yaml (#9622)
65a076dedae2e62008ce64c6094dd519d29ce500|2024-02-02 15:24:55 -0800|Anton Okolnychyi|Spark 3.4: Read deletes in parallel and cache them on executors (#9603)
338c0b83d03ad41766708b355fb37ed7c21c2a4d|2024-02-03 08:22:41 -0800|Gang Wu|Parquet, Arrow: Rename BagePageReader to BasePageReader in VectorizedPageIterator (#9630)
49986b7d6567818500b96e936f490be19884d6ce|2024-02-03 12:29:14 -0800|Daniel Weeks|Add REST spec for data access mechanisms (#9628)
f4ba90d648d1ec692134c43fc24fe389aa687d5e|2024-02-03 12:40:45 -0800|Bryan Keller|Kafka Connect: Sink connector with data writers and converters (#9466)
fb02bd2d713c9bef8b8ccee334f6d65087c344b2|2024-02-03 12:42:58 -0800|Anton Okolnychyi|Core: Fix performance issue when combining tasks by partition (#9629)
f8a4a74584f535d41c21d5cac4457c603eb448a1|2024-02-04 09:30:03 -0800|Manu Zhang|Docs: Enhance Java quickstart example (#9585)
9921937d8285dec9a19fd16b0cd82d451a8aca9e|2024-02-05 03:11:19 +0100|Ajantha Bhat|Update blogs.md (#9552)
d5e00f1022f2e85572bb02e3e2d2b651612958da|2024-02-05 10:16:19 +0100|Ajantha Bhat|Docs: Update Nessie URI to API v2 (#9648)
4a3e06bd963a6cf40128b635c193447a4b4a4bf4|2024-02-05 10:34:23 +0100|Eduard Tudenhoefner|Spark 3.4: Fix CREATE OR REPLACE VIEW when view doesn't exist (#9646)
a2c23a762233582d3779c6e5bc49d9bfbe1329a2|2024-02-05 10:35:38 +0100|Eduard Tudenhoefner|Docs: Fix listing of catalog implementations (#9649)
c516fef72d603c6122f34d0fca286e0ceaad78b9|2024-02-05 12:38:56 +0100|Fokko Driesprong|Label `site/` as documentation (#9652)
a1e9e58c0c98bb7f001d70c2cbf5bdc493dce25f|2024-02-05 14:56:07 +0100|Ajantha Bhat|Core: Add catalog type for glue,jdbc,nessie (#9647)
c34efa0687f74794619d744f875305401df11a33|2024-02-05 17:22:34 +0100|Rodrigo|Flink: backport #9547 to 1.17 and 1.16 for Adds the ability to read from a branch on the Flink Iceberg Source (#9627)
67a8f01bff801f42be5cea303cf26667cecf4d79|2024-02-05 08:34:21 -0800|Adnan Hemani|AWS: Add S3 Access Grants Documentation (#9590)
c4cb0fb9993d6743d81a232def6801ea7dbbe176|2024-02-05 10:03:56 -0800|Brian "bits" Olsen|Docs: Move catalog under concepts folder and add code of conduct page to act as root for ASF. (#9642)
c745ac3b6a3b2f24ae5170aa18f9eeec7cf3cbc7|2024-02-05 10:33:51 -0800|Anton Okolnychyi|Spark 3.5: Support executor cache locality (#9563)
b6c3f8f2ba9ae3e5c92a09496837239e27f79311|2024-02-05 17:08:00 -0800|Anton Okolnychyi|Spark 3.4: Support executor cache locality (#9658)
24a1480f80d248ca79ee2ea97878240b6dbf211d|2024-02-06 08:52:16 +0100|Eduard Tudenhoefner|Docs: Add newline so that subsection is correctly rendered (#9656)
4835549ac39165fc7e44337b03a081d390e64711|2024-02-06 11:40:08 +0100|Tom Tanaka|Spark: Migrate tests to JUnit5 (#9624)
396a8441c4154500733aad87688d9511f88ad9bb|2024-02-06 13:21:57 +0100|Manu Zhang|Docs: Add newline to fix lists (#9664)
e61b0e51e151fb64cb5e39b49ea47c0809c3f84a|2024-02-06 07:48:51 -0800|dependabot[bot]|Build: Bump software.amazon.awssdk:bom from 2.23.12 to 2.23.17 (#9633)
4751a37672d4c2cdaaa047a728261baafcd38807|2024-02-06 19:55:20 +0100|dependabot[bot]|Build: Bump datamodel-code-generator from 0.25.2 to 0.25.3 (#9639)
b89c395ca743a8778957a56befbbb4ef3d18083b|2024-02-06 19:55:35 +0100|dependabot[bot]|Build: Bump mkdocs-material from 9.5.3 to 9.5.7 (#9638)
dd0ac5bce409fd02c0b04039a3ba13f9404b6f5b|2024-02-06 19:56:10 +0100|dependabot[bot]|Build: Bump org.xerial:sqlite-jdbc from 3.44.0.0 to 3.45.1.0 (#9634)
a130f8f1c86fa9cf37047bef505f8a8db2e9bbc1|2024-02-06 20:11:11 +0100|dependabot[bot]|Build: Bump mkdocs-material-extensions from 1.3 to 1.3.1 (#9160)
af46487419d9b5beebc2b8b78642987970379073|2024-02-06 20:11:50 +0100|dependabot[bot]|Build: Bump org.roaringbitmap:RoaringBitmap from 1.0.0 to 1.0.1 (#9317)
defef48e21936357e0921d1738f211bb32e85e49|2024-02-06 14:57:07 -0800|Abid Mohammed|Core: Only trim trailing slash when warehouse location is not root path (#9619)
3348d88d96e41df58259304d6362f19a50f65f53|2024-02-06 17:27:12 -0800|dependabot[bot]|Build: Bump io.delta:delta-spark_2.12 from 3.0.0 to 3.1.0 (#9631)
9f979a1ff187ebd69ef3b027d857ee697fd9c52c|2024-02-06 18:17:40 -0800|dependabot[bot]|Build: Bump io.delta:delta-standalone_2.12 from 0.6.0 to 3.1.0 (#9636)
5d3be12e0d7e94aa6a63dfdc3cc7a7d712f54427|2024-02-07 08:13:22 +0100|Fokko Driesprong|Spark: Move the Writer to a visitor (#9440)
3c703ccce8fb083a8c4c0084c059a60fd1635094|2024-02-07 08:17:53 +0100|Fokko Driesprong|Azure: Bump Azurite container (#9668)
2a39af894f4f00aa37922ef765cc2583517fa1d1|2024-02-07 08:32:43 +0100|Eduard Tudenhoefner|Spark: Handle concurrently dropped view during CREATE OR REPLACE (#9623)
8a47f718959d4a17d409e8532c01d303dc8b2fc9|2024-02-07 09:10:22 +0100|dependabot[bot]|Build: Bump com.azure:azure-sdk-bom from 1.2.18 to 1.2.20 (#9571)
97e9b3e775b5587eee5281faaa8a498641f57595|2024-02-07 09:10:52 +0100|dependabot[bot]|Build: Bump org.testcontainers:testcontainers from 1.19.3 to 1.19.4 (#9577)
40fbd8dc5cbb47ba2f2bba0a771bb7c0a0d50a10|2024-02-07 09:43:41 +0100|Fokko Driesprong|Spark 3.3: Move the Writer to a visitor (#9672)
4446e4f0abe5c040712ea103594ec31ad8ce902e|2024-02-07 09:44:23 +0100|Fokko Driesprong|Spark 3.4: Move the Writer to a visitor (#9673)
0cab58b04f4c86e556ff2f4aea7a9dbeee801ce7|2024-02-07 10:35:35 +0100|Eduard Tudenhoefner|Spark: Avoid NPE when catalog config doesn't have "type" set (#9676)
637a46569da624631719365ec64caf0eba4a505f|2024-02-07 15:18:06 +0100|Eduard Tudenhoefner|Spark 3.4: Handle concurrently dropped view during CREATE OR REPLACE (#9677)
3b8fd904ea6c3b0f81afdae59b17ab12e45c5faf|2024-02-07 16:54:59 -0800|Scott Teal|Docs: Add/update Snowflake (#9669)
44eb00daaa654e4b286e8d99bbbf8fd6fd283a56|2024-02-08 12:35:16 +0100|Hongyue/Steve Zhang|open-api: Use openapi-generator-gradle-plugin for  validating specification (#9344)
90d1c90b6e6f26fdfe7c0c6c09a1ecb2fc2b3f2a|2024-02-08 15:47:53 +0100|Muna Bedan|Docs: Fix hidden-partition-animation not showing (#9686)
1272145686a3edd33eb00042840020f679ffb284|2024-02-08 19:28:44 +0100|dependabot[bot]|Build: Bump net.snowflake:snowflake-jdbc from 3.14.4 to 3.14.5 (#9570)
5f577f1b9902ffe6181897a439686a31fc81b89a|2024-02-09 09:33:12 +0100|Marc Cenac|OpenAPI: Spec updates for statistics (#9690)
12bd9d0055b1a841b5fbe639f66ea09e00a6a12c|2024-02-11 20:35:12 +0100|Muna Bedan|Docs: Fix broken strike-through markup (#9696)
77363ce14739a0dea5e4dbf6f2eab897beb89f43|2024-02-11 20:52:49 +0100|dependabot[bot]|Build: Bump mkdocs-material from 9.5.7 to 9.5.9 (#9708)
622d1a09d5d7d0989a784feff7d585a951ca006d|2024-02-11 20:53:21 +0100|dependabot[bot]|Build: Bump org.testcontainers:testcontainers from 1.19.4 to 1.19.5 (#9704)
053d54172fd903be9eda78957f3cbd3aadef1f7b|2024-02-11 20:55:48 +0100|dependabot[bot]|Build: Bump io.airlift:aircompressor from 0.25 to 0.26 (#9700)
50fb4004d299737fcbae6526e1743dd197c9242d|2024-02-13 12:20:19 +0100|DongDongLee|MR: Migrate parameterized tests to JUni5 (#9711)
9bac5c490c368cbdf70e4e5ec1883e98d8ca903a|2024-02-14 21:12:22 +0100|Alexandre Dutra|Upgrade Nessie to 0.77.1 (#9726)
8991c1a91425bc864772abec9e0af37421b0616b|2024-02-14 21:14:26 +0100|dependabot[bot]|Build: Bump org.assertj:assertj-core from 3.25.2 to 3.25.3 (#9706)
6d0c5d96daa692ea0590ac97c84d19d4ddc8e0ea|2024-02-14 21:15:32 +0100|dependabot[bot]|Build: Bump tez010 from 0.10.2 to 0.10.3 (#9702)
fcd0663ca4addd86501f287b147cb70b544c3b0d|2024-02-14 21:16:18 +0100|dependabot[bot]|Build: Bump software.amazon.awssdk:bom from 2.23.17 to 2.24.0 (#9701)
d32abe8aa589e6c93cdc96dc7ae77ca5369af106|2024-02-14 21:18:01 +0100|dependabot[bot]|Build: Bump arrow from 14.0.2 to 15.0.0 (#9574)
42a2c19cec31c626cbff6cc2dfafb86cdf223bd0|2024-02-15 11:19:28 +0100|Eduard Tudenhoefner|Core: Only write view history when currentVersionId changes (#9725)
212355e13b3a8c40441725a260ae6e69bb1a0a9e|2024-02-15 11:18:48 -0800|Eduard Tudenhoefner|Core: Add strictness flag to prevent loss of view representation when replacing a view (#9620)
062704283918ae843d0e40b3f279f1482f0835e5|2024-02-16 12:46:22 +0100|Drew Gallardo|Core: Make InMemoryFileIO map shared across instances (#9722)
1854d08a68c719f8a56dcf9e8e61dbdccbd19346|2024-02-16 09:40:01 -0800|Eduard Tudenhoefner|Core: Properly suppress historical snapshots when building TableMetadata with suppressHistoricalSnapshots() (#9234)
0316be363bf76f8692da06c870719bbf5114244a|2024-02-16 16:58:25 -0800|JB Onofré|Core: Add view support on the JDBC catalog (#9487)
9dcf8dbc4285ad4ab4c1975562bf93fb04747cdd|2024-02-16 17:35:53 -0800|Sung Yun|Support usage of Separate OIDC Authorization Server URI (#8976)
5e139f48505b9b622e2cf389eae2bb74d6420510|2024-02-17 08:16:57 -0800|Eduard Tudenhoefner|Core: Don't reset snapshotLog when replacing Table (#9732)
bff665278245128a71982ba5ac5981a9e71c4509|2024-02-19 08:39:11 +0100|Gang Wu|Aliyun: Add security token to client properties (#9671)
f4ee68710dbd16f67b28b35a7db4041ca338fd1e|2024-02-19 10:24:19 +0100|dependabot[bot]|Build: Bump org.immutables:value from 2.10.0 to 2.10.1 (#9749)
227553464a172b2df484b847f35f4790594d604c|2024-02-19 10:24:46 +0100|dependabot[bot]|Build: Bump software.amazon.awssdk:bom from 2.24.0 to 2.24.5 (#9743)
f1459e214493149f30d13e757b91aa18479778d9|2024-02-19 10:25:20 +0100|dependabot[bot]|Build: Bump io.netty:netty-buffer from 4.1.68.Final to 4.1.107.Final (#9744)
f5ae0add6ed567e8188cfc8f8c9919c4f01457c6|2024-02-19 10:26:01 +0100|dependabot[bot]|Build: Bump datamodel-code-generator from 0.25.3 to 0.25.4 (#9742)
598552e134c2a31a6eb258cb2b071d08f04e079f|2024-02-19 18:08:18 +0100|pvary|Allow creating metadata tables based on SerializableTable instances (#9735)
4c5208a42382a2888a76af85eb52b5d69eca6f7e|2024-02-19 14:42:51 -0800|Ryan Blue|API: Extend FileIO and add EncryptingFileIO. (#9592)
5b84f34a5386fc61b17bfe7dc7c1cbe565550958|2024-02-19 15:14:52 -0800|Eduard Tudenhoefner|Core: Don't fail if a REST service doesn't support views (#9754)
c4d827ef2b6ca5d801e877623195e8ceeae88679|2024-02-20 09:17:46 +0100|Tom Tanaka|Spark: Migrate tests to JUnit5 (#9670)
66e957bd99ff8d11344efda4cb177c2d243eedaa|2024-02-20 10:51:05 +0100|Manu Zhang|Infra: Fix issue template labels (#9759)
eab958b620a0d760c2834788f3780ddb94fcd7c2|2024-02-20 20:35:07 -0800|Reo|Flink 1.18: Fix continuous enumerator lost enumeration history state when restore from checkpoint. (#9762)
1b6826251b8cc5f688fb7f86b57841abb5693b11|2024-02-20 20:47:25 -0800|Reo|Flink 1.18: Fix iceberg source plan parallelism not effective. (#9761)
53ab0e2099fb11350e8f76b039955a597d6bbad7|2024-02-21 08:07:27 +0100|Ryan Blue|API: Fix EncryptingFileIO factory method (#9757)
e1f50fd3505b48e37f98049f8ea243aa9f1e08dd|2024-02-21 12:15:55 +0100|JB Onofré|Core: Use V0 SQL schema as default /  rename jdbc.add-view-support to jdbc.schema-version (#9765)
811c92075ea4fb1b0734e43e08d7bb1bffd81350|2024-02-21 13:53:01 +0100|Fokko Driesprong|Infra: Add Kafka Connect as a label (#9769)
0c8703078443a3c73a5aa5a6bd1cf904e0b5ce09|2024-02-21 16:57:42 +0100|JB Onofré|Core: Only test if view exists when using SchemaVersion.V1 during table rename (#9770)
f17922bd785743ae86f4c6a947d14eed05adbf3f|2024-02-22 16:41:28 +0100|Eduard Tudenhoefner|docs: Fix listings on Release page / Update Multi-engine support (#9775)
3058e307481f134fade38581b322b9387337ce8b|2024-02-22 18:03:03 +0100|Manu Zhang|Infra: Don't run Delta Conversion CI on changes to site folder (#9780)
d95bd712ffbd3edf6a6bf9b9450a29bee2709818|2024-02-23 17:17:23 +0100|Manu Zhang|Docs: Sync specs to site via symlinks (#9779)
00b7d5bec31d1215eeac662ed522675447a5b359|2024-02-23 08:41:01 -0800|Drew Gallardo|AWS: Deprecate DynamoDB catalog (#9783)
569c12d7fe415bfba086458b3668f9deadfb17ec|2024-02-23 11:29:54 -0800|Drew Gallardo|AWS: Adjust Deprecation Version for DynamoDB Catalog to 1.5.0 (#9788)
56da99b9f908237ce0a9be565258fa10cd4fe88b|2024-02-24 11:52:39 +0100|Tom Tanaka|Spark: Migrate procedure tests to JUnit5 (#9760)
b3c68e5407922b9daf022eaa5d863ab986d7640c|2024-02-25 10:22:43 -0800|Eduard Tudenhoefner|Spark: Fail if temp functions are used in views (#9675)
7a7950e40e4c61b4168681476614ee60934e3756|2024-02-26 10:02:35 +0100|Eduard Tudenhoefner|Spark 3.4: Fail if temp functions are used in views (#9809)
f14c0e55361f89dc5cfff3640b0e612befaa4d98|2024-02-26 10:54:18 +0100|Eduard Tudenhoefner|Spark: Include catalog name in view errors (#9807)
c649923570ddf417eb048dfb2916432ffb71171d|2024-02-26 12:07:18 +0100|Manu Zhang|Build: Ignore major version update in dependabot (#9806)
f3817e12819784de279ad4e1a7e1f55e9e636c37|2024-02-26 12:38:07 +0100|Eduard Tudenhoefner|Docs: Sync contributing page / refer to website for contributing (#9776)
487ff98cefa3ae49196b9559309c3b78448eb1fc|2024-02-26 13:58:15 +0100|Reo|Flink 1.16, 1.17: Fix continuous enumerator lost enumeration history state when restore from checkpoint (#9812)
2d927b0ec7ded6a09f57314ebd05686c86b97f11|2024-02-26 13:58:52 +0100|Reo|Flink 1.16, 1.17: Fix iceberg source plan parallelism not effective (#9811)
10ec85ffcab6ac12ecac7fc6df9c3e4139f857b7|2024-02-26 15:51:43 +0100|Eduard Tudenhoefner|Spark 3.4: Include catalog name in view errors (#9810)
c18cb969f6d62d41d296571e6a193fc636934fe7|2024-02-26 15:21:31 -0800|Szehon Ho|Spec: Clarify multi-arg transform behavior for different versions (#9661)
b788b5f9e1d7da1a30cc4ada0509f2febb75b2ac|2024-02-27 08:32:18 +0100|Eduard Tudenhoefner|Spark 3.4, 3.5: Use current namespace for SHOW VIEWS cmd (#9787)
e39ec185d7879c1a310769d33e0b1b6ad12486a9|2024-02-27 09:41:51 +0100|Ajantha Bhat|AWS: Revert DynamoDb deprecation for 1.5.0 (#9815)
22401546e95b4da1ee11457d42d80050572c6c37|2024-02-27 15:19:02 +0100|Tom Tanaka|Spark: Migrate tests to JUnit5 (#9790)
8a16a417492eb6ccb1895b4b6db3536ff2a8b67d|2024-02-27 07:20:08 -0800|dongwang|API: Fix typo in method comment of SortOrder and SortOrderBuilder (#9816)
bd9c615d5d2fedb1a9fda6eb018017d0cc32f04e|2024-02-27 10:54:04 -0800|Eduard Tudenhoefner|Spark: Improve error msg when function can't be loaded (#9814)
6a3b2d7c153412b01c746debb018c544516f2bbd|2024-02-28 09:28:51 +0100|Tom Tanaka|Spark: Remove/migrate remaining JUnit4 tests (#9817)
274fc26a7f2060ea9b52aec409c66c9655274017|2024-02-28 16:03:12 +0100|Eduard Tudenhoefner|Spark 3.4: Improve error msg when function can't be loaded (#9821)
c3542e7bdbd2a6c266841cbe41338d8e0f278bf9|2024-02-28 16:07:59 +0100|Naveen Kumar|Core, Spark: Fix build warning related to Javadoc link tag (#9823)
50af8c070321ce187b0c8654e0bdcd49251f1631|2024-02-28 17:48:48 +0100|Alok Thatikunta|OpenAPI: Fix URL pointing to catalog properties (#9825)
bb53c3d4e0e27ac6706803c2371793ad2476ae04|2024-02-28 08:57:38 -0800|Drew Gallardo|REST spec: Add ContentFile types to spec for the PreplanTable and PlanTable API (#9717)
acbf96f4fe5586fc7c7b6840eb19ff492e82c756|2024-02-29 10:37:42 -0800|Rahil C|Add pagination to open api spec for listing of namespaces, tables, views (#9660)
08e31ce32d506e0dd95e4710ec9e9afba35efa7f|2024-02-29 17:02:34 -0600|Russell Spitzer|Core: FileIO Reflection Error Message is Misleading (#9840)
f9ad8f3733fb7d6128b4f11705f89ae5d07b14eb|2024-03-02 13:03:35 -0800|Brian "bits" Olsen|Docs: Fix image on spec (#9843)
1a4f23bc0e6cda520ca815f2a245f5f21bfbc24f|2024-03-02 14:05:42 -0800|Ryan Blue|Core: Fix REST catalog handling when the service has no view support (#9853)
45a086b3e6c34949a37aeca1d2c9439dae28fee9|2024-03-03 12:42:55 -0800|Brian "bits" Olsen|Site: Remove embedded calendar, replace with links (#9854)
bcbcbb263ea7e13ab22d0feb918e207c7e42dbbd|2024-03-03 12:44:39 -0800|Brian "bits" Olsen|Site: Update for ASF site guidelines (#9729)
05f99b658189e277bbf32a814ee489cf59add3fa|2024-03-04 18:29:50 -0800|big face cat|Flink: Supports specifying comment for iceberg fields in create table and addcolumn syntax using flinksql (#9606)
1ae13b8bf70c51968d13d6aecdd1b4b69f7e12a0|2024-03-05 07:32:50 -0800|big face cat|Flink:backport PR to 1.17 #9606 : Supports specifying comment for iceberg fields in create table and addcolumn syntax using flinksql (#9868)
2519ab43d654927802cc02e19c917ce90e8e0265|2024-03-05 10:30:48 -0800|Eduard Tudenhoefner|Build: Don't publish iceberg-open-api module (#9871)
f0b3733e0e7071894bdf63133bcc8c00754a1080|2024-03-06 11:09:22 +0100|Brian "bits" Olsen|Docs: Update specs from hugo to mkdocs format (#9861)
99b1d0ee4c8fb67d457c4d7a03065e4cb63af435|2024-03-06 21:58:54 -0800|Himadri Pal|Spark 3.5: Add Support for Providing output-spec-id During Rewrite Datafiles
783dbe2bd7546b729e79546adbe846c5e383651e|2024-03-07 09:22:32 +0100|Manu Zhang|Docs: Fix links to internal files (#9819)
ad9e4e810043260965b8a55623afb30fffa04391|2024-03-07 09:26:54 +0100|Tom Tanaka|Core: Migrate tests to JUnit5 (#9849)
c0486eef4d8bce7089f688d95a39ebccd68a7623|2024-03-07 09:58:23 +0100|Ajantha Bhat|Nessie: Gracefully handle empty namespace lookup (#9877)
d90ac0019b89b03cf2ba34c3896490af22a5575f|2024-03-07 14:04:38 +0100|Eduard Tudenhoefner|Docs: Add DDL docs for Views (#9878)
80c92cd75e9fc71130c3ae0f847eee2852336368|2024-03-07 16:47:09 +0100|Robert Stupp|Core: Make constants in CatalogTests protected (#9894)
951d09910c8a1d2db21c70b1698785502db705f9|2024-03-07 18:54:08 +0100|Manu Zhang|Build: Free disk space before running action in Spark CI (#9786)
afb200041b17a3f8cce792848ca3abc2bab9bd75|2024-03-08 09:28:59 +0100|Eduard Tudenhoefner|Core: Add test for renaming table to a non-existing namespace (#9895)
e447277b6672fd9de95d9cbd183d91982f35054b|2024-03-08 17:25:15 -0800|Amogh Jahagirdar|Core: Mark 502 and 504 failures as retryable to the exponential retry strategy (#9885)
b261edd0c6d820fa0bc9e215aad84bf90bd273cf|2024-03-08 17:29:35 -0800|Alexandre Dutra|Core: Add missing `@Test` annotation in TestRESTCatalog (#9899)
c13c0c94daf9f6abc34cb109a1a4fd15c8a47a04|2024-03-08 23:29:09 -0800|Himadri Pal|Spark 3.4, 3.3 : Support output-spec-id in rewrite data files(#9901)(Backport #9803)
fd7f6b708c12ce8ca7cb72e89fa65c04a686e73b|2024-03-11 11:32:27 +0100|Manu Zhang|Docs: Enhance Flink pages (#9919)
a9d6310b8840e78bf3a4d95ca5c91e548b836c41|2024-03-11 11:55:13 +0100|dependabot[bot]|Build: Bump org.roaringbitmap:RoaringBitmap from 1.0.1 to 1.0.5 (#9911)
4e149ca4d1cb3da570d1c860608432379ac9296a|2024-03-11 11:58:07 +0100|Ajantha Bhat|Site: Update release notes for 1.5.0 (#9835)
5ce5c788cba38e5b11745e7e6be24921cae65bb5|2024-03-11 14:53:24 +0100|Tom Tanaka|Core: Migrate tests to JUnit5 (#9892)
8b8907e091844229f824755648acc94b7a235e1a|2024-03-11 14:56:03 +0100|Naveen Kumar|Data, Flink, Spark: Migrate TestAppenderFactory and subclasses to JUnit5 (#9862)
790975ffd07e71cd000cb91d0a8a0a2b59f7f4ec|2024-03-11 15:40:44 +0100|Ajantha Bhat|Infra: Add 1.5.0 to issue template (#9778)
1cdb2ebe9b43f75ab8d10649b6cfd28e44c6d906|2024-03-11 15:43:35 +0100|Ajantha Bhat|Update ASF DOAP file (#9922)
5c27843d77e19fa3eeb3472ee9dbc319566429dd|2024-03-11 15:44:07 +0100|Ajantha Bhat|Build: Let revapi compare against 1.5.0 (#9777)
dc5cac4ac42f79dd9a820d971fcc003210169711|2024-03-11 22:21:15 +0100|Brian "bits" Olsen|Update site to 1.5.0 docs (#9931)
5f655a323a98a2ee3b04498aec2edeb818766373|2024-03-11 14:22:28 -0700|Himadri Pal|Make OAuth `audience` and `resource` configurable (#9839)
0432048515904691d2dfbdb4a01f89883f0a034f|2024-03-11 16:52:48 -0700|Anton Okolnychyi|Spark 3.5: Fix system function pushdown in CoW row-level commands (#9873)
9c2b8f64128758081dbb882e28f3672948818a3b|2024-03-12 05:47:21 +0100|Ajantha Bhat|Docs: Fix release notes indentation (#9933)
3891b48733fd7f98138c0e8988fdccb36af06ce9|2024-03-12 08:00:22 +0100|Ajantha Bhat|Flink: Bump minor versions (#9875)
71ff8a484dea72172d33d2133184af8d13481a0b|2024-03-12 08:44:56 +0100|Manu Zhang|Docs: Enhance Spark pages (#9920)
43c3397528101859250160f123a0749bae79fb4d|2024-03-12 17:51:03 +0100|Eduard Tudenhoefner|Build: Align Jackson versions (#9925)
732fbfd516a3dfb2028fd6795f8f564f70e44742|2024-03-13 11:43:31 +0100|Ajantha Bhat|Docs: Update site docs (#9946)
8b58277540fb9c5bc1936dcbc1a13793a72a6fee|2024-03-13 09:54:20 -0700|Manu Zhang|Docs: Enhance create_changelog_view usage (#9889)
d6c8358ff26957c9234580addb03a0db1e441c4d|2024-03-13 10:48:09 -0700|ggershinsky|API, Core: Support manifest encryption (#8252)
969d4ee60f8196d10758d03680bc0157b9d61fa8|2024-03-14 11:18:09 +0100|Hongyue/Steve Zhang|Docs: Clarify table property on metrics for inferred column defaults (#9865)
489ec2972e352a701745f0a15bdfaa722ad07f3a|2024-03-15 08:26:43 +0100|Tom Tanaka|Core: Migrate tests to JUnit5 (#9927)
5e31a0caa360a1a60198a0be6af93b689b19ac19|2024-03-15 09:41:32 +0100|Fokko Driesprong|docs: Remove roadmap (#9941)
59d79e773d0bc2061d8ced4cde6917eb4428dec6|2024-03-15 09:50:25 +0100|Eduard Tudenhoefner|Docs: document view properties (#9961)
560b72344350816eb31f9a165c2947caa7381a9b|2024-03-15 15:24:23 +0100|Gang Wu|Parquet: Refactor BasePageIterator to add initRepetitionLevelsReader (#9751)
2dd30877885081de966b5d85edc3da31f55610ed|2024-03-18 08:33:55 +0100|dependabot[bot]|Build: Bump com.google.errorprone:error_prone_annotations (#9972)
54246a06a37422a066dec4596c3a0aa888d1f1c1|2024-03-18 08:35:27 +0100|dependabot[bot]|Build: Bump org.awaitility:awaitility from 4.2.0 to 4.2.1 (#9970)
1c5022785b84ed46d921ab44ca9c03eb02790b7b|2024-03-18 08:37:45 +0100|Alex Merced|Docs: Add 13 Dremio Blogs + Fix a few incorrect dates (#9967)
20bd4ca8cb2fdb8e2bb51bb41684d4bf7260d474|2024-03-18 08:39:05 +0100|Manu Zhang|Build: Fix ignoring major version update in dependabot (#9981)
82137b9e7cf6ee243eb9895bc44c6b5d572e5283|2024-03-18 08:40:22 +0100|dependabot[bot]|Build: Bump nessie from 0.77.1 to 0.79.0 (#9976)
b0a4a907fd8e27ed48ac936f6b8e9f7dce49f9d0|2024-03-18 08:40:39 +0100|dependabot[bot]|Build: Bump datamodel-code-generator from 0.25.4 to 0.25.5 (#9979)
1bc5c7c35d5e921dfc08ab4ce4cfd0404d7a24b8|2024-03-18 08:41:20 +0100|dependabot[bot]|Build: Bump mkdocs-material from 9.5.9 to 9.5.14 (#9983)
f79fb3fc188a623dfb989bd3e47ade59a7cbf74e|2024-03-18 09:00:42 +0100|Tom Tanaka|Core: Migrate tests to JUnit5 (#9964)
0cdf62f8fd90f0480d46b2b74787e1db87042ea6|2024-03-18 11:02:52 +0100|dependabot[bot]|Build: Bump spring-boot from 2.5.4 to 2.7.18 (#9985)
e687954579a487217cbc069eea3ffd0a8a75c580|2024-03-18 11:53:19 +0100|dependabot[bot]|Build: Bump org.springframework:spring-web from 5.3.30 to 5.3.33 (#9989)
a3f8879815138a6e815115578386a1c5f106d807|2024-03-18 11:53:56 +0100|dependabot[bot]|Build: Bump jetty from 9.4.53.v20231009 to 9.4.54.v20240208 (#9982)
7a6143abbb458ae17fea4cad12c2aa86d74814b0|2024-03-18 14:13:57 +0100|dependabot[bot]|Build: Bump guava from 33.0.0-jre to 33.1.0-jre (#9977)
f614a3f8b0379188efcc0c38caa486c94c6a52a3|2024-03-18 16:42:14 +0100|Fokko Driesprong|API: Fix `TestStrictMetricsEvaluator` assertion message (#9992)
353e55e24fa751ec877c597b9647bcd75bccbf51|2024-03-19 08:58:10 +0100|dependabot[bot]|Build: Bump arrow from 15.0.0 to 15.0.1 (#9910)
f425dc7401b268f92778c3c9b2c6abfc7fb661df|2024-03-19 17:05:41 +0100|Eduard Tudenhoefner|AWS, Core: Replace .withFailMessage() usage with .as() (#10000)
fae0f8140b4f0b1dee20679f98e8be7e9b93a373|2024-03-20 08:06:38 +0100|Tom Tanaka|Core: Migrate tests to JUnit5 (#9999)
f8d60ea993c5e87d377dbc07e32cc6d0f28914d4|2024-03-20 12:01:21 +0100|Jay Chia|Docs: Add Daft into Iceberg documentation (#9836)
aa17c0a3090a0843fd7e3111a5285d6e23d24dcd|2024-03-20 16:30:19 +0100|Tom Tanaka|Core: Migrate tests to JUnit5 (#9994)
715140113a1d30dc213e677a7d65a5dbe51dde90|2024-03-20 12:45:58 -0700|Daniel Weeks|Add issue template and docs for iceberg proposals (#9932)
59ffa33e3d317ca2a3b2e0c3ea4a787ae19cc010|2024-03-21 17:50:00 +0100|Tom Tanaka|Core: Migrate tests to JUnit5 (#10014)
e769addf75400e9dffb72e7e417bc752f804622a|2024-03-21 14:08:16 -0700|Bryan Keller|Kafka Connect: Record converters (#9641)
9cbc2f43c4a7e3feb15703dd4a0dd0f4423f2ced|2024-03-22 08:19:29 +0100|Eduard Tudenhoefner|Core: Use <?> as type parameter instead of raw type for SnapshotUpdate (#10015)
c9795fda7105789edc0d1f8a624ceb251dfd4a69|2024-03-22 08:23:36 +0100|Brian "bits" Olsen|Docs: Add local nightly build to test current docs changes (#9943)
5d58750841d3a35a352fcf99d315f10626399e71|2024-03-22 14:58:14 -0700|Rahil C|Spec: Fix REST pagination requirements based on new feedback (#9917)
33838d5a4870e654829e551a1a2770ff82ac94ab|2024-03-23 11:37:10 +0100|Fokko Driesprong|docs: Add links checker (#9965)
857590f7fa8b04212e9ace2efe5f1378ede4f96f|2024-03-24 06:14:58 +0100|dependabot[bot]|Build: Bump mkdocs-material from 9.5.14 to 9.5.15 (#10031)
8311f052caaf1bcf003c81976e227dee94012950|2024-03-25 09:41:45 +0100|Alex Merced|Docs: Fix link to blog post (#10028)
49a66348f0284076fbbc9a1d57ce5c146a6efc60|2024-03-25 16:23:30 +0100|Tom Tanaka|Core: Migrate tests to JUnit5 (#10027)
83bacf501e116c0923eb6e77bff4500cd3d8042f|2024-03-25 13:01:42 -0600|Csenger Geza|Add Iceberg version to UserAgent in S3 requests (#9963)
602186bedc7f5be270f9a0cd5c2c15da7bddcdb9|2024-03-25 16:03:33 -0600|Amogh Jahagirdar|Core, Spark: Fix handling of null binary values when sorting with zorder (#10026)
817a5e1be1616af77329965ac3742c14ca3ae116|2024-03-26 07:49:22 +0100|Naveen Kumar|Hive: Extract common code to be re-used for View support (#10001)
2eabd52a809fa8c56105b42d552170058fad0489|2024-03-26 15:40:56 +0100|Naveen Kumar|Hive: Add test to make sure iceberg table with same name as hive table can't be created (#9980)
b6cbb528ee38fa990ac9032dc44932060094e98d|2024-03-26 16:58:48 +0100|Manu Zhang|Build: Bump Spark from 3.5 to 3.5.1 (#9832)
4579b7a1e941780496547f313e6fa07e712b09c5|2024-03-27 00:58:18 -0600|Eduard Tudenhoefner|Spark: Fail on recursive cycle in view (#9834)
fa80c85007ebf77f59f3bc4f015c1b4bed1b8f76|2024-03-27 08:27:51 +0100|Manu Zhang|Build: disable link-check for existing medium blog posts (#10042)
9987314e540cf8b0d4f4d61b561e0ebf273148e1|2024-03-27 16:59:55 +0100|Eduard Tudenhoefner|Spark 3.4: Fail on recursive cycle in view (#10048)
371a6b7ff7f3a776e1616e90a95ec99c64df1ac2|2024-03-27 17:18:49 +0100|dependabot[bot]|Build: Bump org.xerial:sqlite-jdbc from 3.45.1.0 to 3.45.2.0 (#9974)
baaedc6e041bd0f0dfc7bec2d4f2c67c1db1ef77|2024-03-27 17:19:20 +0100|dependabot[bot]|Build: Bump io.netty:netty-buffer from 4.1.107.Final to 4.1.108.Final (#10032)
003cd9477ac2d6226a776110eaf80af8ef422e38|2024-03-27 17:20:00 +0100|dependabot[bot]|Build: Bump arrow from 15.0.1 to 15.0.2 (#10034)
15e2a16443038f87ecd808c68a764f14030890c8|2024-03-27 09:33:10 -0700|dependabot[bot]|Build: Bump kafka from 3.6.1 to 3.7.0 (#9855)
4de819e80b7031b91d4e40c742959a5cbab96a6e|2024-03-27 17:35:38 +0100|dependabot[bot]|Build: Bump orc from 1.9.2 to 1.9.3 (#10033)
66a0954e4a77da72cb0cf398ca4a9b17208b939b|2024-03-27 17:40:26 +0100|dependabot[bot]|Build: Bump com.azure:azure-sdk-bom from 1.2.20 to 1.2.21 (#9857)
bd4603529ebb32534c90de377919273a007d1ec4|2024-03-27 20:10:50 +0100|dependabot[bot]|Build: Bump com.esotericsoftware:kryo from 4.0.2 to 4.0.3 (#9984)
81b62c78e0c230516090becda7d6040ee03e6a91|2024-03-27 13:46:49 -0700|Steven Zhen Wu|Flink: implement range partitioner for map data statistics (#9321)
8e6c08e357a7c6024d146e0add958bf055d8c565|2024-03-28 11:38:26 +0100|dependabot[bot]|Build: Bump software.amazon.awssdk:bom from 2.24.5 to 2.25.18 (#10050)
783158aca9c0287c4990976dc18eafdfb472ae1f|2024-03-28 11:39:25 +0100|Fokko Driesprong|CI: Run Markdown links checker only when `{docs,site}/**` changes (#10049)
4eef2fe8263f11e8e448a11c4e07acf2cbecda7f|2024-03-28 15:21:31 +0100|Tom Tanaka|Core, Data: Migrate tests to JUnit5 (#10039)
2d76c91d6a27378fe753eb7f912bf3031368e6b0|2024-03-28 16:17:10 +0100|Manu Zhang|Build: disable link-check for all medium blog posts (#10057)
6d6fd0b5e967327967142758c999483ae50f95c5|2024-03-29 10:32:01 -0700|Abid Mohammed|[core] fix #9997 - Handle s3a file upload interrupt which results in table metadata pointing to files that doesn't exist (#9998)
793c8d05cee9e4a95ffe2b94e31bef5a617e8c85|2024-03-30 09:07:45 +0100|Eduard Tudenhoefner|Spark: Clarify schema behavior when working with branches (#10055)
a86e1b3bbd4101bd1ecb3cc8551590022f0211ac|2024-03-30 13:01:28 -0700|Steven Zhen Wu|Flink: backport PR #9321 for range partitioner on map statistics (#10061)
d28fcf2f746945d93d42d63268564d08c7b13a72|2024-03-31 12:55:18 +0200|Eduard Tudenhoefner|Spark: Don't allow branch_ usage with TIMESTAMP AS OF (#10059)
78128283534f13d7fa5146743c0761c14a06354b|2024-03-31 23:08:23 +0200|dependabot[bot]|Build: Bump software.amazon.awssdk:bom from 2.25.18 to 2.25.21 (#10072)
a7f87c7e05b4127c0c0094576896fdf9ecae903e|2024-03-31 23:08:51 +0200|dependabot[bot]|Build: Bump org.glassfish.jaxb:jaxb-runtime from 2.3.3 to 2.3.9 (#9988)
ededfcb78f75940265cba24e61c5f9c218d45b95|2024-04-02 08:42:44 +0200|dependabot[bot]|Build: Bump com.azure:azure-sdk-bom from 1.2.21 to 1.2.22 (#10071)
815b2c649fa51b0ec837a7fa761961820eadfef0|2024-04-02 13:12:29 +0200|Tom Tanaka|Core, Flink, Spark: Migrate remaining subclasses of TableTestBase to JUnit5 (#10063)
089c9444cedf2ee189f722123075ae0748238e17|2024-04-03 09:59:13 +0200|Eduard Tudenhoefner|Build: Ignore link-checking for Blogs / https://search.maven.org/ (#10081)
ced897ca699d4e91ac8da6ac26bec107ee64ee74|2024-04-03 12:28:29 +0200|Tom Tanaka|Core, Data, Flink: Migrate TableTestBase related classes to JUnit5 (#10080)
c65023b1e740280044da034150eacf745147e26a|2024-04-03 15:27:39 +0200|lurnagao-dahua|Hive: Avoid NPE on Throwables without error msg (#10069)
319a482aadd96559bfe65ae103e1f7101f46bfe6|2024-04-03 16:22:11 +0200|Alex Merced|Docs: Add 5 dremio blogs (#10067)
356c6cd3089278349f0bd0ad6a12ea03a291a722|2024-04-04 13:36:24 -0600|Alexandre Dutra|REST: Fix spurious warning when shutting down refresh executor (#10087)
25c909be90d448ebbd070a20726ee2e63f48c717|2024-04-04 14:02:50 -0600|Amogh Jahagirdar|API: Fix default FileIO#newInputFile ManifestFile, DataFile and DeleteFile implementations (#9953)
07246b10d848218dfe781afe7fbcbc41e6b6b5b0|2024-04-04 22:22:08 +0200|dependabot[bot]|Build: Bump org.testcontainers:testcontainers from 1.19.5 to 1.19.7 (#9912)
ba1cd36fbbd92e35bf0ad1667daa1c18be723521|2024-04-04 23:32:51 +0200|Haizhou Zhao|OpenAPI: Fix additionalProperties for SnapshotSummary (#9838)
fab5e18d0db3b6a05ada5e4c2fb9728e21bca35f|2024-04-05 14:04:03 +0200|Naveen Kumar|Hive, JDBC: Avoid NPE on Throwables without error msg (#10082)
00f46ac0960237324e69401e98caa79c70407da5|2024-04-05 18:14:05 +0200|Eduard Tudenhoefner|Core: Introduce ConfigResponseParser (#9952)
abf238abccba3b65aa28247bfe6817e0513c14aa|2024-04-07 13:20:22 +0200|dependabot[bot]|Build: Bump mkdocs-material from 9.5.15 to 9.5.17 (#10092)
b3261d07fc687d5df1f0f8309bc5a0f6022434cf|2024-04-08 12:54:50 +0200|Tom Tanaka|AWS: Migrate tests to JUnit5 (#10086)
cd707394ddc8cd41ba12bde83ead059716cf5623|2024-04-08 15:12:57 -0600|Brian Hulette|Spec: Document support for binary in truncate transform (#10079)
a351e22b6d24a96e059cd668447db3adaa3ddd52|2024-04-09 09:33:31 +0200|Jason|Docs: Add Upsolver to vendor list (#10096)
6f4e9c6a68d9b8e344f78624b912d3a8efa7a1f7|2024-04-09 09:55:39 +0200|liko|Docs: Update releases.md for Spark scala versions (#10104)
9bb86fa496a798f360ae3353122b7e1e22e0a89d|2024-04-09 10:16:45 +0200|bering|Docs: Fix spacing/descriptions on Branching and Tagging DDL (#10091)
81bb0d4c9bfe0c227d20342be5ebddcc6fafe4a6|2024-04-09 09:22:32 -0600|Manu Zhang|Core: Add EnvironmentContext to commit summary (#9273)
96793bf621524f57e99cd19d410cde734bf588eb|2024-04-10 22:35:09 +0200|Wei Guo|docs: Fix links of `Get Started` and `Community` parts in footer (#10098)
528b9b336c1d6e8051b46ee48f0388769f5eda55|2024-04-11 12:31:41 +0200|Harish Chandrasekaran|Core: Allow configuring socket/connection timeout in HTTPClient (#10053)
0bc6dfa1bd55c8abb4891f1eeadb6fbc89878c92|2024-04-11 14:58:44 -0600|Harish Chandrasekaran|Core: Extend HTTPClient Builder to allow setting a proxy server (#10052)
290a6a0c5d6b1fc4cfb738b90d95013315c69605|2024-04-11 14:04:13 -0700|Anton Okolnychyi|Spark 3.4: Fix system function pushdown in CoW row-level commands (#10119)
ce7c2c150ce449666cd690612d075fa9893f3118|2024-04-12 17:51:09 +0200|sullis|API, Core, Kafka, Spark: Reduce enum array allocation (#10126)
2025e79905488c724a180e25b91b487aeb848811|2024-04-12 11:20:22 -0600|Eduard Tudenhoefner|Spark: Test initialization improvements (#10131)
1e666578744d26c8f778c3cf276827d111305b16|2024-04-12 11:28:59 -0600|westse|Spec: Make request bodies required (#10125)
81b3310ab469408022cc14af51257b7e8b36614f|2024-04-12 14:12:28 -0700|Yujiang Zhong|Spark 3.5: Support preserving schema nullability in CTAS and RTAS (#10074)
496b32098587d80ad5812b24598c98ceb6625ab7|2024-04-13 21:19:55 -0600|Eduard Tudenhoefner|Flink, Spark: Replace Boolean.getBoolean() with Boolean.parseBoolean() (#10136)
2400aa530727585e718ba58e921c6f7cd6277b2e|2024-04-14 07:16:47 +0200|dependabot[bot]|Build: Bump net.snowflake:snowflake-jdbc from 3.14.5 to 3.15.1 (#10095)
47825ffd8b66d851baaa5fee0b55de8081192024|2024-04-14 09:27:53 +0200|dependabot[bot]|Build: Bump software.amazon.awssdk:bom from 2.25.21 to 2.25.31 (#10138)
dd74dd289e5629c9dcf21ad2915bc922b05d0817|2024-04-14 09:28:02 +0200|dependabot[bot]|Build: Bump org.springframework:spring-web from 5.3.33 to 5.3.34 (#10139)
fb657b413e2bb7f6c5e2c78465173df0426d3527|2024-04-14 07:44:28 -0600|Amogh Jahagirdar|Spark: Simplify SparkSchemaUtil#schemaForTable (#10137)
943321ee6d1a8fd9da4632c456c4507e62b2898e|2024-04-15 08:45:45 +0200|Tom Tanaka|Flink: Migrate tests to JUnit5 (#10130)
e6a1a45624b8bd8246c6ef5601cae046015f4532|2024-04-15 13:15:37 +0200|Manu Zhang|Core: Fix logging table name when scanning metadata table (#10141)
d067677df8cf86bb2161f5dea16a078e99540566|2024-04-15 11:06:10 -0600|Filipe Regadas|AWS: Close underlying scheduler for DynamoDbLockManager (#10132)
78e8204c53286748ca96dd2cb1d5f7ca899f82f1|2024-04-15 14:06:23 -0700|Manu Zhang|Spark 3.5: Add threshold for failed commits in data rewrites (#9611)
97c5700ff53a4ae0a991231add7e80ab2cae3978|2024-04-16 07:42:50 +0200|JB Onofré|Core: Fix JDBC Catalog table commit when migrating from schema V0 to V1 (#10111)
fc5b2b336c774b0b8b032f7d87a1fb21e76b3f20|2024-04-16 09:56:33 +0200|Eduard Tudenhoefner|Core: Use 'delete' if RowDelta only has delete files (#10123)
fbcd142c5dc1ec99792ef8edc1378e3a027fecf7|2024-04-16 17:37:55 +0200|Rodrigo Meneses|Flink: Move flink/v1.18 to flink/v1.19
f761d98a1d53cdb6574aeb84733158924635f25f|2024-04-16 17:37:55 +0200|Rodrigo Meneses|Flink: Recover flink/1.18 files from history
b3ebcf109a3e94727051908995e3364fa2b89039|2024-04-16 17:37:55 +0200|Rodrigo Meneses|Flink: Refactoring code and properties to make Flink 1.19 to work
dd194b4391b947ee7caabbefd5e992fd92b9c524|2024-04-16 18:10:27 +0200|Rodrigo|Flink: Removes Flink version 1.16 (#10154)
0a4e6e6cfbea532745c8bc1523d221c72768506c|2024-04-17 07:11:54 +0200|Rodrigo|Docs: Updates flink versioning information in our docs (#10155)
c41c599fe877b676628ce05ff2653401d306c9c6|2024-04-17 13:43:23 +0200|Tom Tanaka|Flink: Backport Flink 1.18 JUnit5 migration to Flink 1.17 (#10163)
928888b579c456ceb82d2771c7ab9f07cc73ad53|2024-04-17 18:32:10 +0200|c-thiel|OpenAPI: Renaming views should return 204 (#10166)
228fc9b41f99f423d500a236c68216f0203dd42c|2024-04-17 12:01:24 -0600|JB Onofré|Core: Fix namespace SQL statement using ESCAPE character that works with MySQL/PostgreSQL (#10167)
8136463bd92dabe4c9b677c0d09a30664d584166|2024-04-18 11:23:57 +0200|Ahmet DAL|Flink: Don't fail to serialize IcebergSourceSplit when there is too many delete files (#9464)
1f8cad3c71850645f6656df652df523a5d8108a7|2024-04-18 12:46:28 -0700|Elkhan Dadash|Flink: port #9464 to v1.17 and v1.19 (#10177)
efa14bfb295e0c06f2c8e115a9f8166b3dfa13e3|2024-04-19 15:20:44 +0200|Eduard Tudenhoefner|Core: Improve size check in CatalogTests (#10182)
ed2d0410c861c6fcec825dff738d01559f2cd590|2024-04-19 10:43:46 -0600|Ajantha Bhat|Kafka-connect: Update iceberg.hadoop-conf-dir config description (#10184)
3ed04c16ec3d89a95ef35d33b0f8a088d464ece8|2024-04-21 17:09:48 +0200|dependabot[bot]|Build: Bump software.amazon.awssdk:bom from 2.25.31 to 2.25.35 (#10192)
e468d02e4a0d8131c7beb75fcbd3863a568de0bc|2024-04-21 17:10:08 +0200|dependabot[bot]|Build: Bump io.netty:netty-buffer from 4.1.108.Final to 4.1.109.Final (#10191)
9664940ae4f241a70bd4759fbe1a9564f7400f52|2024-04-21 17:10:26 +0200|dependabot[bot]|Build: Bump org.roaringbitmap:RoaringBitmap from 1.0.5 to 1.0.6 (#10190)
2510ef861cf135cd11d65fc8b9ee8b924b0ddcf9|2024-04-21 17:10:37 +0200|dependabot[bot]|Build: Bump mkdocs-material from 9.5.17 to 9.5.18 (#10189)
4261e18b7f739a48b1cc38b728bdbd3ebfebf193|2024-04-21 17:10:52 +0200|dependabot[bot]|Build: Bump gradle.plugin.io.morethan.jmhreport:gradle-jmh-report (#10193)
a23021d05d882f6c7b621159e151b4b076a7e98b|2024-04-22 09:42:18 +0200|Eduard Tudenhoefner|Core: Lazily compute & cache hashCode in CharSequenceWrapper (#10023)
e3b78be9ac32533500136e1a32d7f02efc03bef8|2024-04-22 08:09:16 -0600|Eduard Tudenhoefner|AWS: Make sure Signer + User Agent config are both applied (#10198)
866021d7d34f274349ce7de1f29d113395e7f28c|2024-04-23 12:21:20 +0200|Hanzhi Wang|Hive: turn off the stats gathering when iceberg.hive.keep.stats is false (#10148)
34e181b288464e9ede176b87ee1ecb27f3d3ac78|2024-04-24 17:24:52 +0200|Eduard Tudenhoefner|Docs: Don't check links on Release page (#10212)
bfe0daadd5ab1107a721b73cc0e72c3ad76cef23|2024-04-24 10:24:12 -0600|Fokko Driesprong|Docs: Use `svn mv` when releasing the binaries (#9926)
53261312d6313026dd8c8d202faa87f5f428b27d|2024-04-24 21:11:21 +0200|Amogh Jahagirdar|Infra: Add 1.5.1 to issue template (#10214)
0f11f54c438f946ccf4224f6da3613689f7821bf|2024-04-24 21:37:03 +0200|Amogh Jahagirdar|Update site to 1.5.1 docs (#10218)
f460964e78dbbfbe81fd093d436dca80c72e7124|2024-04-25 11:21:28 +0200|Eduard Tudenhoefner|Core: Use 'delete' / 'append' if OverwriteFiles only deletes/appends data files (#10150)
837a4aab37233827ec01168bc2b835f3ffcdb4bd|2024-04-25 13:38:23 +0200|Akira Ajisaka|AWS: Fix TestGlueCatalogTable#testCreateTable (#10221)
10ffc606219d34c801c2109a9d19d0848a63d2dc|2024-04-25 18:09:29 +0200|Amogh Jahagirdar|Docs: Add 1.5.1 release notes (#10224)
5821efcdd521fa4d0f244500d3edb5e1c9e06311|2024-04-26 08:50:30 +0200|Fokko Driesprong|Spec: Clarify missing fields when writing (#8672)
c9f775b8063e9af4c14de12659c36a4286e4b000|2024-04-26 08:50:48 +0200|Fokko Driesprong|Flink: Move ParquetReader to LogicalTypeAnnotationVisitor (#9719)
b7d3a7f9d33aae2a85f9a742ed1ab87608283d28|2024-04-26 12:30:16 +0200|pvary|Flink: Fix bounded source state restore record duplication (#10208)
c9eed438165ff0b399c953a00d65507d02d3971f|2024-04-26 15:46:34 +0200|Alexandre Dutra|REST: fix incorrect token refresh thread name (#10223)
21c0ec491d394ff15739d986f3bae460cdd722e4|2024-04-26 15:51:37 +0200|pvary|Flink: Backport #10208 to v1.18 and v1.17 (#10230)
646440abf6f1d6a5c06979b5939c33c5a410a7ba|2024-04-26 19:19:13 +0200|pvary|Flink: Prevent setting endTag/endSnapshotId for streaming source (#10207)
1e35bf96ecacd5c5175116f40fa3e097991d04d2|2024-04-27 06:44:39 -0700|pvary|Flink: Backport #10207 to v1.18 and v1.17 (#10235)
01bc864b8eb8c4ca4240af85f00f4e67c78c466e|2024-04-28 08:04:31 +0200|dependabot[bot]|Build: Bump nessie from 0.79.0 to 0.80.0 (#10237)
a0a6bcfe542518b8fdfb958298e5fb33d4afafdd|2024-04-29 08:45:08 +0200|dependabot[bot]|Build: Bump software.amazon.awssdk:bom from 2.25.35 to 2.25.40 (#10240)
9310bd4828736e26caecd1f6e51274fd840440a9|2024-04-29 08:45:27 +0200|Ajantha Bhat|Spark: Bump minor version for Spark-3.4 (#10243)
6016110d941ec001f593a7c20bdaff81a131208a|2024-04-29 08:45:52 +0200|dependabot[bot]|Build: Bump com.gorylenko.gradle-git-properties:gradle-git-properties (#10239)
a55797d4ac8724befbfa6e27ff1c8591c572bdb3|2024-04-29 08:46:13 +0200|dependabot[bot]|Build: Bump com.google.errorprone:error_prone_annotations (#10236)
426818bfe7fa93e8c677ebf886638d5c50db597b|2024-04-29 12:20:15 +0200|Marc Cenac|Core: Add property to disable table initialization for JdbcCatalog (#10124)
6f0d9dd47c693dc2aa13a38fab3d56473d925563|2024-04-30 12:23:55 +0200|Tom Tanaka|Flink: Migrate tests to JUnit5 (#10232)
96268505b4b9db0df7f866a27c0c25ad0c665a54|2024-04-30 14:45:37 +0200|JB Onofré|Release: add instruction to update doap.rdf file as part of release process (#9655)
5aa0d3bf27112fcf5d952f208c4b530d3892ae8f|2024-04-30 16:14:39 +0200|JB Onofré|Add stale PRs management (#10134)
e785aa7faa08794be26abe32f11422016ddac490|2024-04-30 16:43:04 +0200|Ajantha Bhat|Docs: Update doap.rdf (#10255)
e85884d269555a5608ba4dacc0c1d4e2278c5509|2024-04-30 21:35:12 +0200|dependabot[bot]|Build: Bump com.azure:azure-sdk-bom from 1.2.22 to 1.2.23 (#10238)
839f71c0053d2f453fe57fb3592e7d8e9f1f74ed|2024-04-30 21:35:27 +0200|dependabot[bot]|Build: Bump mkdocs-material from 9.5.18 to 9.5.19 (#10241)
8396097711c0443cf743c9225c16db9900dd8dea|2024-04-30 21:35:35 +0200|dependabot[bot]|Build: Bump datamodel-code-generator from 0.25.5 to 0.25.6 (#10242)
1757577937d0e9c385ace059b8e8f7f1f75d5fc1|2024-04-30 22:52:48 +0200|pvary|Flink: Apply DeleteGranularity for writes (#10200)
aeb26820a82859323c46f1879bd96f932a3cfca5|2024-05-01 17:11:29 +0200|Fokko Driesprong|Hive: Remove deprecated `setSchema(TableMetadata, Map<String, String>)` (#10257)
032330856631ebeb22718acbc64fb19011f2f064|2024-05-01 20:46:38 +0200|pvary|Flink: Backport #10200 to v1.19 and v1.17 (#10259)
7600ba74faef15b4d5593e9ada255e6dc999d0ed|2024-05-03 08:35:38 +0200|Rahil C|Core: Add pagination when listing namespaces/tables/views (#9782)
51061511edd953cc0456b7e2b8e8c7dff7567795|2024-05-03 11:54:24 +0200|Sourabh Badhya|Docs: Update features for Hive 4.0 (#10162)
be305b2910848194160073009859b8f600ba5ed3|2024-05-03 12:27:50 +0200|dependabot[bot]|Build: Bump org.xerial:sqlite-jdbc from 3.45.2.0 to 3.45.3.0 (#10194)
9cd5977e4e63e7a3b54afd785e58fd678f0aa7f0|2024-05-05 11:46:16 +0200|dependabot[bot]|Build: Bump mkdocs-material from 9.5.19 to 9.5.21 (#10272)
ed84ea004542123d5a839be2e1f879cb3eb8f184|2024-05-06 10:41:09 +0200|Manu Zhang|docs: Remove link to Flink unit test (#10160)
2857d3a927527e8116871ef4abe6cfed15340188|2024-05-06 10:42:01 +0200|dependabot[bot]|Build: Bump nessie from 0.80.0 to 0.81.1 (#10267)
ed0959257cba02f378f7097d81cecaaaef9fa43f|2024-05-07 15:31:22 +0200|lurnagao-dahua|MR: Fix using Date type as partition field (#10210)
a5b85a73787cf092992f75245a0efe21735a4358|2024-05-09 15:01:18 +0200|Amogh Jahagirdar|Docs: Update site to 1.5.2 docs (#10291)
5d3d647ead118bdbfa718c7b46040e59ecae9b11|2024-05-09 15:21:39 +0200|dependabot[bot]|Build: Bump software.amazon.awssdk:bom from 2.25.40 to 2.25.45 (#10266)
e6586e947f8881d010a496a731dbb5524c0e8510|2024-05-09 11:42:37 -0600|Amogh Jahagirdar|Infra: Add Iceberg 1.5.2 to issue template (#10296)
b187b17f3faa15d9fb6f3f0acde7aad7a6213cd8|2024-05-09 11:43:35 -0600|Amogh Jahagirdar|Update doap.rdf for 1.5.2 release (#10297)
e10098b9ab7cb532d2ca4876f00997102446e52d|2024-05-09 14:06:31 -0600|Amogh Jahagirdar|Docs: Add release notes for 1.5.2 (#10295)
3c8e046978b1cc27080ff8fc1d626cdc92066562|2024-05-09 18:11:54 -0600|Dustin Metzgar|Spec: Fix markdown for struct evolution default value rules (#10290)
2b21020aedb63c26295005d150c05f0a5a5f0eb2|2024-05-10 11:18:46 -0600|Amogh Jahagirdar|Core: Retry connections in JDBC catalog with user configured error code list (#10140)
e484f0d71b8ef7164df4f8e6ed16142dfe346fbb|2024-05-11 10:05:23 +0200|dependabot[bot]|Build: Bump guava from 33.1.0-jre to 33.2.0-jre (#10271)
04792cf991608d836a1ce60651bf65d1b7f67120|2024-05-11 09:55:09 -0700|Anton Okolnychyi|Spark 3.5: Remove obsolete conf parsing logic (#10309)
485ce3470b070b2b23c50088c08bf8d247c9cecc|2024-05-13 04:41:07 +0200|dependabot[bot]|Build: Bump org.testcontainers:testcontainers from 1.19.7 to 1.19.8 (#10322)
b752b742e4d114df07e285dba018cda3cd7c5261|2024-05-13 08:54:32 +0200|911432|docs: Update Quickstart to Hive 4.0.0 (#10325)
d0dbc9cba264572a10fb96c001e4987fd6e07676|2024-05-13 14:29:06 +0200|dependabot[bot]|Build: Bump software.amazon.awssdk:bom from 2.25.45 to 2.25.50 (#10323)
b6236302c4d215e8f4fcab43571700093972887a|2024-05-13 12:47:51 -0700|Huaxin Gao|Parquet: Add Bloom filter FPP config (#10149)
02b1ff968d2a4bbe299dc2668ef9cda493058db7|2024-05-13 14:42:01 -0700|Huaxin Gao|Spark 3.5: Add support for enums in SparkConfParser (#10311)
d23c4902eb7ed319176bb7d74e04b6f2175e3593|2024-05-14 09:10:43 +0200|Amogh Jahagirdar|Spark: Backport tests for struct aggregation pushdown to 3.3/3.4, cleanup assertion (#10333)
ea916c1700ef37377d3e8bba1197b3fe32d1a248|2024-05-14 09:40:09 +0200|Andrew Sherman|Docs: Update vendor information for Cloudera (#10278)
5e08f886f367e548834afe1d43f99e0cb8d3ef5e|2024-05-14 10:29:24 -0700|Yufei Gu|Make proxy endpoint configurable for s3 Http clients (#10332)
a6fb9cd2d3f6bd1d6a678795c86b00077846ee53|2024-05-14 11:00:17 -0700|Huaxin Gao|Spark 3.4: Add support for enums in SparkConfParser (#10330)
2058053b0c6e5b1c7e91fa029162f22d109aafb1|2024-05-14 18:08:47 -0600|Akira Ajisaka|AWS: Retain Glue Catalog table description after updating Iceberg table (#10199)
4c9f47d208b16921f825a66e24d0693f2b76b03b|2024-05-15 12:14:20 -0700|Ajantha Bhat|Kafka-connect: Handle namespace creation for auto table creation (#10186)
2cd6d0d475a782b23bf53077703873d1c593f2c4|2024-05-15 14:11:53 -0700|Yufei Gu|Avoid adding a closed client to the pool (#10337)
090fe2eca9e2e01cb96857052fa688be8530edec|2024-05-16 14:05:19 +0200|dependabot[bot]|Build: Bump nessie from 0.81.1 to 0.82.0 (#10318)
788bea2695d78f8d16e7595d41de5ae7ca96b91e|2024-05-16 14:05:38 +0200|dongwang|Spark 3.5: Fix the setting of equalAuthorities in RemoveOrphanFilesProcedure (#10334)
f31315e9357ec29f7d42ef234add4d964a0cbc5d|2024-05-16 16:18:59 +0200|Marcos Vinícius da Silva|Docs: Fix Apache Doris documentation link (#10263)
f4aaa375e9243c9c8c6619a0f8e0a922b6dd9313|2024-05-16 17:18:00 +0200|dependabot[bot]|Build: Bump io.delta:delta-spark_2.12 from 3.1.0 to 3.2.0 (#10320)
139721fee680fa22c69d28c296563f9acabab8e2|2024-05-16 10:21:49 -0600|Amogh Jahagirdar|Remove unused manifest predicate (#10339)
bd046f844a1cbad6c98919d8ea63176aeae78d33|2024-05-16 18:48:58 +0200|Eduard Tudenhoefner|Spark: Fix issue when partitioning by UUID (#8250)
6abb99f0a72e27165131cf73b6e0ff587a8759c5|2024-05-17 09:30:28 +0200|dongwang|Spark 3.4, 3.3: Fix the setting of equalAuthorities in RemoveOrphanFilesProcedure (#10342)
2a68edc04e5e0426f449f099b0149c204a4c97e6|2024-05-17 09:32:00 -0700|Farooq Qaiser|Use a unique field-id for delete files elements (#10347)
2886ef4bf6cf575f9780a5bfd351a4f4d51cce4b|2024-05-17 10:20:57 -0700|Anton Okolnychyi|Core, Spark 3.4: Remove redundant output in tests (#10348)
236f6255b1c7eadc8338d23239755e539935c580|2024-05-18 10:50:04 -0600|Amogh Jahagirdar|Core: Replace deprecated Roaring64Bitmap#add call with addRange (#10350)
8d6bee736884575da7368e0963268d1cbe362d90|2024-05-19 18:17:36 -0700|Shardul Mahadik|Spark: Coerce shorts and bytes into ints in Parquet Writer (#10349)
fcd07d91aac2c0851e9174c0e0bd84b1a529856c|2024-05-23 09:17:55 +0200|dependabot[bot]|Build: Bump mkdocs-material from 9.5.21 to 9.5.23 (#10353)
f1a548f9724b25e2630d3a28d4051fbef9155f3a|2024-05-23 09:18:11 +0200|dependabot[bot]|Build: Bump org.springframework:spring-web from 5.3.34 to 5.3.35 (#10354)
b3c25fb7608934d975a054b353823ca001ca3742|2024-05-23 09:18:20 +0200|dependabot[bot]|Build: Bump software.amazon.awssdk:bom from 2.25.50 to 2.25.57 (#10367)
9114cc87ac48ac77402eb41d398c6371a79f3c79|2024-05-23 21:23:24 +0200|Rui Li|Hive: Use base table metadata to create HiveLock (#10016)
dd2197f835aa3f180c0f49246055ce665f9fef59|2024-05-23 12:48:33 -0700|Joshua Kolash|API: Fix aggregate pushdown when optional DataFile stats are null (#10273)
d4c2ef89500426eea66106b47e39841ec2383c54|2024-05-24 08:59:02 -0700|Anton Okolnychyi|Spark 3.5: Support camel case session configs and options (#10310)
311dbbb10dfa41fd22966ec87a03d449d0d84f96|2024-05-24 09:23:02 -0700|Akira Ajisaka|AWS: Support S3 DSSE-KMS encryption (#8370)
af9b9ee8a5500308d483016c8b585db8ed6b8c90|2024-05-27 09:44:49 +0200|Manu Zhang|Docs: add metrics-reporting back (#10377)
2a35e239603056d99a5576d25ac20529ee0d04c9|2024-05-27 09:48:58 +0200|dependabot[bot]|Build: Bump software.amazon.awssdk:bom from 2.25.57 to 2.25.60 (#10385)
9a3db37d393b4eb7a270ffef14f2a6a5ed6c71da|2024-05-27 12:30:43 +0200|dependabot[bot]|Build: Bump io.netty:netty-buffer from 4.1.109.Final to 4.1.110.Final (#10384)
ca8af31f7dc1044096964b84df6aac2732fee3fa|2024-05-27 12:31:07 +0200|dependabot[bot]|Build: Bump io.airlift:aircompressor from 0.26 to 0.27 (#10383)
957cb0d67f077d18ebf9f0b1a6abea7f099ac899|2024-05-27 12:31:27 +0200|dependabot[bot]|Build: Bump org.springframework:spring-web from 5.3.35 to 5.3.36 (#10382)
6f4b19516bc1cc4d4a89fd2018b918b6f7e6d625|2024-05-27 16:21:56 +0200|Robert Stupp|Prevent deadlock in Jackson (#10379)
580df62d4becd07e18c53bd0df52fe8a094da88c|2024-05-27 16:22:12 +0200|dependabot[bot]|Build: Bump nessie from 0.82.0 to 0.83.2 (#10381)
795fea9446723cf9c2dbc3cac07883cace8997c9|2024-05-27 14:52:29 -0700|Daniel Weeks|Url encode field names for partition paths (#10329)
f9cdde2516daea6d503798ef62e5869b5e46c31d|2024-05-28 09:55:57 +0200|dependabot[bot]|Build: Bump net.snowflake:snowflake-jdbc from 3.15.1 to 3.16.0 (#10269)
d723f9fc63d0be21475c8ca23fa2aefc2115147e|2024-05-29 23:20:28 -0700|Manu Zhang|Spark 3.5: Only traverse ancestors of current snapshot when building changelog scan (#10252)
2843f3233246118cbc963c7c6612da1ec2f60b8a|2024-05-30 10:27:11 +0200|Manu Zhang|docs: Add archive for documentations older than 1.4.0 (#10374)
46732b876a50409915f7ccf79471bb26c09f7ef8|2024-05-30 17:41:40 +0200|pvary|Flink 1.19: Fix flaky TestIcebergSourceFailover > testBoundedWithSavepoint (#10393)
2722290a7793dcb4f411aad271d5a22697c696f9|2024-05-30 20:50:47 +0200|Manu Zhang|docs: deploy on changes in `docs/` (#10394)
6a594546b06df9fb75dd7e9713a8dc173e67c870|2024-06-01 09:12:54 -0700|Manu Zhang|Spark 3.4: Only traverse ancestors of current snapshot when building changelog scan (#10405)
23eb5941cd599183be63676c9d1379ba102b1a97|2024-06-02 21:44:00 +0200|Fokko Driesprong|Bump Azurite test-container to `3.30.0`
b4ffbf4f18574cd3f461fc967bf600f1435d398c|2024-06-02 21:45:01 +0200|dependabot[bot]|Build: Bump mkdocs-material from 9.5.23 to 9.5.25 (#10413)
1837c81758344482086a82432e498fd2d509b48b|2024-06-03 08:03:11 +0200|dependabot[bot]|Build: Bump org.assertj:assertj-core from 3.25.3 to 3.26.0 (#10416)
ee11de91c94f742e3c8e6414a152d753a36384ff|2024-06-03 08:09:13 +0200|dependabot[bot]|Build: Bump guava from 33.2.0-jre to 33.2.1-jre (#10414)
2dfc0c66fa9e64344bc21d3d820d80a99f7ffd9c|2024-06-03 08:09:39 +0200|dependabot[bot]|Build: Bump org.xerial:sqlite-jdbc from 3.45.3.0 to 3.46.0.0 (#10415)
252168419f8ac1d251b39f0944a189184056e543|2024-06-03 08:11:33 +0200|Fokko Driesprong|Docs: Refer to the README.md in `site/` for the docs (#10402)
7d75f823ac0606e5efa25dc73b50e74b3bc87411|2024-06-03 14:36:06 +0200|Fokko Driesprong|Build: Require approving review (#10424)
134345dd20d99b4800aaefdab1397fd22819d1ff|2024-06-03 16:49:40 +0200|advancedxy|Parquet: Remove TestHelpers in parquet module (#10428)
67e181ea9b706afc8ff9d1bcd0f9e9c240f173cd|2024-06-03 08:58:16 -0600|Eduard Tudenhoefner|Core: Introduce AuthConfig (#10161)
45bdf3fd438aa8d2919282947e6c820117453ec6|2024-06-04 08:22:28 +0200|dependabot[bot]|Build: Bump software.amazon.awssdk:bom from 2.25.60 to 2.25.64 (#10421)
ab476abfdbdb7fbfc07751c4fc1ba4f32870a4e7|2024-06-04 08:23:04 +0200|dependabot[bot]|Build: Bump com.google.errorprone:error_prone_annotations (#10418)
40da6f1e430a233ac82e4b5fb41b29615daf298f|2024-06-04 12:32:07 +0200|Eduard Tudenhoefner|Core: Use TestTemplate instead of Test annotation in TestPartitionSpecParser/Info (#10435)
0a26f02876dfb3b9bbfac6720fb2506326e97273|2024-06-04 12:52:10 +0200|Manu Zhang|Docs: Point links in metrics-reporting.md to GitHub Java source (#10397)
a642a9350e06dc244ec167372985564372896850|2024-06-05 09:22:22 -0600|Eduard Tudenhoefner|Build: Clean up Jackson dependency usages (#10448)
cbe391d1faad059a23c861de941636350642f6b4|2024-06-05 10:00:45 -0700|Steven Zhen Wu|Flink: refactor sink shuffling statistics collection  (#10331)
59e937761aac2dddf14d331268aeb0b9adec6908|2024-06-05 10:31:49 -0700|Huaxin Gao|Spark 3.4, 3.5: SHOW VIEWS failed with AssertionError (#10442)
be46d29d402e44ddc365381933c8770a98ce5fec|2024-06-05 12:14:00 -0600|Amogh Jahagirdar|Core, Parquet, Orc: Don't write column sizes when metrics mode is None (#10440)
afc30818b734879e53a24f90f034685cf8fc56bc|2024-06-05 18:32:45 -0700|Huaxin Gao|Spark 3.4, 3.5: Follow-up for #10442, Remove static test import (#10451)
c7d3ef44367c46875f0367d312372fb2f246ae73|2024-06-06 09:51:25 +0200|pvary|Flink: Maintenance - MonitorSource (#10308)
e0dc57e3366347c773ff1c333ee158f9a49eb5c6|2024-06-06 16:12:05 -0700|Anurag Mantripragada|Open-API: Use union instead of inheritance for TableRequirements (#10434)
c7de6cb345995cb47312edbef6edae2f17fb8aba|2024-06-06 18:39:06 -0600|Ajantha Bhat|Core: Reword exception message in RewriteManifests validation (#10446)
75b3a052a739f85f28fa3e43ee29456aa01da066|2024-06-09 19:17:46 +0200|dependabot[bot]|Build: Bump com.palantir.gradle.gitversion:gradle-git-version (#10468)
5a0372c18c02ffb7322ed1eaeb20a89ed771f633|2024-06-09 20:56:32 +0200|Fokko Driesprong|Build: Remove links checker (#10404)
bab547474e2dcae7fab76164107404419f4d4fe1|2024-06-10 07:34:28 +0200|dependabot[bot]|Build: Bump software.amazon.awssdk:bom from 2.25.64 to 2.25.69 (#10466)
2a754486f7e1ff536d5c9b04742bcf379bc9c340|2024-06-11 03:36:47 -0700|dependabot[bot]|Build: Bump com.azure:azure-sdk-bom from 1.2.23 to 1.2.24 (#10420)
fa95e1277fc38dae2f2cbe1c687b163d928b03aa|2024-06-11 03:40:06 -0700|dependabot[bot]|Build: Bump mkdocs-material from 9.5.25 to 9.5.26 (#10464)
282fa73b2c2b51b1d519a91e8bb05b2d2bdf3cf4|2024-06-11 05:04:06 -0700|Piotr Findeisen|Pin 3rd party CI action version (#10481)
bdd6225b6296c7fb10e396494f6735b72faf4feb|2024-06-12 06:14:20 -0700|dependabot[bot]|Build: Bump io.delta:delta-standalone_2.12 from 3.1.0 to 3.2.0 (#10321)
b6c949cd86c372a87a4d43a557c19dd310af80d8|2024-06-12 16:50:17 -0700|Szehon Ho|Core, Spark: Calling rewrite_position_delete_files fails on tables with more than 1k columns (#10020)
74cf6977b9db46df2850f29d099764d76950b6a2|2024-06-14 02:55:54 -0700|Alexandre Dutra|Build: Bump Nessie to 0.90.4 (#10492)
a02b551825786b0d7b5653800a69e77d1809b2de|2024-06-14 22:04:21 +0200|GYoung|Core: Simplify `loadCatalog` method call in Iceberg (#10488)
42c3159226ab8f7f3969760b6d75a40246a19bd7|2024-06-14 15:03:20 -0700|GYoung|MR: Optimize schema string retrieval in Iceberg (#10489)
b7a0bea6e5cd31b871bd6e038ff78588d80a6655|2024-06-15 14:19:51 +0200|Piotr Findeisen|Build: Rename allVersions flag to allModules (#10499)
636f96304904599c3f1ae7f5f073400ca80a3239|2024-06-15 21:10:05 +0200|dependabot[bot]|Build: Bump net.snowflake:snowflake-jdbc from 3.16.0 to 3.16.1 (#10419)
6c76a3a9a7a41db0451992625d54e0109ff6ba53|2024-06-15 21:10:25 +0200|dependabot[bot]|Build: Bump org.scala-lang.modules:scala-collection-compat_2.13 (#10195)
31654239eb86bf66573102b451d6df8c7722d6e6|2024-06-16 10:06:11 +0200|dependabot[bot]|Build: Bump org.springframework:spring-web from 5.3.36 to 5.3.37 (#10503)
26c298a934899cb7caf0af69f38f1da6563b9b01|2024-06-16 10:06:23 +0200|dependabot[bot]|Build: Bump io.netty:netty-buffer from 4.1.110.Final to 4.1.111.Final (#10504)
26dc338a4d3ffd6e0f3cda1c7be65f5f299c1824|2024-06-16 10:06:38 +0200|dependabot[bot]|Build: Bump software.amazon.awssdk:bom from 2.25.69 to 2.26.3 (#10505)
a3a2b585b9f84ca1f829b6e7dd9ce3315911987d|2024-06-16 10:06:53 +0200|dependabot[bot]|Build: Bump datamodel-code-generator from 0.25.6 to 0.25.7 (#10507)
3d3e565a793280f2925114ada9d853ea304d6b9b|2024-06-17 08:40:04 +0200|Piotr Findeisen|Core: Remove deprecated APIs scheduled for removal in 1.6.0 (#10501)
5f3809c5159694618e0619cffd563077f1b56c12|2024-06-17 14:59:32 +0200|Piotr Findeisen|Core, Flink, Spark: Import the right assertThatThrownBy method from AssertJ (#10512)
87810c8f2b6e47c45d1d179f9f84ccb461a5b9bb|2024-06-17 15:00:56 +0200|Piotr Findeisen|AWS: Rename test helper to deconflict with Assertions (#10511)
1928257ce3d8ec6dfa96fb9d8424294b27bc3f72|2024-06-17 15:11:11 +0200|Piotr Findeisen|Build: Merge job definitions in spark-ci.yml (#10513)
52d82f93efe77a33ff6c898126292aadcce65916|2024-06-17 15:49:42 +0200|Piotr Findeisen|API, Spark 3.3: Remove all usages of deprecated AssertHelpers (#10500)
d8f26caa97b5c06ee3a428b5c0868762a6f553a3|2024-06-17 07:34:23 -0700|Amogh Jahagirdar|Spark: Use bulk deletes in rewrite manifests action (#10343)
4859b552e961d84ead2e131dd085e05edcbb2453|2024-06-17 10:36:19 -0700|Cancai Cai|Build: Update NOTICE to include copyright for 2024 (#10471)
ae6f9066eefd1043d3f389f74f05e3279680b65b|2024-06-17 21:18:31 +0200|Piotr Findeisen|Remove redundant `-XX:+IgnoreUnrecognizedVMOptions` (#10475)
2289758dc9c1ba75c04be084c1b66884e70c8af9|2024-06-18 09:16:20 +0200|Fokko Driesprong|spec: Fix formatting of Default values (#10525)
2862047771da068fe11745064f78d44f39ca9d05|2024-06-18 09:36:11 +0200|Manu Zhang|docs: Introduce variable for setting the Flink version (#10463)
0b505de413acb02441efb46ddc7aa1f1cd5621f4|2024-06-18 11:41:48 +0200|Piotr Findeisen|Flink: Import Assertions statically (#10532)
316f0a11bf5aa3d24cf7cb0c649960e42c312b36|2024-06-18 11:52:40 +0200|Piotr Findeisen|Spark: Import Assertions statically (#10531)
5ea78e3fbe5d8c9c846a1b86bcd2b77d13a31acd|2024-06-18 12:56:29 +0200|Piotr Findeisen|Statically import methods from AssertJ Assertions (#10517)
3c714402773296e168263c63b5ffd346fdb654b0|2024-06-18 13:07:33 +0200|DaqianLiao|Core: Simplify newTableMetadata method in TableMetadata (#10528)
08cc776bfef8c576378b9fc2d8f74f6c6e87370d|2024-06-18 13:54:48 +0200|Piotr Findeisen|Build: Run revapi workflow on workflow/build system changes (#10485)
9dbfbbb203c007592b8ba5f4816925043c08923a|2024-06-18 08:22:47 -0700|Piotr Findeisen|API, Core, Flink, Avro, Parquet: Remove dead code and update javadocs (#10530)
791140652c39d9c912ac008c64edea7db6d047f0|2024-06-18 18:01:44 +0200|Piotr Findeisen|Fix JVM locale dependent casing (#10521)
8248663a2a1ffddd2664ea37b45882455466f71c|2024-06-19 09:40:51 +0800|Piotr Findeisen|Fix code depending on JVM default charset (#10529)
cbd11d7aa54a3b531f59a5e83411a163f9126a0c|2024-06-19 11:05:29 +0200|Piotr Findeisen|Run Flink tests on Java 17 (#10477)
10d7ab11c90f7f0f6b60919e3bca6db251ec697e|2024-06-19 18:53:27 +0200|Piotr Findeisen|Run Hive3 tests on Java 11 and 17 too (#10482)
23a578e5c68dcb13d7474a6023d866f09ca512a9|2024-06-20 09:44:13 +0200|Eduard Tudenhoefner|Core: Prevent duplicate data/delete files (#10007)
601efaf309712eca21228f8949813133606a42b8|2024-06-20 12:26:45 +0200|Qishang Zhong|Flink: Fix the condition of `formatVersion` for skipping test cases (#10541)
a2a679f7c085ab77c215e00e091d3cea7fc57188|2024-06-20 15:36:38 +0200|Piotr Findeisen|Build: Sort error-prone configuration options (#10540)
c67c9124d324207d742307982de31e5ff2ebcd01|2024-06-20 08:27:59 -0700|Amogh Jahagirdar|Core, Spark: Spark writes/actions should only perform cleanup if failure is cleanable (#10373)
1ec69d1ce91fa32bd60df5aec8bf9238f5451ca8|2024-06-20 18:10:14 +0200|Piotr Findeisen|Docs: Allow Java 17 in contribute.md (#10545)
e57b9f69543886236297db43923a08994f9e18c4|2024-06-21 07:33:26 -0700|Amogh Jahagirdar|Spark: Backport #10373 to Spark 3.3 and 3.4 (#10546)
a47937c0c1fcafe57d7dc83551d8c9a3ce0ab1b9|2024-06-21 10:34:13 -0700|Huaxin Gao|Spark 3.5: Support Aggregate push down for incremental scan (#10538)
da6268ef192079b7dfc2d81b7ac7f606a88d7d02|2024-06-24 10:20:54 +0200|dependabot[bot]|Build: Bump mkdocs-material from 9.5.26 to 9.5.27 (#10555)
87d2fdd173db5813869435f2747920f2bdc8eda8|2024-06-24 10:24:27 +0200|dependabot[bot]|Build: Bump software.amazon.awssdk:bom from 2.26.3 to 2.26.7 (#10554)
a75fb1c961128f2fc49dd3f7835edd005410585e|2024-06-24 10:28:52 +0200|dependabot[bot]|Build: Bump nessie from 0.90.4 to 0.91.1 (#10551)
29fd2a0cb940fd16aa5bfb8003ec1354e678c949|2024-06-24 10:34:55 +0200|dependabot[bot]|Build: Bump org.roaringbitmap:RoaringBitmap from 1.0.6 to 1.1.0 (#10552)
5733aecd0d010b17b9bd0f10aaccb601b1f13c90|2024-06-24 10:39:26 -0700|Hongyue/Steve Zhang|Core: Pushdown data_file.content filter in entries metadata table (#10203)
c85f66759e112dd1a02d1636ffe0814f514e64c9|2024-06-25 12:17:04 +0200|Alexandre Dutra|Build: Bump Nessie to 0.91.2 (#10563)
4bd9e64f283bc80b2fd41cec2fe939dd5697db0a|2024-06-25 12:18:05 +0200|dongwang|Spark: Remove useless code in `TestRemoveOrphanFilesProcedure` (#10562)
565352d12be30735d9224f894099defd6cd45b09|2024-06-25 17:29:23 +0200|JB Onofré|Build: Upgrade to gradle 8.8 (#8486)
8af8a4da5efcdaecdafb59766a9325fe3f3f5043|2024-06-25 10:21:23 -0600|Huaxin Gao|Spark: Backport support for Aggregate push down for incremental scan to Spark 3.4 (#10561)
10fc04b639136af7e5bf6720e89b00637109374c|2024-06-25 15:42:43 -0600|Fokko Driesprong|Build: Move to `goooler` shadow plugin (#10568)
29ff08a08633ca8df194a26f533b5f9af50fca9e|2024-06-25 15:40:42 -0700|Fokko Driesprong|Spec: Fix Typo (#10564)
9ed33839e7a8820b5069cbb51cd54a80785d6a62|2024-06-26 10:37:37 +0200|Steven Zhen Wu|Core, Flink: Add task-type field to JSON serde of scan task / Add JSON serde for StaticDataTask. (#9728)
c88e9422bb5a2a27ff6ee71c26740f20dd00ea29|2024-06-26 15:41:14 +0200|Robert Stupp|Azure: Make AzureProperties w/ shared-key creds serializable (#10045)
87a988fdda5fc68fd3b04947e000ef190fa54f61|2024-06-26 18:28:00 +0200|Manu Zhang|Spark 3.5: Parallelize reading files in snapshot and migrate procedures (#10037)
f9f30f6b90515b084b9292ead67508a54e115968|2024-06-27 10:37:06 +0800|edson duarte|Docs: Add BigQuery docs url to sidebar (#10574)
91fbcaa62c25308aa815557dd2c0041f75530705|2024-06-28 09:04:43 +0200|Piotr Findeisen|Build: Run CI checks on all supported JDKs (#10473)
c469edf6cd241e848d3926a07d978cc4b5994cc5|2024-06-28 11:32:05 +0200|Piotr Findeisen|Common: DynConstructors cleanup (#10542)
7071dc18ed66454542f466b5bfe8821028f2db0c|2024-06-28 12:30:13 +0200|Piotr Findeisen|Fix CI script inclusion of release branches (#10514)
2bdae5e744dc014963cb6c5e1a2372f1718888c5|2024-06-29 08:22:01 -0600|Tai Le Manh|Fix incorrect double-checked-locking around TestStreamScanSql#tEnv (#10605)
f0cb1ec2c6c97ed07b1f3acbdb28d985cae3e7e8|2024-06-30 15:15:21 +0200|dependabot[bot]|Build: Bump nessie from 0.91.2 to 0.91.3 (#10608)
0e7aa84b1dd378b4be56f5b45b6744b383501bd9|2024-06-30 19:12:33 +0200|dependabot[bot]|Build: Bump software.amazon.awssdk:bom from 2.26.7 to 2.26.12 (#10611)
a975a955523239ca6423adf2ec26915ca8675f4f|2024-07-01 15:24:02 +0200|Tom Tanaka|Flink: Migrate HadoopCatalog related tests (#10358)
d3cb1b696a1631a9cca4619f93252cd0a985fbfc|2024-07-01 15:33:17 -0600|Helt|Core: Fix ParallelIterable memory leak where queue continues to be populated even after iterator close (#9402)
f4ddaea56b7039ecf4e94273aa037e52da934de4|2024-07-01 18:23:30 -0600|Tai Le Manh|Core: Handle potential NPE in RESTSessionCatalog#newSessionCache (#10607)
3df3d29a6938f5999161b39bb219527b8cb67c80|2024-07-02 09:47:23 +0200|dependabot[bot]|Build: Bump io.github.goooler.shadow:shadow-gradle-plugin (#10612)
0eab91aad705205ebbf675eeb9ea49d3a07d4755|2024-07-02 18:26:47 +0200|Tom Tanaka|Flink 1.17, 1.18: Migrate HadoopCatalog related tests (#10620)
afda8be25652d44d9339a79c6797b6bf20c55bd6|2024-07-03 14:36:53 +0200|Robert Stupp|Address IntelliJ inspection findings (#10583)
d255c87b00c8ca422a1d32a33b3a9cfe2f04cea2|2024-07-03 14:39:08 +0200|Robert Stupp|Build: Enable the Gradle build cache (#10602)
3825477b0175d0e24960c89815c217f1ff8d2563|2024-07-03 17:36:49 -0600|Robert Stupp|API, Flink, ORC: Fix implicit `long` casting issues (#10580)
d1f9f28f4fbf32e4adff324fa5864d73bd522880|2024-07-04 08:14:58 +0200|Alexandre Dutra|REST: disallow overriding "credential" in table sessions (#10345)
c7eba348d86563e1aefd711e664b45e393a44261|2024-07-04 08:23:54 +0200|Robert Stupp|Apply IntelliJ inspection findings to older Spark + Flink versions (#10625)
4048987d2f667449bcb62a442177e4c0b36a3c36|2024-07-04 14:06:57 +0200|Alexandre Dutra|Core: Assume issued_token_type is access_token to fully comply with RFC 6749 (#10314)
4aee3076171141bcbc03f381af84419f6afad54e|2024-07-04 18:02:47 +0200|Robert Stupp|Flink: Fix `long` casting issues (#10629)
fc213cc3937b4cefbc21beb6d5b47f564c439810|2024-07-04 11:34:22 -0600|Tai Le Manh|Core: Handle possible heap data corruption in OAuth2Util.AuthSession#headers (#10615)
9a0fc49481c232bf0eb149fa189d875cded6a231|2024-07-05 08:46:24 +0200|Sotaro Hikita|AWS: Retain Glue Catalog column comment (#10276)
83dd59a6f89bf9a93e430ba0cc0995e14897db63|2024-07-05 08:53:38 +0200|Ajantha Bhat|Build: Use official revapi Gradle plugin (#10631)
24d26b6a35a1287531e72357691d9dbd3d7f79bd|2024-07-05 09:08:44 +0200|dongwang|Core: Fix create v1 table on REST Catalog (#10369)
ce1279e3d001d2757b61db42e6d460ba649a5e29|2024-07-05 12:10:02 +0200|Tom Tanaka|Flink 1.19: Migrate source package to JUnit5 (#10632)
6223708dd574d2e6f775f8e107a78f217c676481|2024-07-05 09:49:18 -0700|Hongyue/Steve Zhang|Spark 3.5: Support read of partition metadata column when table has over 1k columns (#10547)
1c3476d953865c1953d54ce02be12b5b19dafe1c|2024-07-07 08:10:05 +0200|dependabot[bot]|Build: Bump com.azure:azure-sdk-bom from 1.2.24 to 1.2.25 (#10652)
d06da2dd76454a8e3485fad23de4ccc123611447|2024-07-07 13:51:56 +0200|dependabot[bot]|Build: Bump software.amazon.awssdk:bom from 2.26.12 to 2.26.16 (#10650)
b911cac63149d47ce1feec5c315de4b8457dffbb|2024-07-07 19:09:17 +0200|dependabot[bot]|Build: Bump jetty from 9.4.54.v20240208 to 9.4.55.v20240627 (#10654)
096e507d04985b3c59a16552c7ec1cece083d4c1|2024-07-07 19:35:22 +0200|dependabot[bot]|Build: Bump kafka from 3.7.0 to 3.7.1 (#10653)
49e416343a1647587072b4f0c4c2bae995d23835|2024-07-08 09:19:25 +0200|dependabot[bot]|Build: Bump org.roaringbitmap:RoaringBitmap from 1.1.0 to 1.2.0 (#10655)
bbf350c590ec39d1ccf91395888d2a71aa4af66f|2024-07-08 13:27:18 +0200|dependabot[bot]|Build: Bump datamodel-code-generator from 0.25.7 to 0.25.8 (#10649)
afa913679b8b5db2a120ad6eae7244c7a8451c59|2024-07-08 14:28:01 +0200|dependabot[bot]|Build: Bump mkdocs-material from 9.5.27 to 9.5.28 (#10648)
06b4610458469c344bb6ecd5207467202b5dc231|2024-07-08 15:12:47 +0200|Eduard Tudenhoefner|Build: Downgrade Gradle from 8.8 to 8.7 due to bug with older OSX versions (#10637)
1f6ff6c70c8c921f56ee9d538f14a0eca6cfe00c|2024-07-09 16:55:37 +0200|Attila Kreiner|Data: Switch tests to JUnit5 + AssertJ-style assertions (#10657)
7d796e0b38ad7f2d80e76b3a250e3f8705c1a62f|2024-07-10 08:13:43 +0200|Tom Tanaka|Flink 1.17, 1.18: Migrate tests to JUnit5 (#10663)
05923d6ab821a37108409236e03ef7dd5df62670|2024-07-10 08:38:23 +0200|fengjiajie|Flink: Pre-create fieldGetters to avoid constructing them for each row (#10565)
4714bbfa20642516037abac8545c24b326b53787|2024-07-10 09:25:12 +0200|Eduard Tudenhoefner|Dell, Hive3: Convert remaining tests to JUnit5 (#10670)
56e6b6f7b1ae3892534908a9ad276657c5d180f9|2024-07-10 14:40:22 +0200|Eduard Tudenhoefner|Build: Define JUnit4 dependency only where necessary (#10672)
6a80b7b61b8fc111f10c7c3f9ae9327e3ef6b353|2024-07-10 16:44:14 +0200|Attila Kreiner|Flink, Spark: Rename constants to be all uppercase (#10675)
61c9b6f0bac595be2fe7d291bffe72ab8b585936|2024-07-10 21:46:38 +0200|fengjiajie|Flink: Backport #10565 to v1.18 and v1.19 (#10676)
41e19512b996ac2768ca33d9b4c8c470ce40b76e|2024-07-11 15:42:38 +0200|Attila Kreiner|Rename & enforce constants to be all uppercase (#10673)
048c92d43d6e1180e399ee9c68ad952310230b2b|2024-07-11 06:47:12 -0700|Devin Smith|Build: don't include slf4j-api in bundled JARs (#10665)
d8e7642d4e61b6d442c38b2cab1f631864c4e368|2024-07-11 08:22:20 -0700|Bryan Keller|Kafka Connect: Commit coordination (#10351)
89a0b0ffcebaf640d7df394b97404cb9505817c7|2024-07-11 21:12:03 +0200|JB Onofré|Upgrade to Gradle 8.9 (#10686)
5455d30d9b6e0409d517138e9b80d6831ffb233b|2024-07-11 21:30:35 -0600|Hongyue/Steve Zhang|Core: Use bulk deletes when removing old metadata files (#10679)
07002fae27445408a4f8aeb512b14e1a555aa94f|2024-07-12 10:06:00 +0200|Denys Kuzmenko|Core: Expose incremental/changelog scan in SerializableTable (#10682)
63af974efe51486c89bff8df5416781ab3181976|2024-07-12 11:05:10 +0200|Robert Stupp|OpenAPI: Deprecate `oauth/tokens` endpoint (#10603)
83bb1bf57c84b9082d81d6e1e7833d04554527d5|2024-07-12 11:05:59 +0200|Robert Stupp|Bump Nessie from 0.91.3 to 0.92.0 (#10689)
d9dbb75ed057c4f6673626763f257c0a9049e249|2024-07-12 12:15:24 +0200|Yuya Ebihara|Core: Exclude unexpected namespaces JdbcCatalog.listNamespaces (#10498)
ed228f79cd3e569e04af8a8ab411811803bf3a29|2024-07-12 14:25:39 +0200|boroknagyz|Core: Fix NPE during conflict handling of NULL partitions (#10680)
9724aa2f77a01537f65ca2b84185cc4c43ab2ab7|2024-07-12 16:32:12 -0700|Hongyue/Steve Zhang|Spark 3.3, 3.4: Support read of partition metadata column when table is over 1k (#10641)
de4262ddc83fa2f7f0559bec294efbb9eb47e2b9|2024-07-14 09:53:12 +0200|dependabot[bot]|Build: Bump org.assertj:assertj-core from 3.26.0 to 3.26.3 (#10698)
0acdb3f6541605d6f17c0415e6f736060deb15d3|2024-07-15 08:42:20 +0200|dependabot[bot]|Build: Bump com.google.cloud:libraries-bom from 26.28.0 to 26.43.0 (#10699)
18c2123cdeaebe60cb671dba8a976bbb1146faa6|2024-07-15 08:42:45 +0200|dependabot[bot]|Build: Bump nessie from 0.92.0 to 0.92.1 (#10697)
96e77596ad85275c07146f37aa0edcf4d660b93c|2024-07-15 08:43:35 +0200|dependabot[bot]|Build: Bump software.amazon.awssdk:bom from 2.26.16 to 2.26.20 (#10700)
6319712b612b724fedbc5bed41942ac3426ffe48|2024-07-15 11:13:47 +0200|Eduard Tudenhoefner|OpenAPI: Fix property names for stats/partition stats (#10662)
5479545e900a604e10eb52312e65bca18fc3ceb4|2024-07-15 14:38:03 -0500|Robert Stupp|Nit: fix/suppress false-positivie errorprone warning (#10690)
ab580b9955ade2c4a755d5b8e150058088a48c2a|2024-07-15 21:02:35 -0700|Steven Zhen Wu|Spec: remove the JSON spec for content file and file scan task sections. (#9771)
404c665800b645c2cb2453c5ed20dffd7f59d795|2024-07-16 11:21:42 +0200|Ajantha Bhat|Infra: Fix stale PR workflow (#10706)
12f2e14c3b0d78b248cce3fdbd2741f0789a0065|2024-07-16 12:33:45 +0200|Piotr Findeisen|Update references to `main` branch (#10705)
4a0ae22199375e34f9033bed9781da3dc90d53c6|2024-07-16 13:58:13 -0700|Szehon Ho|Docs: Clarify defaults for distribution mode (#10575)
ff7e833c64806915af47499cbecf926ecdc875ee|2024-07-17 08:29:38 +0200|Eduard Tudenhoefner|Infra: Improve Bug report template (#10708)
cc1a1e495548d1e1ae7e0c0922824d6f2e35e926|2024-07-17 09:08:01 +0200|dependabot[bot]|Build: Bump net.snowflake:snowflake-jdbc from 3.16.1 to 3.17.0 (#10696)
f59055a07030f19904648a4738774cb605196985|2024-07-17 09:13:13 +0200|Manu Zhang|Spark 3.3: Ignore flaky test taking up all device space (#10704)
206e471de401da65070ee9099adc2f9691b8e781|2024-07-17 11:30:45 +0200|Ajantha Bhat|Infra: Increase operation per limit for stale bot workflow (#10712)
5a562bb078d30ac0633c2960e2558780cb183e89|2024-07-17 13:49:02 +0200|Piotr Findeisen|DynFields, DynMethods code cleanup  (#10543)
319f29ea860e42e7cc21cda8c05d882134e6431f|2024-07-17 11:07:10 -0700|Anurag Mantripragada|Docs: Add examples for DataFrame branch writes (#10644)
3c46178855ecec864e1ea9ff67392c0c96d49e0d|2024-07-17 15:14:43 -0500|Amogh Jahagirdar|Core: Make new TableMetadata.Builder constructor private (#10714)
229d8f6fcd109e6c8943ea7cbb41dab746c6d0ed|2024-07-17 18:35:21 -0600|Piotr Findeisen|Common: Update the version in deprecation messages (#10715)
bc72b2ee6b14e83eff6a49bc664c09259e5bb1c8|2024-07-18 16:58:05 +0200|gaborkaszab|Docs: Fix link on Concepts page (#10718)
5f970a839674f68a4b2f07cdca012ab4a15566c0|2024-07-18 17:27:06 -0600|Farooq Qaiser|Core: Support appending files with different specs (#9860)
cb6540c8c9897968127e8fef02950259efed8fcf|2024-07-18 19:30:01 -0600|Piotr Findeisen|Core: Remove unnecessary class-level synchronized in ManifestFiles (#10544)
e02b5c90ef305b4d1ca5c19f0b9b2e99f9392e44|2024-07-19 10:23:15 -0700|emkornfield|Spec: Clarify which columns can be used for equality delete files. (#8981)
0e678ce588c75019948b28a26572e972ce8a07ef|2024-07-21 19:14:14 +0200|dependabot[bot]|Build: Bump nessie from 0.92.1 to 0.93.1 (#10727)
fd0d5889d9f0d9cbf70c53205fd37a8a219c09f7|2024-07-22 08:41:28 +0200|dependabot[bot]|Build: Bump org.testcontainers:testcontainers from 1.19.8 to 1.20.0 (#10730)
224782fe11677e5878e9487a73147cb9f69a1450|2024-07-22 09:16:53 +0200|dependabot[bot]|Build: Bump mkdocs-material from 9.5.28 to 9.5.29 (#10734)
2a7293343798414d275b0c43cdd9635461fbb325|2024-07-22 09:18:17 +0200|dependabot[bot]|Build: Bump org.roaringbitmap:RoaringBitmap from 1.2.0 to 1.2.1 (#10733)
5eb9be6fed667d8f07b7f3f50aa01312ae535add|2024-07-22 09:18:30 +0200|dependabot[bot]|Build: Bump software.amazon.awssdk:bom from 2.26.20 to 2.26.21 (#10729)
8eb75db09002611d1f45e2fb769c974baf2fa1c1|2024-07-22 09:18:40 +0200|dependabot[bot]|Build: Bump io.netty:netty-buffer from 4.1.111.Final to 4.1.112.Final (#10726)
3067261c91d0e02c46a1d4ad2b1df1dc64574fba|2024-07-22 09:18:52 +0200|dependabot[bot]|Build: Bump orc from 1.9.3 to 1.9.4 (#10728)
ad59eb7d60e84e8b98415708ec38da5382cf6fc7|2024-07-22 09:47:13 +0200|dependabot[bot]|Build: Bump com.google.errorprone:error_prone_annotations (#10731)
fae8f6e733e475099f54675e7d73eac3718cbc2f|2024-07-22 10:25:00 +0200|Tom Tanaka|Flink: Migrate remaining classes to JUnit5 (#10684)
7477f8bfbcf9cded7129bbf8ca7e91bcaa81c1ae|2024-07-22 10:36:05 -0600|dongwang|API, Build: Fix typo in comments in `Table` and `gradlew` (#10744)
344bd3e76cb2652bd4aa980313d753ad9d678e2f|2024-07-22 10:10:37 -0700|Steven Zhen Wu|Flink: parameterize Flink table source tests to test both old and FLIP-27 source implementations (#10741)
7831a8dfc3a2de546ca069f4fc1e7afd03777554|2024-07-22 13:08:09 -0700|Piotr Findeisen|Core: Limit ParallelIterable memory consumption by yielding in tasks (#10691)
604b2bb85ccd33a132e0f588fad1611ab655e2c5|2024-07-22 13:59:18 -0700|Steven Zhen Wu|Flink: handle rescale properly and refactor statistics (#10457)
f7b3906003cf081c0ec29942582e21d014d8401c|2024-07-23 14:35:22 +0200|Tom Tanaka|Flink 1.17, 1.18: Migrate remaining tests to JUnit5 (#10749)
b7693912825c11e6da4d7d4ae24dae6b8b3f049a|2024-07-23 14:01:47 -0700|emkornfield|Spec: Clarify time travel implementation in Iceberg (#8982)
0cce1198ca4b2f057f70f129c732e275142bda94|2024-07-23 15:51:55 -0600|Ajantha Bhat|Build: Update revapi to compare against 1.6.0 (#10754)
91585e9515ea8e46b981e4a5966bbc9a31966443|2024-07-24 07:18:50 +0200|Venkata krishnan Sowrirajan|Support for Flink's SpeculativeExecution in batch execution mode (#10548)
716d5b319c485c85b42e1fdd9a0f9d79877e4054|2024-07-24 16:40:30 +0200|rice|API: Update StatisticsFile javadoc (#10769)
c00635a38a59c916ebc298e9b9a68ede92fbc699|2024-07-24 17:07:42 +0200|Eduard Tudenhoefner|Flink: Remove JUnit4 dependency (#10770)
4e311cd5b8ab4ecdfbfd080ad5a807c4a8b27657|2024-07-24 11:26:29 -0600|ritwika314|Docs: Add bodo to iceberg vendors (#10756)
24fb7341afccdd89eba73cab62c73249155cd6b4|2024-07-24 14:00:26 -0600|Szehon Ho|Core: Implement estimateRowCount for Files and Entries Metadata Tables (#10759)
3495d9edaee30c1714a810eb35635f8be20fc106|2024-07-24 15:52:47 -0500|Attila Kreiner|Build: Updates Checkstyle definition (#10681)
f5635a65676df12b00f2c8365357d6026202b397|2024-07-25 09:02:56 +0200|Amogh Jahagirdar|API: Fix typo in RewriteManifestFiles java doc (#10778)
622c127c3838c37f8479f73083dbea8db29207f5|2024-07-25 14:20:18 +0200|Ajantha Bhat|Update .asf.yaml (#10767)
7bced33132088857e790cf22b857ab8840dd1408|2024-07-25 14:45:48 +0200|Piotr Findeisen|Build: Support building with Java 21 (#10474)
a309728e08ae1dce2534b5553a89d77b6f476c01|2024-07-25 08:00:17 -0600|JB Onofré|Infra, Docs: Publish Apache Iceberg 1.6.0 release (#10752)
5da64e043377636202388773869e43f5b347cb39|2024-07-25 08:54:41 -0600|JB Onofré|Update iceberg version on site to 1.6.0 (#10783)
7e2920af400e5d559f8f1742b1043787b0477d74|2024-07-25 11:50:19 -0600|Hussein Awala|Hive: close the fileIO client when closing the hive catalog (#10771)
40d174f61518da87a3827f0ac52bc05d611c3324|2024-07-25 13:12:55 -0600|JB Onofré|Infra: Add jbonofre as collaborator on the project (#10782)
48841a91209552d761b54a0c6f6ed4a200d97d73|2024-07-25 19:49:06 -0600|emkornfield|Docs: Make compatibility example consistent (#10781)
ec2c2e978e40a4bf7bf6a3a0bccbe7e3a68a0cc1|2024-07-26 15:30:00 +0200|liu yang|mr：Fix ugi not correct in WORKER_POOL (#10661)
4dbc7f578eee7ceb9def35ebfa1a4cc236fb598f|2024-07-26 09:13:18 -0700|Steven Zhen Wu|Flink: backport PR #10331 and PR #10457  (#10757)
265bce76f7a8cac19b231aa8b559f95d392ecdb2|2024-07-29 09:10:42 +0200|dependabot[bot]|Build: Bump software.amazon.awssdk:bom from 2.26.21 to 2.26.25 (#10800)
31d52c0edb9010b051e6c1ee75cb84e6b94c8929|2024-07-29 09:11:02 +0200|dependabot[bot]|Build: Bump nessie from 0.93.1 to 0.94.2 (#10798)
349046889a1f18431132b00a8e94f064401b3e75|2024-07-29 09:30:36 +0200|dependabot[bot]|Build: Bump net.snowflake:snowflake-jdbc from 3.17.0 to 3.18.0 (#10801)
b8b57b2ff7dd8b1c7ec850ebb7c55ab3b9ce84b6|2024-07-29 09:33:22 +0200|dependabot[bot]|Build: Bump mkdocs-material from 9.5.29 to 9.5.30 (#10796)
2c42e673757aeeede3a4d537eeb199254496e1c5|2024-07-29 10:06:22 +0200|pvary|Flink: Disabling flaky test TestIcebergSourceFailover.testBoundedWithSavepoint (#10802)
94d336ce01381116ce637121e8e59f440148847f|2024-07-29 11:05:33 +0200|dependabot[bot]|Build: Bump mkdocs-awesome-pages-plugin from 2.9.2 to 2.9.3 (#10795)
30e761ebe420cf56f4d985664e6fa6d2a76de171|2024-07-29 07:55:45 -0700|Bryan Keller|Kafka Connect: Runtime distribution with integration tests (#10739)
e0a464f1cfd81823940501ecb9f0c88905981ee1|2024-07-29 15:34:32 -0700|Steven Zhen Wu|Flink: improve snapshot compatibility check by comparing projected sort schema in SortKeySerializer. also add unit tests for serializer snapshot. (#10794)
f7585932a6d89b04c0d45b5f9dfe6f45483efd0b|2024-07-29 15:35:18 -0700|Steven Zhen Wu|Flink: support limit pushdown in FLIP-27 source (#10748)
96587abf7fbbeb9c728d60cbdc7bdd7e2096dad5|2024-07-30 17:18:39 +0200|Tom Tanaka|Flink: Remove MiniClusterResource (#10817)
4d1ceac275859df0ab16a8f919a76fcd3b97d622|2024-07-30 22:25:56 +0100|liu yang|Docs: Use link addresses instead of descriptions in releases.md (#10815)
0ff90e7732574fa1a1e094bb66c7c3793e3d1ebb|2024-07-30 23:26:55 +0200|Devin Smith|Build: Declare avro as an api dependency of iceberg-core (#10573)
72b39ab91dfa04d713552e70b009c24510a1cd07|2024-07-30 14:49:44 -0700|Steven Zhen Wu|Flink: backport PR #10748 for limit pushdown (#10813)
76dba8fe83c4496318cc34436e610cf50f43054d|2024-07-31 12:59:13 +0200|gaborkaszab|Docs: Fix header for entries metadata table (#10826)
506fee492620bc8e13d7da4f104462fb97ceef82|2024-07-31 10:41:20 -0500|Huaxin Gao|Spark 3.5: Support Reporting Column Stats (#10659)
84c91251738cb86f741952bd1b23daa45c80d2aa|2024-08-01 09:22:51 +0200|Venkata krishnan Sowrirajan|Flink: Backport #10548 to v1.18 and v1.17 (#10776)
806da5cfc7dba7b8fd872cf7fc6a6b36ac8a3876|2024-08-01 09:30:04 +0200|Eduard Tudenhoefner|Infra: Improve feature request template (#10825)
99b8e88a88486f541b0ad2703fdc97ab615c5398|2024-08-01 10:23:05 -0500|hsiang-c|Core: Replace the duplicated ALL_DATA_FILES with ALL_DELETE_FILES (#10836)
eb9d3951eeefc51824b87d36ca3824f7a968e81e|2024-08-01 10:23:49 -0500|Russell Spitzer|Core: Adds Basic Classes for Iceberg Table Version 3 (#10760)
39373d09c276586ddcec971fe35951975bdac66f|2024-08-01 12:31:18 -0700|Grant Nicholas|Core: Allow SnapshotProducer to skip uncommitted manifest cleanup after commit (#10523)
6e7113a5291dffad38ffacc7d264456a2366a707|2024-08-01 14:10:37 -0700|Steven Zhen Wu|Flink: a few small fixes or tuning for range partitioner (#10823)
9a67f0b85c82ae09089e150f2c663a65f145670e|2024-08-02 09:23:23 +0200|Piotr Findeisen|Drop support for Java 8 (#10518)
c2db97ce9a31d0af21341deaa22f7b91da04cd32|2024-08-02 14:02:56 +0200|Eduard Tudenhoefner|Build: Bump com.adobe.testing:s3mock-junit5 from 2.11.0 to 2.17.0 (#10851)
122176a37fed02f6883a75fee440fb1e7ba161ec|2024-08-02 14:08:43 +0200|Eduard Tudenhoefner|Core: Upgrade Jetty and Servlet API (#10850)
08aed72beeedeeffd80c87803e075593f91e9ba7|2024-08-02 15:14:40 +0200|Robert Stupp|Build: Configure options.release = 11 / remove com.palantir.baseline-release-compatibility plugin  (#10849)
39295753e8e949096236a5dc8b063c77f976650b|2024-08-02 15:15:06 +0200|dependabot[bot]|Build: Bump kafka from 3.7.1 to 3.8.0 (#10797)
674214cb6bbc8f6e739245293ba31f9a3d36114e|2024-08-02 15:44:46 +0200|Piotr Findeisen|Build: Update baseline gradle plugin to 5.58.0 (#10788)
dc7ad7190989d50f3288ea02eb26d527c9f629c6|2024-08-02 08:39:10 -0700|Steven Zhen Wu|Flink: refactor sink tests to reduce the number of combinations with parameterized tests (#10777)
af75440da8d6e7b509b3197251c965543017b015|2024-08-02 08:39:47 -0700|Steven Zhen Wu|Flink: backport PR #10823 for range partitioner fixup (#10847)
b17d1c9abdb8fbd668ac02194cadd6003c3e37f7|2024-08-02 20:44:48 +0200|Piotr Findeisen|Core: Remove reflection from TestParallelIterable (#10857)
479f468c5f389bd7a30938114f8e79445c48f179|2024-08-04 14:32:52 -0700|Ryan Blue|Spec: Deprecate the file system table scheme (#10833)
d9aacd24cc9d730d6416a93d31dd5cde8cbd260a|2024-08-04 21:45:46 -0500|Shani Elharrar|Core, API: UpdatePartitionSpec: Added ability to create a new Partition Spec but not set it as the Default
4cfa38fbb2d8614eb22014b665b74f3b2c17b8ba|2024-08-05 01:14:32 -0500|dependabot[bot]|Build: Bump com.palantir.baseline:gradle-baseline-java (#10864)
98ecc9a9ef7e7bd136d308828355c107de86f4b2|2024-08-05 08:57:45 +0200|dependabot[bot]|Build: Bump nessie from 0.94.2 to 0.94.4 (#10869)
e8582c0f00159638f822c831ddeccd47b01d7f9f|2024-08-05 09:02:39 +0200|dependabot[bot]|Build: Bump org.xerial:sqlite-jdbc from 3.46.0.0 to 3.46.0.1 (#10871)
1f21989305d92f1530c785c826b221bddfb4ce0b|2024-08-05 09:08:07 +0200|dependabot[bot]|Build: Bump org.apache.commons:commons-compress from 1.26.0 to 1.26.2 (#10868)
9b70fdfd03d4a558d190495c2527d85386de7c94|2024-08-05 09:08:21 +0200|dependabot[bot]|Build: Bump software.amazon.awssdk:bom from 2.26.25 to 2.26.29 (#10866)
74a9adbc0b6c0f8bdb1dbee78c333d64fb52b41f|2024-08-05 09:08:35 +0200|dependabot[bot]|Build: Bump mkdocs-material from 9.5.30 to 9.5.31 (#10863)
722a350afa8ef1d6fe3018b290fefb2a836020ec|2024-08-05 09:08:58 +0200|Robert Stupp|Build: Fix Scala compilation (#10860)
87537f995450a098a87b25d72124781b4da99a47|2024-08-05 09:17:42 +0200|Piotr Findeisen|Build: Enable FormatStringAnnotation error-prone check (#10856)
5fc1413a5efc4419ccc081f3031325f107ccddab|2024-08-05 14:35:07 +0200|Eduard Tudenhoefner|Core: Use encoding/decoding methods for namespaces and deprecate Splitter/Joiner (#10858)
04c2533f1de5fdaf23b1dca8227a82d2b84b349d|2024-08-05 20:40:26 +0200|Eduard Tudenhoefner|Aliyun: Replace assert usage with assertThat (#10880)
b531e97f66ef2bf80f3167152e268be0ce25f459|2024-08-05 13:43:34 -0700|Denys Kuzmenko|Core: Extract filePath comparator into it's own class (#10664)
3d364f6d95600be4e5320fc5931bb51b2af61de6|2024-08-05 13:50:21 -0700|k.nakagaki|Docs: Fix SQL in branching docs (#10876)
e9364faabcc67eef6c61af2ecdf7bcf9a3fef602|2024-08-05 14:36:20 -0700|Amogh Jahagirdar|API: Add SupportsRecoveryOperations mixin for FileIO (#10711)
525d887811b2fd2140779e125243cb70742e169c|2024-08-05 18:06:36 -0700|emkornfield|Spec: Clarify identity partition edge cases (#10835)
6ee6d1327d3811dbd5795c4e87efdc41b7a58eaa|2024-08-06 11:16:19 +0200|dependabot[bot]|Build: Bump org.testcontainers:testcontainers from 1.20.0 to 1.20.1 (#10865)
93f7839fa13d1deb40dc1e208d778cf07620d37f|2024-08-06 08:45:56 -0700|Steven Wu|Flink: move v1.19 to v.120
fb60ecde9df0342fc628292d1e97dd96d7f25f39|2024-08-06 08:45:56 -0700|Steven Wu|Flink: add v1.19 back after coping from 1.20
0d8f2c42ff0d1eff6a6d05f248da7085163ac93f|2024-08-06 08:45:56 -0700|Steven Wu|Flink: remove v1.17 module
38733f8fe63751826b3d99e5ab79f7e795e5c166|2024-08-06 08:45:56 -0700|Steven Wu|Flink: adjust code for the new 1.20 module.
257b1d7b18f638b5925de32bcd9bbcbe5a4416c2|2024-08-06 18:19:12 +0200|Eduard Tudenhoefner|Build: Add checkstyle rule to ban assert usage (#10886)
86611d94dbc6b28f2f7b89addc5886d2d4ea96d8|2024-08-07 11:11:27 +0200|Fokko Driesprong|Build: Bump Apache Avro to 1.12.0 (#10879)
8ec65abdc5916ed19fffc6af6b58a2ee92d71c28|2024-08-07 13:05:44 +0200|Piotr Findeisen|Spec: Fix rendering of unified partition struct (#10896)
71b64399dd5c74a63f97022cdb42d0cdcf615862|2024-08-07 13:08:23 +0200|Tom Tanaka|Docs: Fix catalog name for S3 MRAP example (#10897)
a3cbdcbae6627b42a52eb8e028ce4f83f30421f9|2024-08-07 16:07:38 +0200|Robert Stupp|Add Flink 1.20 & remove Flink 1.17 in stage-binaries.sh and docs (#10888)
97e034b2cec9408a6f792c410a8eb8dddb452e14|2024-08-07 16:08:16 +0200|Piotr Findeisen|Flink: Remove deprecated RowDataUtil.clone method (#10902)
3bee806d0ca5ba356b3da698b3bcadb8a20d8923|2024-08-08 09:59:12 +0200|Eduard Tudenhoefner|AWS: Fix flaky TestS3RestSigner (#10898)
70c506ebad2dfc6d61b99c05efd59e884282bfa6|2024-08-08 14:35:17 -0700|Amogh Jahagirdar|AWS: Implement SupportsRecoveryOperations mixin for S3FileIO (#10721)
d17a7f189afa25c6be37df1415f4e2f8594effbe|2024-08-09 11:34:36 +0200|Naveen Kumar|Core: Remove deprecated APIs for 1.7.0 (#10818)
79620e198009fa243c278c66fd442d107b46206a|2024-08-09 16:51:00 +0200|Naveen Kumar|Core, Flink: Fix build warnings (#10899)
ae08334cad1f1a9eebb9cdcf48ce5084da9bc44d|2024-08-12 08:12:20 +0200|Manu Zhang|Build: Bump Spark 3.5 to 3.5.2 (#10918)
b4e60e02523233ac3b90f8b74d4b0c4df0f1c413|2024-08-12 15:50:50 +0200|dependabot[bot]|Build: Bump com.google.errorprone:error_prone_annotations (#10915)
b4fcd401293aeb5b48b92467d7f038f415a6db9f|2024-08-12 15:51:15 +0200|dependabot[bot]|Build: Bump org.awaitility:awaitility from 4.2.1 to 4.2.2 (#10912)
03c2ce9e39a73e261ba7e1eca64ab75c38bb686c|2024-08-12 17:58:48 +0200|dependabot[bot]|Build: Bump datamodel-code-generator from 0.25.8 to 0.25.9 (#10917)
8bc1dde5cb587a840476004477e9f5e827ae5d61|2024-08-12 17:59:27 +0200|dependabot[bot]|Build: Bump nessie from 0.94.4 to 0.95.0 (#10910)
8ecaaeba5aec612dfb6f5d8449ca2a8d2452ce86|2024-08-12 13:51:34 -0500|Fokko Driesprong|Docs: Add Trademark symbol where appropriate (#10921)
45bd17294a355b9bab875d9c7ff037607a56526f|2024-08-12 23:53:48 +0200|dependabot[bot]|Build: Bump com.google.cloud:libraries-bom from 26.43.0 to 26.44.0 (#10916)
994c0fb790c217501c2fba432a1fda8ec1117c3f|2024-08-12 23:54:25 +0200|dependabot[bot]|Build: Bump org.apache.commons:commons-compress from 1.26.2 to 1.27.0 (#10914)
33259f946baabffc39e50f7a464a21d7fe32d606|2024-08-12 23:55:59 +0200|dependabot[bot]|Build: Bump software.amazon.awssdk:bom from 2.26.29 to 2.27.2 (#10913)
bfab2c334e9b4c11de65f1f9bd1de5dab18aae5b|2024-08-13 09:25:34 +0200|dependabot[bot]|Build: Bump org.xerial.snappy:snappy-java from 1.1.10.5 to 1.1.10.6 (#10911)
3cd82a7e996db0bfb2cdc599d5dea3ada04f51aa|2024-08-13 12:58:48 +0200|gaborkaszab|Docs, Infra: Mount local versioned doc branch for testing (#10838)
520e7ffce7caed3df6e614bf3921ce2db944d503|2024-08-13 08:35:41 -0600|dongwang|API: Fix JavaDoc typos in Transaction API
4b57cf8d930460251cfc2f9b4ef3ed90ac07e741|2024-08-13 20:32:38 +0200|hsiang-c|Core: Fix metadata table test to set partition to the right PartitionKey (#10925)
cf02ffac4329141b30bca265cafb9987f64f6cc4|2024-08-13 17:27:32 -0600|Eduard Tudenhoefner|AWS, Core, Hive: Extract FileIO closing into separate FileIOTracker class (#10893)
8c85a5a7f1539b39df65fbaac4c4c6d5d6b97eef|2024-08-15 14:51:14 +0200|Naveen Kumar|Build: Suppress various build warnings (#10938)
3cd2c528a83e14e6d50ca7c9c01b00ea53e5276e|2024-08-15 09:40:33 -0700|Steven Zhen Wu| Core: add JSON serialization for BaseFilesTable.ManifestReadTask, AllManifestsTable.ManifestListReadTask, and BaseEntriesTable.ManifestReadTask (#10735)
9f12cf91dce532b68ce542379647bdc24cd94d07|2024-08-15 14:40:43 -0600|Eduard Tudenhoefner|AWS, Core: Slim down Jetty config for tests (#10945)
a49202773520072fef7457e0056c37f43e9f9d1b|2024-08-16 07:08:49 +0200|SaketaChalamchala|Docs: Cloudera blog in February 2023 (#10947)
49cf9d98818b7d40c9fb7602274b4ba0fd83d82a|2024-08-16 18:08:25 -0500|Jonathan Leang|Core: V3 Metadata Upgrade Validation and Testing (#10861)
10fce2700e235c9a1f505fcbe14ba435b20283b9|2024-08-16 17:25:34 -0600|Amogh Jahagirdar|Spec: Clarify in REST spec that server implementations of commit endpoints must fail with 400 if any unknown updates or requirements are received (#10848)
65e7cae512206595d6bb50505e40e3758caa6a83|2024-08-18 12:44:58 +0200|dependabot[bot]|Build: Bump guava from 33.2.1-jre to 33.3.0-jre (#10960)
d4e0b3f2078ee5ed113ba69b800c55c5994e33b8|2024-08-18 12:45:31 +0200|dependabot[bot]|Build: Bump org.springframework:spring-web from 5.3.37 to 5.3.39 (#10959)
b53595b73886f14cb4b71c25b760ac988afbd310|2024-08-19 16:47:49 +0200|dependabot[bot]|Build: Bump software.amazon.awssdk:bom from 2.27.2 to 2.27.7 (#10961)
9ddde5077b49e2f50d9824002f45c732c0fcbc7c|2024-08-19 10:46:20 -0600|Prashant Singh|Docs: Update MRAP endpoint and add notebook link (#9362)
ed07fd1cd707a28a4201ea01e330fe2efdc5b494|2024-08-19 14:49:06 -0700|Steven Zhen Wu|Flink: put everything together for range distribution in Flink sink (#10859)
43bbf08adc63c0a5a5edb26934f62d9994c25af1|2024-08-19 15:29:47 -0700|Steven Zhen Wu|Flink: FLIP-27 IcebergSource builder missed a couple of configs compared to old FlinkSource: expose locality and plan parallelism (#10957)
3028552b41d672fa94cbc5a037481db55dd6601c|2024-08-20 13:50:00 +0200|Piotr Findeisen|Prevent implicit default locale/charset usage (#10969)
2f2c367b3582b58c9c867d26b203593aa1e8e667|2024-08-20 15:08:43 +0200|Fokko Driesprong|Core: Add ManifestWrite benchmark (#8637)
b76d81acf09ae129b43a13dac70c8739b70dae1e|2024-08-20 09:24:08 -0600|Jason|S3OutputStream: Don't complete multipart upload on finalize (#10874)
ce33890314fbab3cf31371a8c5087f5e34f51a81|2024-08-20 19:21:09 +0200|Piotr Findeisen|Enable UnusedMethod error-prone check (#10968)
24afc1f980201219fd9c7018b48f99af64977fbf|2024-08-20 11:54:52 -0600|JB Onofré|Build: Upgrade to Gradle 8.10 (#10976)
40d5204fb7282df7a7910dfd3ff9ac785554955c|2024-08-20 10:57:38 -0700|Steve Lessard|Core: Support case-insensitivity for column names in PartitionSpec (#10678)
f17c225f6709b430019512f426dafcc323c9b46b|2024-08-21 10:09:23 +0200|Piotr Findeisen|Core: Remove unused throws declarations (#10974)
85cf79de0156e4bb4d02931c8d8e10e1d6b478c5|2024-08-21 14:56:32 -0700|Steven Zhen Wu|Flink: deprecate ReaderFunction with a new Converter interface to simplify user experience (#10956)
bcb32818dab866a81539e04ae807c3a14e0e625c|2024-08-22 00:04:57 +0200|Piotr Findeisen|Drop ParallelIterable's queue low water mark (#10978)
f1076494c807447484b5a154b242611e98e3b582|2024-08-22 00:06:05 +0200|Piotr Findeisen|Check for minimal queue size in ParallelIterable (#10977)
2f6e7e6371902bcb72f21deeaea8889d4768004e|2024-08-21 20:23:03 -0700|Karuppayya|API, Spark 3.5: Action to compute table stats (#10288)
cbd71ebd12f70da9449a6a1755b141054bbfb389|2024-08-21 22:05:23 -0600|S N Munendra|Core,AWS: Fix NPE in ResolvingFileIO when HadoopConf is not set (#10872)
04461781c79d6335c48086f6376effbf43078421|2024-08-22 15:58:12 +0200|Manu Zhang|Spark 3.5: Fix incorrect catalog loaded in TestCreateActions (#10952)
b2cd6f38edc91d40c21272db6b090cdc03a985ba|2024-08-22 16:19:31 +0200|pvary|Flink: Maintenance - TriggerManager (#10484)
7fec19f3fd60ce7979de0f90587849d86cdd27ca|2024-08-22 07:39:07 -0700|Steven Zhen Wu|Flink: backport PR #10956 for converter interface that deprecates ReaderFunction (#10985)
bf459eed480c79d42cbb97ab4461881d69bc5d91|2024-08-22 13:11:16 -0700|Steven Zhen Wu|Flink: backport PR #10777 from 1.19 to 1.18 for sink test refactoring. (#10965)
ac0d2063599e25974165652fa2e23b4b39e29d94|2024-08-22 13:16:05 -0700|Ryan Blue|Spec: Minor modifications for v3 (#10948)
ce772a6ecde5ea9f78a7e9145a34e74bdfb3277d|2024-08-22 14:59:48 -0700|Steven Zhen Wu|Flink: backport PR #10859 for range distribution (#10990)
f2d62757e210df5498f147aa126926477ac6c156|2024-08-23 15:42:24 +0200|pvary|Flink: Port #10484 to v1.20 (#10989)
aa1ecc817b6f11ad987cf56cdb207edb3079b614|2024-08-23 17:19:58 +0200|pvary|Flink: Maintenance - TableChange refactor (#10992)
2424e2c31dbee75d642fed4c10bf5bd9ebbe09bd|2024-08-23 17:51:00 +0200|pvary|Flink: Port #10992 to v1.19 (#10994)
e0596fbba21df594b8aa6504f48f982c10941eba|2024-08-23 20:26:29 +0200|Eduard Tudenhoefner|OpenAPI: Add endpoint field to CatalogConfig (#10928)
586485008355e2a11ea4c78890964dc88613c54f|2024-08-23 17:31:20 -0700|Anton Okolnychyi|Spark 3.5: Add utility to load table state reliably (#10984)
b9a6645a53a1a7a5143a58b23adaae1ea0af99d4|2024-08-24 20:47:35 -0600|Akira Ajisaka|AWS: Include http-auth-aws-crt module into iceberg-aws-bundle (#10972)
5958065b05c41cc5cd61292ab43d7f9894de06b4|2024-08-25 13:58:53 +0200|dependabot[bot]|Build: Bump software.amazon.awssdk:bom from 2.27.7 to 2.27.12 (#11006)
9aa354d2224eb78c19c773227693df117954312b|2024-08-25 14:00:52 +0200|dependabot[bot]|Build: Bump org.apache.commons:commons-compress from 1.27.0 to 1.27.1 (#11005)
4af2b9e7aed3efbe8c2986b204a37007fb1b16f4|2024-08-26 10:47:38 +0200|dependabot[bot]|Build: Bump jetty from 11.0.22 to 11.0.23 (#11003)
244eb1e8d41078ea8f9d6ed7146dcbd6ab06b8e6|2024-08-26 10:47:57 +0200|dependabot[bot]|Build: Bump mkdocs-material from 9.5.31 to 9.5.33 (#11002)
524fbb895c1f940dd4f5c7bca0b8a8d870993d6f|2024-08-26 10:49:36 +0200|Yuya Ebihara|Docs: `_commit_snapshot_id` instead of `_change_snapshot_id` (#11000)
99e4ab711d42fef2d108b62f7717bc9e557e7e3e|2024-08-26 10:50:17 +0200|Yuya Ebihara|Docs: Rename Clickhouse to ClickHouse (#10998)
2ed61a12bf6fd1582a868a02326e4ad745dfb177|2024-08-26 08:01:13 -0700|Steven Zhen Wu|Flink: infer source parallelism for FLIP-27 source in batch execution mode (#10832)
a7398aba2143a80861692330726e2523e84d26c6|2024-08-26 10:05:16 -0700|Qishang Zhong|Flink: Fix duplicate data with upsert writer in case of aborted checkpoints (#10526)
bea364c36f30239ec0198a32de423ca1e484c9b5|2024-08-26 13:28:46 -0700|Rodrigo|Introduces the new IcebergSink based on the new V2 Flink Sink Abstraction (#10179)
e6f8ab9950267c18734ba0cb2ce29867790e24fe|2024-08-26 15:57:57 -0700|Rodrigo| Flink: Backport PR #10179 to Flink 1.20 for v2 sink (#11011)
1898e621642cd0779302ce2c2933f86c3b1f6f6a|2024-08-26 17:30:47 -0700|Anton Okolnychyi|Core: Project data file stats only if there are equality deletes (#11013)
f1764c6894409e802e4b8b8643a2dd7d400b696c|2024-08-26 20:38:25 -0600|dependabot[bot]|Build: Bump org.xerial:sqlite-jdbc from 3.46.0.1 to 3.46.1.0 (#11007)
64b36999d7ff716ae2534fb0972fcc10d22a64c2|2024-08-26 20:40:20 -0600|Charles Smith|Docs: Add Druid docs url to sidebar (#10997)
bf00d51e4b80b428c44e429c26077b99f7212fdd|2024-08-27 08:33:42 -0700|Steven Zhen Wu|Flink: backport PR #10832 of inferring parallelism in FLIP-27 source (#11009)
c95bf58793b3a7ef9b0ffa630b907ce964cd32fe|2024-08-27 09:29:55 -0700|Daniel Weeks|Add REST Compatibility Kit (#10908)
f88f128dd971ceaae071761102f021264bf133a0|2024-08-27 13:47:53 -0700|Anton Okolnychyi|Core: Generate realistic bounds in benchmarks (#11022)
8e2eb9ac2e33ce4bac8956d4e2f099444d03c0e3|2024-08-27 15:23:09 -0600|Daniel Weeks|OpenAPI, Build: Apply spotless to testFixtures source code (#11024)
877f63b0b9e2f47c24a528c55e8adf2018ebd2ff|2024-08-28 06:21:28 -0700|Carl Steinbach|Docs: bump latest version to 1.6.1 (#11036)
cd32ec76ecd2866c05185065e4ed7196121de49a|2024-08-28 08:40:32 -0700|Amogh Jahagirdar|Spec: Add RemovePartitionSpecsUpdate REST update type (#10846)
3c018333b6f108b5811d56fa2f07b1d8e29faeac|2024-08-28 16:50:57 -0700|Anton Okolnychyi|Build: Ignore benchmark output folders across all modules (#11030)
6c7964002b097b933053d8f6db63c0851a55a39a|2024-08-28 16:51:38 -0700|Anton Okolnychyi|Core: Add benchmark for appending files (#11029)
9c344f96c874dcdb88c57dff15adba0647ce47e5|2024-08-29 08:38:32 -0700|Anton Okolnychyi|Spark 3.5: Use FileGenerationUtil in PlanningBenchmark (#11027)
4b71d40cc16af328acaa2bcdbe4ffc704846d66e|2024-08-29 09:27:23 -0700|Steven Zhen Wu|Flink: add unit tests for range distribution on bucket partition column (#11033)
a07f8620b97d4af7fd1e843909b3c12ddd1f77aa|2024-08-29 21:48:25 -0600|Bryan Keller|Kafka Connect: Disable publish tasks in runtime project (#11032)
e8c614878dc8f5fd24ec1bbdbd325a7a5d9bfd3f|2024-08-30 21:53:47 +0300|Qishang Zhong|Flink: Backport PR #10526 to v1.18 and v1.20 (#11018)
fa8fbb3d5289a3b17fab810a2b872299fb502314|2024-09-01 06:39:10 +0200|dependabot[bot]|Build: Bump mkdocs-material from 9.5.33 to 9.5.34 (#11062)
d128a2a9811fd46d581b36d29b4e62b7be9246b8|2024-09-01 07:22:59 +0200|dependabot[bot]|Build: Bump com.google.errorprone:error_prone_annotations (#11055)
113c6e7d62e53d3e3cb15b1712f3a1db473ca940|2024-09-03 08:44:43 -0700|Jacob Marble|API: implement types timestamp_ns and timestamptz_ns (#9008)
5319767ee91fd054b272020c58ab25acbe5ec9c2|2024-09-03 13:25:51 -0500|Ajantha Bhat|Core: Refactor ZOrderByteUtils (#10624)
a4461640c80db67c4fa7eca64f9cd4fa19c81805|2024-09-03 11:49:45 -0700|emkornfield|Docs: Initial committer guidelines and requirements for merging (#10780)
896dcd50f959fb5e879229718b5a93161ffcd98e|2024-09-03 22:24:32 +0300|Ajantha Bhat|Flink: Fix compile warning (#11072)
7830a3b938a2f7b74ada46c21d14d12a6bb9c6e0|2024-09-03 14:07:33 -0700|Manu Zhang|Docs: Fix Flink 1.20 support versions (#11065)
4f3704161228efac33eaf831b2582762b21d6a28|2024-09-05 08:19:36 +0200|Piotr Findeisen|Build: Enable more error-prone checks (#11078)
2391bdddca49d568a082988cdecb88c17093b5c0|2024-09-05 09:08:03 -0700|Ajantha Bhat|open-api: Fix compile warnings for testFixtures (#11071)
f508a7ea8e33959020778b3b9e2ce7cd0b2df0b5|2024-09-05 11:15:49 -0600|Manu Zhang|Spark 3.3, 3.4: Parallelize reading files in migrate procedures (#11043)
f7c6d57a03282516c6f988fa23a809416cd765b1|2024-09-05 11:12:24 -0700|Hongyue/Steve Zhang|Spark 3.5: Mandate identifier fields when create_changelog_view for table contain unsortable columns (#11045)
6e05ae022c71a51778cbfcf1585a92b28d796255|2024-09-06 21:29:47 -0700|Anton Okolnychyi|Core: Fix setting hasNewDataFile flag in MergingSnapshotProducer (#11088)
ab2c6f889d07eeee51a1f58605be248e9330d91b|2024-09-06 21:33:07 -0700|Anton Okolnychyi|Docs: Document accessing instance variables (#11087)
44eca04b657cd643b0e0cfbd626aa7f92f593f64|2024-09-09 07:53:58 +0200|dependabot[bot]|Build: Bump jetty from 11.0.23 to 11.0.24 (#11096)
cefb1bbfa20e7bd5dd51910f5024ec053ac3928a|2024-09-09 08:58:26 +0200|Ajantha Bhat|Spec: Fix rendering of partition stats file section (#11068)
3fe4f420dd4fb4c2a0ea6c732e18c1a2889f74ee|2024-09-09 10:44:36 +0200|dependabot[bot]|Build: Bump software.amazon.awssdk:bom from 2.27.12 to 2.27.21 (#11098)
ed73ec43dd25c9023069ea1d3381a6d9229be53a|2024-09-09 10:44:56 +0200|dependabot[bot]|Build: Bump io.netty:netty-buffer from 4.1.112.Final to 4.1.113.Final (#11097)
153b07069513d2cb772175594acb284fa9540387|2024-09-09 16:21:32 +0200|Manu Zhang|Spark 3.3, 3.4: Fix incorrect catalog loaded in TestCreateActions (#11049)
41d00ae64df218f8f955b5d2fa076125bb43a4e5|2024-09-09 10:03:05 -0600|dongwang|Core: Prevent incremental file cleanup when expiring specified snapshots (#10983)
4873b4b7534de0bcda2e1e0366ffcf83943dc906|2024-09-10 08:05:11 +0200|Eduard Tudenhoefner|Core, Kafka, Spark: Use AssertJ instead of JUnit assertions (#11102)
026166f2292ef3462e1008ca0a0fc35ab709ba50|2024-09-10 11:13:06 +0200|Robin Moffatt|Docs: Add blogs written by rmoff (#11069)
e40fe4cdbe9705415955fe2da201a6ad65dbfb9a|2024-09-10 11:13:39 +0200|JB Onofré|Build: Upgrade to Gradle 8.10.1 (#11104)
a5c8f9cd4557639d39eed716d499e9837d13b88e|2024-09-10 11:59:26 +0200|Piotr Findeisen|Build: Remove unused variables, fields and parameters (#11101)
8d97d54756a1b8ba1986858b2461013864b9e37f|2024-09-10 08:34:33 -0600|Rahil C|OpenAPI: Add Scan Planning Endpoints to REST spec (#9695)
5439cbdb278232779fdd9a392bbf57f007f9bda0|2024-09-10 09:42:31 -0700|Bryan Keller|Kafka Connect: Docs on configuring the sink (#10746)
0747b604413fa6d3c663ec850dbe6f50a647ca04|2024-09-10 15:54:20 -0700|Bryan Keller|Kafka Connect: Terminate commits on coordinator stop (#10814)
34cd01ba2e057866cdb13db8f9919bc98e11e638|2024-09-11 12:08:49 +0200|Manu Zhang|Build: Upgrade google-java-format to 1.22.0 (#11050)
6ff7a6ec2e2790e5d2d2b35a2091e68101ab3aa3|2024-09-12 07:17:58 +0200|pvary|Flink: Maintenance - Lock remover (#11010)
8b4b2c1975ab2c46663e84a9cfbe3a254e172054|2024-09-12 08:54:10 +0200|Daniel Weeks|Docs: Update Project links to includ contributing and REST spec (#11114)
ab0594bf71a6884ee0e196470bfe4b4d3baa58b9|2024-09-12 15:56:17 +0200|pvary|Flink: Port #10484 to v1.19 (#11010) (#11117)
e3d3f8845a8ad8d29ebcee0cf3510001dba73874|2024-09-12 14:56:26 -0700|Daniel Weeks|OpenAPI: Fix YAML example and value json formatting (#11119)
d2087a04bd6ba62b13f2540480a18b5edc710e8e|2024-09-12 16:41:05 -0700|Anton Okolnychyi|Core: Parallelize manifest writing for many new files (#11086)
799120636e8f5f19c1d7f217ab4968f524bb1246|2024-09-12 22:50:54 -0600|Amogh Jahagirdar|API, Core: Add manifestLocation API to ContentFile (#11044)
a2b8008da7bc26e03248a35eeee60d1cc7e8499d|2024-09-13 18:04:14 +0200|Eduard Tudenhoefner|Core: Allow servers to express supported endpoints via endpoint field in ConfigResponse (#10929)
e449d3405cfdb304c94835845bd8f34a73b4a517|2024-09-13 18:15:18 +0200|Naveen Kumar|Hive: Add View support for HIVE catalog (#9852)
5582b0ca67894400b988d39ed1bda77e938f763a|2024-09-13 11:27:18 -0700|Karuppayya|Spark 3.4: Action to compute table stats (#11106)
2e4d5b5b21c8872e347d7f86bc6c72c3484eb7fc|2024-09-13 22:56:21 -0600|Manu Zhang|Docs: Fix missing options for remove_orphan_files procedure (#11080)
5ce7c3091ba90a07a400fd4b407a044686ee8f48|2024-09-16 09:44:10 -0700|Steven Zhen Wu|Flink: Increase the number of checkpoints from 4 to 6 to fix flakiness. (#11121)
d5b21d82e3adb351c3295465e76c772e2dcb3a54|2024-09-16 14:46:24 -0700|Hongyue/Steve Zhang|Spark 3.4: Add utility to load table state reliably (#11115)
06ed235f9748465a8d85f8772f052bfe64b2f955|2024-09-17 11:13:30 -0500|Steven Zhen Wu|Build: switch to slf4j-simple 2.x for test implementation dependency because avro 1.12.0 brings in slf4j-api dependency to 2.x (#11001)
f71c7dfb0fe669cff3acc0646666cbc2bb05de4d|2024-09-18 07:42:23 +0200|Eduard Tudenhoefner|Core: Update metadata location without updating lastUpdatedMillis (#11151)
40ffcb9ad42491c75e4c306fec1486e50849d03c|2024-09-18 08:52:16 +0200|Bryan Keller|Kafka Connect: separate CI workflow (#11075)
bbeadea75e2a5e6e9f2472960b76daaba42a4577|2024-09-18 08:18:41 -0700|Ryan Blue|Core: Move internal struct projection to SupportsIndexProjection (#11132)
e3088bc098606ae0dfa727a27ff12a0ff3b6ccb9|2024-09-19 07:48:29 +0200|Eduard Tudenhoefner|Core: Add explicit JSON parser for LoadTableResponse (#11148)
ffa13b12eb019480a6fff5a4867301f2c0623b33|2024-09-19 08:33:12 +0200|Yujiang Zhong|Build: Add .java-version to gitignore (#11167)
e5d9a1594b44491e1811876257a9a3473f8d8347|2024-09-19 09:15:16 +0200|Jason Fehr|Docs: Clarify Partition Transform (#8337)
82cedbbb1935db6a765d9029df4e54c38e95bedc|2024-09-19 15:38:03 -0500|Anton Okolnychyi|API, Core: Enable removing rewritten delete files in RowDelta (#11166)
79fd977f67592a16579cff31478e7ea98ef126e4|2024-09-19 15:40:12 -0500|jonaswk|Docs: `field_id` in name serialisation spec should read `field-id` (#11135)
60f61c3dd0eaa71e1000d8927543070a956280bd|2024-09-20 11:03:00 +0200|sullis|AWS: Bump AWS SDK to version 2.28.5 (#11170)
d4af40c9bc2b0d5c6271056f8f10b3c85fbe694e|2024-09-20 11:03:33 +0200|dependabot[bot]|Build: Bump org.xerial.snappy:snappy-java from 1.1.10.6 to 1.1.10.7 (#11140)
b2b65df4c60102852798d782470176f6ab89c2f0|2024-09-20 15:17:28 +0200|dongwang|Spark 3.3, 3.4, 3.5: Supplement test case for `RollbackToTimestampProcedure` (#11171)
4482565d0ec16f2e71a4a77b4d3dd0043e1f7a40|2024-09-20 13:36:24 -0600|Yuya Ebihara|Docs: Uppercase SQL keywords in branching docs (#11172)
b92ed13d6f2162c7d910b901399cc92de8bf0a6e|2024-09-23 14:42:47 +0200|dependabot[bot]|Build: Bump org.apache.httpcomponents.client5:httpclient5 (#11186)
5ed930791862bd5c471428f0843a8c55ecc78249|2024-09-23 14:43:16 +0200|dependabot[bot]|Build: Bump tez010 from 0.10.3 to 0.10.4 (#11183)
fc6271ca245f3998d22a2b90d19103cb6bc737b3|2024-09-23 14:43:30 +0200|dependabot[bot]|Build: Bump nessie from 0.95.0 to 0.97.1 (#11184)
ddfe503de70b9be94c8de7f02203acbc7b3d877e|2024-09-23 14:43:45 +0200|dependabot[bot]|Build: Bump com.google.cloud:libraries-bom from 26.44.0 to 26.47.0 (#11185)
5a2c1c9c8dd8d61e08bbad713c24e6b726eee323|2024-09-23 14:44:07 +0200|dependabot[bot]|Build: Bump org.roaringbitmap:RoaringBitmap from 1.2.1 to 1.3.0 (#11187)
257bad29d7db09f3f9c89663b7c34f8caca3014b|2024-09-23 14:21:38 -0600|Amogh Jahagirdar|API: Deprecate ContentFile#path API and add location API which returns String (#11092)
72fd9ab9f44cfb3e4b08f849cf7b5132f84b9936|2024-09-23 18:41:39 -0600|Prashant Singh|Docs: Document AWS Redshift and Amazon Data Firehose support (#11192)
c0d73f4ef5c16401bdfd62e1745faf2fbbf62177|2024-09-24 10:26:55 -0600|Amogh Jahagirdar|API, AWS: Retry S3InputStream reads (#10433)
983ede3976e581cdb687968bf28c1d268106f3f4|2024-09-25 11:13:09 +0200|Laurent Goujon|AWS: Fix AWS doc URL (#11198)
c07de6fffa762577562f4cc3d0205e7bd57b7a9d|2024-09-25 11:13:39 +0200|dependabot[bot]|Build: Bump mkdocs-macros-plugin from 1.0.5 to 1.2.0 (#11189)
2fa8c7d86c72e1869a97b847eb6b31fed2c4abb3|2024-09-25 08:30:06 -0700|Anton Okolnychyi|Core: Add rewritten delete files to write results (#11203)
474a770aa08abc713282709427a59dca95a35a4c|2024-09-25 08:30:56 -0700|Anton Okolnychyi|Core: Support iterating over positions in PositionDeleteIndex (#11202)
f3c784e166566b494f988b732bf854a9bfae4e64|2024-09-25 17:06:21 -0500|aleenamg21-1|Spark: Added merge schema as spark configuration (#9640)
1e5dcb1f6b01128032a704258e1730c9936c9a07|2024-09-25 16:22:42 -0700|Anton Okolnychyi|Core: Support merging in PositionDeleteIndex (#11208)
b1d38b3cac326da296b770c8ab9219bc4f791666|2024-09-25 18:34:30 -0600|Wing Yew Poon|Core: Remove unused code for streaming position deletes (#11175)
26648ae20fac92adbc5341dea03c5b80fe72efe1|2024-09-26 09:31:36 +0200|JB Onofré|Build: Upgrade to Gradle 8.10.2 (#11212)
7bd13a32fdfc61391e79709e2d413097fb3088ad|2024-09-26 09:14:49 -0700|Ajantha Bhat|Core: Add a util to compute partition stats (#11146)
2d9c344b5e24e511f1b8e6e3b492119a5960c8a1|2024-09-26 11:47:28 -0500|Aihua Xu|Parquet: update PruneColumns to inherit from TypeWithSchemaVisitor to have Iceberg type (#11179)
95497abe5579cf492f24ac8c470c7853d59332e9|2024-09-26 11:44:14 -0600|Amogh Jahagirdar|Core: Replace use of CharSequenceMap in DeleteFileIndex with String (#11199)
dddb5f423b353d961b8a08eb2cb4371d453c2959|2024-09-26 18:13:26 -0600|Anurag Mantripragada|[Core] Fix TestFastAppend.testAddManyFiles() (#11218)
09370ddbc39fc3920fb8cbd3dff11b377dd37e40|2024-09-26 21:36:58 -0700|Ajantha Bhat|Spark: Deprecate SparkAppenderFactory (#11076)
9601784d6141d5f46817cb2bc3d44c3e9a6bbec5|2024-09-30 12:46:29 +0200|dependabot[bot]|Build: Bump guava from 33.3.0-jre to 33.3.1-jre (#11230)
570af254c0867779e739372258212b67a369d7ae|2024-09-30 12:46:42 +0200|dependabot[bot]|Build: Bump software.amazon.awssdk:bom from 2.28.5 to 2.28.11 (#11229)
152f02de523a3868edfe8d2fbe64229225629051|2024-09-30 12:47:12 +0200|dependabot[bot]|Build: Bump io.delta:delta-standalone_2.12 from 3.2.0 to 3.2.1 (#11228)
d00c4938adb43bb153f599334069c00fd1301d6a|2024-09-30 12:47:29 +0200|dependabot[bot]|Build: Bump junit-platform from 1.10.3 to 1.11.1 (#11227)
3ce09bc5f113c59e9c65db26185e95be56e63972|2024-09-30 15:02:17 +0200|dependabot[bot]|Build: Bump io.delta:delta-spark_2.12 from 3.2.0 to 3.2.1 (#11225)
9454927ddb62d675d9f78843341a81ff2f3d946f|2024-09-30 10:21:56 -0600|Eduard Tudenhoefner|Core: Improve error handling when parsing view representations (#11236)
97c9c535fb7ea8e768fafc285202872e9b525a6c|2024-09-30 16:07:20 -0600|rcjverhoef|Core: Update REST CatalogHandlers to handle page sizes exceeding number of Namespaces/Tables/Views (#11143)
c8fe01e71f9996fcaae973c6bfaa8d90f7dd8c6c|2024-09-30 21:12:56 -0700|Anton Okolnychyi|Core: Support combining position deletes during writes (#11222)
e4bc593d48df08c66549536266ca960024642295|2024-10-01 08:14:34 +0200|Eduard Tudenhoefner|Core: Add DataFileSet / DeleteFileSet (#11195)
e8a11cbf928e46a7549bda033f2d08ac42c349e0|2024-10-01 08:18:13 +0200|dependabot[bot]|Build: Bump nessie from 0.97.1 to 0.99.0 (#11224)
168a9839425f9d3e2518ed345b7847ecb7cabb89|2024-10-01 09:38:32 -0700|fengjiajie|ThreadPools introduce newExitingWorkerPool and newFixedThreadPool for clearer semantics (#11073)
8520b5bc761910132c72c200f6ca5766cac6b958|2024-10-01 10:44:19 -0700|Anton Okolnychyi|Core: Deprecate legacy ways for loading position deletes (#11242)
09c737656d316ab6172e0d5ee6920869237e6fd1|2024-10-01 15:28:52 -0700|Ozan Okumusoglu|AWS: Add configuration and set defaults for S3 retry behaviour (#11052)
4099a671c73d0017845a3d821e5c171190fc8c99|2024-10-03 03:49:41 -0700|Piotr Findeisen|Puffin: Document stats `ndv` value representation (#10793)
fd8cb710575f568fa5792d4f6227702632434d29|2024-10-03 03:59:21 -0700|dependabot[bot]|Build: Bump mkdocs-material from 9.5.34 to 9.5.38 (#11233)
2b38e093464f9d5151e52347f7c5f9639b62aa46|2024-10-03 04:08:28 -0700|dependabot[bot]|Build: Bump org.eclipse.microprofile.openapi:microprofile-openapi-api (#11182)
b7b0a4681949bf8a285b78f8ba4b29e12748e66c|2024-10-03 04:52:59 -0700|dependabot[bot]|Build: Bump org.xerial:sqlite-jdbc from 3.46.1.0 to 3.46.1.3 (#11231)
746e71931a35e83726852a60d7ca8cb6065e334f|2024-10-04 03:51:57 -0700|Piotr Findeisen|Build: Update baseline-java 5.69.0 (#11252)
f6cdf94094e6c4a4db5e53f3127a04eb3a3a61b1|2024-10-04 03:53:06 -0700|Piotr Findeisen|Build: Forbid implicit case fall-through without a comment and enable couple more recommendable error-prone checks (#11251)
8190ce7e6b66656ccb283859cd14ecca97063230|2024-10-04 14:56:33 -0700|Walaa Eldin Moustafa|API, Core: Add default value APIs and Avro implementation (#9502)
745e819f372fe9ba6bebf2f7edaa27197cd0dd0b|2024-10-07 08:48:53 +0200|hsiang-c|AWS: Make sure overridden configurations are applied (#11274)
5dde680797a21955964298d684f40f97fbc23406|2024-10-07 09:25:30 +0200|dependabot[bot]|Build: Bump com.google.cloud:libraries-bom from 26.47.0 to 26.48.0 (#11271)
3220fad9826fa32fbb46e01158638c5fa0a0d5f2|2024-10-07 11:05:59 -0500|Yujiang Zhong|Core: Fix UnicodeUtil#truncateStringMax returns malformed string. (#11161)
f0e4fd2f557529eaa87c78d8d6585105e40b1f10|2024-10-07 16:12:39 -0700|Ryan Blue|Core: Add internal Avro reader (#11108)
208ab20dc9ab8bcab3ee525d0ddaba80eeae7609|2024-10-08 09:21:50 +0200|Wing Yew Poon|Arrow: Remove unused readers (#11276)
67dc9e58cd57d953726677698e38975aac45908a|2024-10-09 14:19:40 -0700|Ryan Blue|Spec: Add v3 types and type promotion (#10955)
d7f668ab898d51642d7fbf015c6a6ae2f63a78ab|2024-10-12 21:06:54 +0200|dependabot[bot]|Build: Bump mkdocs-material from 9.5.38 to 9.5.39 (#11272)
5fa3bbeec21f3efb419878d18821636e6519c538|2024-10-12 21:07:15 +0200|dependabot[bot]|Build: Bump com.google.errorprone:error_prone_annotations (#11270)
410477fd9e7e3f9e5519787d7b5f93789757350b|2024-10-12 21:07:58 +0200|dependabot[bot]|Build: Bump junit-platform from 1.11.1 to 1.11.2 (#11266)
28265cd7c023e28596734d7eedb928e430e744da|2024-10-12 21:08:06 +0200|dependabot[bot]|Build: Bump org.testcontainers:testcontainers from 1.20.1 to 1.20.2 (#11265)
d93677a3f31b89a18a16568a214ddf5ce1c8f372|2024-10-12 21:09:18 +0200|dependabot[bot]|Build: Bump io.netty:netty-buffer from 4.1.113.Final to 4.1.114.Final (#11269)
7e5caf1c6a8db6f978be1a617eba7cb1c8bb5a71|2024-10-12 21:09:25 +0200|dependabot[bot]|Build: Bump software.amazon.awssdk:bom from 2.28.11 to 2.28.16 (#11268)
337d05b8d596ccd70f0100d5112b457dbe903591|2024-10-12 21:09:36 +0200|dependabot[bot]|Build: Bump jackson-bom from 2.14.2 to 2.18.0 (#11226)
d3e015822cbeca277f9e7b458c65a2b4f1ca0750|2024-10-12 21:09:44 +0200|dependabot[bot]|Build: Bump datamodel-code-generator from 0.25.9 to 0.26.1 (#11234)
0a1a6665c172a1a6104bfdddcdc28eb10137c5a2|2024-10-12 21:10:14 +0200|dependabot[bot]|Build: Bump software.amazon.s3.accessgrants:aws-s3-accessgrants-java-plugin (#9705)
7a7d150bbcc97298a35369b7a40a9748a10ef5f4|2024-10-12 21:11:54 +0200|dependabot[bot]|Build: Bump net.snowflake:snowflake-jdbc from 3.18.0 to 3.19.0 (#11057)
79120354e8e05a75e9610a7b08a4333bb4491e68|2024-10-12 21:15:41 +0200|dependabot[bot]|Build: Bump org.apache.hadoop.thirdparty:hadoop-shaded-guava (#11061)
12ff959cc366a93af3feb7be4008be5b7428621b|2024-10-14 07:53:40 +0200|Wing Yew Poon|Arrow: Deprecate unused fixed width binary reader classes (#11292)
ca8a3a4d29799b7e0635b0feb1126b0d457618dd|2024-10-14 08:47:29 +0200|Yujiang Zhong|API, Spark: Make StrictMetricsEvaluator not fail on nested column predicates (#11261)
5832a7adb7f7121cd4bc67acb8be2ecf8c1fa5c3|2024-10-14 12:46:25 +0200|Ajantha Bhat|Build: Use the active shadow plugin (#11315)
c55a078fc17580b9bd91ebe3fb1e43bc2def04b3|2024-10-14 12:46:54 +0200|dependabot[bot]|Build: Bump software.amazon.awssdk:bom from 2.28.16 to 2.28.21 (#11311)
919387f12bdf449091f0a12aeda6d517290cc47c|2024-10-14 14:37:24 +0200|dependabot[bot]|Build: Bump org.apache.datasketches:datasketches-java (#11307)
6a5ae1ae6a01f1395ee70e046537cd87b990c4ae|2024-10-14 09:54:33 -0700|Eduard Tudenhoefner|Core: Switch usage to DataFileSet / DeleteFileSet (#11158)
3d9fc1dee1228e742e22234369498ee16b19f5a2|2024-10-14 10:07:44 -0700|S N Munendra|[AWS] S3FileIO - Add Cross-Region Bucket Access (#11259)
6fdc69a221123d17982f78304c5cf19f60e76cb9|2024-10-14 12:57:03 -0700|Piotr Findeisen|Core: Deprecate ContentCache.invalidateAll (#10494)
6376b447c9b18dc9f0b72dc8dba46d78ec655049|2024-10-15 11:59:10 +0200|Huaxin Gao|Spark 3.3, 3.4, 3.5: Remove unnecessary copying of FileScanTask (#11319)
33b33f3ec835ce69025aa827b5b5ba6e2fbd98dd|2024-10-15 20:02:49 +0200|Eduard Tudenhoefner|Core: Rename DeleteFileHolder to PendingDeleteFile / Optimize duplicate data/delete file detection (#11254)
32b1ab6ea833f4067b92f7943cbfc0057faba4c7|2024-10-15 23:46:16 -0700|Piotr Findeisen|Core: Fix version number in deprecation note for invalidateAll (#11325)
5e279c868f8e2087f88ae779d8cc8474768bc5e2|2024-10-16 14:32:51 +0200|Tom Tanaka|Build, Spark, Flink: Bump junit from 5.10.1 to 5.11.1 (#11262)
11a8a78b951d6f83fbeff703ac4e1a4b7d3f3597|2024-10-16 10:39:50 -0500|Marc Cenac|Core, Azure: Support wasb[s] paths in ADLSFileIO (#11294)
22a6b19c2e226eacc0aa78c1f2ffbdbb168b13be|2024-10-16 11:04:08 -0700|SeungwanJo|Make connect compatable with kafka plugin.discovery (#10536)
17f1c4d2205b59c2bd877d4d31bbbef9e90979c5|2024-10-16 17:18:26 -0500|Soumya Banerjee|Spark 3.5: Spark Scan should ignore statistics not of type Apache DataSketches (#11035)
3c6c62654c50f7f5b093f82b92cfb81f6ed8ef33|2024-10-16 15:51:40 -0700|RyanJClark|Kafka Connect: Add regex for property file match (#11303)
9d58865aebaea95fce43d690a0ac4711ed20fdb8|2024-10-17 08:44:53 +0200|Yuya Ebihara|OpenAPI: Remove repeated 'for' (#11338)
bbbfd1e2f14e62703d2dc5f1cb95631ab10f6d72|2024-10-17 07:48:54 -0600|Edgar Rodriguez|AWS: Fix S3InputStream retry policy (#11335)
3def1f447ce2b573012802b0b5d92ee6c9e75e6a|2024-10-17 14:44:06 -0500|Aihua Xu|API: (Test Only) Small fix to TestSerializableTypes.java (#11342)
f4ffe138968bc25b876033f36744e0573e875920|2024-10-17 14:31:02 -0700|Steven Zhen Wu|Core: lazily load default Hadoop Configuration to avoid NPE with HadoopFileIO because FileIOParser doesn't serialize Hadoop configuration (#10926)
fd064386fe637e504cb71e2cfa9ebd8f28b9ac6c|2024-10-18 11:31:44 +0200|Russell Spitzer|Revert "Core, Azure: Support wasb[s] paths in ADLSFileIO (#11294)" (#11344)
2ac5c43284a65a9fb53438c310f15a4a362f925e|2024-10-18 09:06:57 -0700|Steven Zhen Wu|Flink: make FLIP-27 default in SQL and mark the old FlinkSource as deprecated (#11345)
8a931e89a8dc0731aa627c04cb3676b50a6a0ad3|2024-10-18 09:36:11 -0700|Steven Zhen Wu|Flink: disable the flaky range distribution bucketing tests for now (#11347)
44233fa5307cad4a10dfb33b67bae31da48c6798|2024-10-18 19:24:13 +0200|Eduard Tudenhoefner|OpenAPI: Standardize credentials in loadTable/loadView responses (#10722)
8dc9eacd4ea0227683710cdeb5ff6fcd4acd93fb|2024-10-18 19:24:36 +0200|Eduard Tudenhoefner|Core: Add credentials to loadTable / loadView responses (#11173)
d61a98dc594e86484ea0d7d4bf8214d4ac546143|2024-10-18 11:01:44 -0700|Laith AlZyoud|API: Add RewriteTablePath action interface (#10920)
ea5da1789f3eb80fc3196bcdd787a95ac0c493ba|2024-10-18 16:48:00 -0700|Ozan Okumusoglu|AWS: Switch to base2 entropy in ObjectStoreLocationProvider for optimized S3 performance (#11112)
d4f0d7e8036488924edf9acdc2aed6fc3a3415e1|2024-10-21 06:35:03 +0200|Arek Burdach|Flink: Add IcebergSinkBuilder interface allowed unification of most of operations on FlinkSink and IcebergSink Builders (#11305)
b8c2b20237bc9309d34dc96c473e9941d1b2ad58|2024-10-21 07:34:44 +0200|dependabot[bot]|Build: Bump parquet from 1.13.1 to 1.14.3 (#11264)
de48a74263448a191344d411004db67900f528a8|2024-10-21 09:06:59 +0200|dependabot[bot]|Build: Bump com.palantir.baseline:gradle-baseline-java (#11362)
181476471a75afcee1768ddf99afd88b6e348006|2024-10-21 09:07:18 +0200|dependabot[bot]|Build: Bump com.google.errorprone:error_prone_annotations (#11360)
0640a38b6b030b0e1c3ef7bb3d92e4c64b621dc7|2024-10-21 09:07:34 +0200|dependabot[bot]|Build: Bump software.amazon.awssdk:bom from 2.28.21 to 2.28.26 (#11359)
ce75f52719999d1b3aaba3ed4f10d4ca7fdb8bb8|2024-10-21 12:00:36 +0200|dependabot[bot]|Build: Bump com.google.cloud:libraries-bom from 26.48.0 to 26.49.0 (#11363)
c16cefa5015dda417f80e0d59124cd92448787ab|2024-10-21 14:35:03 +0200|leesf|Core: Move deleteRemovedMetadataFiles(..) to CatalogUtil (#11352)
d0a7ff915e6307e200a02ed76daff1a2fb363a3b|2024-10-21 13:53:13 -0500|Wing Yew Poon|Arrow: Fix indexing in Parquet dictionary encoded values readers (#11247)
a19896658c98220ea0115d5d93ba6dff40c5c4e9|2024-10-22 09:13:01 -0700|Ryan Blue|Spark 3.5: Update Spark to use planned Avro reads (#11299)
a8ec43d975d8d3bbacb6880b487208b00cb7361f|2024-10-22 15:28:57 -0700|Hongyue/Steve Zhang|Core, Spark 3.5: Remove dangling deletes as part of RewriteDataFilesAction (#9724)
97946088a8977e47ad996220186d4e137edc3d28|2024-10-23 17:32:30 +0200|Eduard Tudenhoefner|Spark: Randomize view/function names in testing (#11381)
60181f9a763fb3912f071ae0a3dcdaeff6ddb477|2024-10-23 11:16:39 -0600|Eduard Tudenhoefner|Spark 3.4: Randomize view/function names in testing (#11382)
9c0a8068462720992b955442b5324ef9b0afee83|2024-10-23 11:23:53 -0600|Hongyue/Steve Zhang|Spark 3.4: Action to remove dangling deletes (#11377)
043757c0a1cb79392a3dc81054b75d8cfb3bd95e|2024-10-23 14:36:34 -0500|Huaxin Gao|Spark 3.5: Reset Spark Conf for each test in TestCompressionSettings (#11333)
02a988b09ab5b6e9aaa47c79e5e131313cf983cc|2024-10-23 14:59:18 -0700|Russell Spitzer|Spec: Adds Row Lineage (#11130)
4850b622c778deb4b234880bfd7643070e0a5458|2024-10-23 20:45:00 -0700|stubz151|AWS: Support S3 directory bucket listing (#11021)
1cb88a64f8a065c87eb875cf08cfc70941a2fd05|2024-10-24 12:33:27 +0200|Eduard Tudenhoefner|Core: Add LoadCredentialsResponse class/parser (#11339)
35a02d035e40344523fdb7a0933e07a8433ea763|2024-10-24 16:07:35 +0200|Eduard Tudenhoefner|OpenAPI: Add endpoint for refreshing vended credentials (#11281)
6ba1a1f578b2445f9bf3a2721fae538275bc9948|2024-10-24 17:37:33 +0200|sullis|AWS: Use testcontainers-minio instead of S3Mock (#11349)
12ac3ee5d358521a52318d276592ba9cf95e8926|2024-10-24 10:58:56 -0700|Bryan Keller|Kafka Connect: Include third party licenses and notices in distribution (#10829)
fdc2c223efa3367f8a10d9c49985326352b687b4|2024-10-24 11:55:18 -0700|JB Onofré|Deprecate iceberg-pig (#11379)
6b04a6d000019a6182eb6521d1e7e4124a0cd73b|2024-10-25 08:25:23 -0600|Eduard Tudenhoefner|Core: Track data files by spec id instead of full PartitionSpec (#11323)
32e9f40468756a60d2cc52e2b9e951209268e94b|2024-10-25 14:28:51 -0500|Manu Zhang|Spark 3.5: Don't change table distribution when only altering local order (#10774)
7738e1d7228474e36f661cfa1a15a2e8f8410bcd|2024-10-25 15:37:05 -0500|Ajantha Bhat|Spec: Fix table of content generation (#11067)
9ecd97bf4538ca94276fb019c2ec477d28e4bf7c|2024-10-25 15:39:48 -0500|Prashant Singh|[KafkaConnect] Fix RecordConverter for UUID and Fixed Types (#11346)
7ad11b2df1a266d29f9e4f6bb5b499cb68c0afb7|2024-10-25 15:23:44 -0600|Kevin Liu|Core: Snapshot `summary` map must have `operation` key (#11354)
2b55fef7cc2a249d864ac26d85a4923313d96a59|2024-10-25 22:57:24 -0700|erik-grepr|Core: Update TableMetadataParser to ensure all streams closed (#11220)
e3bbcac8524f1835fc8737ec6af26de3177b4e01|2024-10-28 10:04:24 +0100|Manu Zhang|Build: Bump Spark 3.4 to 3.4.4 (#11366)
b4d178fa0502159ec087b1fced1747ee181fd4e3|2024-10-28 10:05:32 +0100|dependabot[bot]|Build: Bump junit from 5.11.1 to 5.11.3 (#11401)
9565b9c401e87c9d6c31d91e44b439c1cb16d123|2024-10-28 10:06:12 +0100|dependabot[bot]|Build: Bump software.amazon.awssdk:bom from 2.28.26 to 2.29.1 (#11400)
681b09ddc95e66b056aa7954c6606c5ff329cb24|2024-10-28 10:13:50 +0100|gaborkaszab|Core: Move Javadoc about commit retries to SnapshotProducer (#10995)
9fc9c052b592d7e79b2900eccf0459e1951d9e60|2024-10-28 11:23:45 +0100|dependabot[bot]|Build: Bump junit-platform from 1.11.2 to 1.11.3 (#11402)
68a7102073d53e81a082cc56b6f5dac6d5f436ae|2024-10-28 12:02:34 +0100|dependabot[bot]|Build: Bump org.xerial:sqlite-jdbc from 3.46.1.3 to 3.47.0.0 (#11407)
48acaadcf94f43572f11b7b589d1fb3857fc6b9d|2024-10-28 12:03:10 +0100|dependabot[bot]|Build: Bump software.amazon.s3.accessgrants:aws-s3-accessgrants-java-plugin (#11405)
c3191eecd90cd0b33bb11b77ea2ebd4c35f5e751|2024-10-28 14:15:42 +0100|dependabot[bot]|Build: Bump net.snowflake:snowflake-jdbc from 3.19.0 to 3.19.1 (#11406)
6e911e0ea34499333c92406784b047402884bc54|2024-10-28 14:16:03 +0100|dependabot[bot]|Build: Bump testcontainers from 1.20.2 to 1.20.3 (#11404)
d10e67d422f2b58ed13bcf826bc95fe1e5acc0f4|2024-10-28 14:16:44 +0100|dependabot[bot]|Build: Bump com.google.errorprone:error_prone_annotations (#11403)
b4b0bdc543078c55301da6e4b29b81f6e1329a49|2024-10-28 14:18:50 +0100|dependabot[bot]|Build: Bump mkdocs-macros-plugin from 1.2.0 to 1.3.7 (#11399)
696204392c97940e9d8fded77a43fcabc15e097e|2024-10-28 14:20:31 +0100|dependabot[bot]|Build: Bump mkdocs-material from 9.5.39 to 9.5.42 (#11398)
86a8560315432d6c63af8f6bc1379618d7b432cf|2024-10-28 17:42:58 +0100|Manu Zhang|Flink: Fix disabling flaky range distribution bucketing tests (#11410)
a6503f573c3890f691d605b01c20932f58dd9511|2024-10-28 18:12:06 +0100|Fokko Driesprong|Bump Azurite to the latest version (#11411)
a28ebf748cc00f66b80c797dc13181b4e81fe252|2024-10-28 18:12:48 +0100|dependabot[bot]|Build: Bump datamodel-code-generator from 0.26.1 to 0.26.2 (#11356)
6c58f5bb7f32ec3b322f68f15c82a62a95267e77|2024-10-28 12:32:19 -0500|Kevin Liu|Revert "Core: Snapshot `summary` map must have `operation` key (#11354)" (#11409)
e013c67f24f0c0c256dd6a0dfeb872b7959ac267|2024-10-28 12:42:08 -0500|JB Onofré|Aliyun: Remove spring-boot dependency (#11291)
7ac617a5a8b0dedbaaa6e19caedfd846968c7cac|2024-10-28 20:55:22 +0100|dependabot[bot]|Build: Bump com.azure:azure-sdk-bom from 1.2.25 to 1.2.28 (#11267)
47eac5221bd59ce0228f8e01825b35f8be7bf0c7|2024-10-28 20:57:39 +0100|Manu Zhang|Spark: Flaky test due temp directory (#10811)
1e3ee1e4e80873018af716a190e541925f09c285|2024-10-28 22:02:55 +0100|Anton Okolnychyi|Core: Add portable Roaring bitmap for row positions (#11372)
602c2b2dbecb81d7d84940f988579add7ffd1030|2024-10-29 11:54:24 -0500|JB Onofré|Flink 1.20: Update Flink to use planned Avro reads (#11386)
740d4e7b1ced2c1b4549edf9f6189003f0e06c2c|2024-10-29 19:19:10 +0100|Ajantha Bhat|open-api: Fix `testFixtures` dependencies (#11422)
469c5560b26f8c0eb18bd04be8f4d8fb1fd87c20|2024-10-29 15:03:38 -0500|Hongyue/Steve Zhang|Core: use ManifestFiles.open when possible (#11414)
5359bea71bceaad35897ac82573d73e3c7e47f71|2024-10-30 07:09:42 +0100|Eduard Tudenhoefner|GCS: Refresh vended credentials (#11282)
bedc71167b8c7d6a9f167ee373794f02fb968cd7|2024-10-30 07:26:10 +0100|Alex Merced|Docs: Add 21 blogs / fix one broken link (#11424)
9e895cb6dff9dcd2a117a4f5e197f0235047ff54|2024-10-30 10:29:45 +0100|Eduard Tudenhoefner|AWS: Refresh vended credentials (#11389)
7c390861935874d999aad66ebafd4ef9aba648d9|2024-10-30 15:49:37 +0100|Fokko Driesprong|Build: Bump Hadoop to 3.4.1 (#11428)
dec84c0549e80b113b3bb6799dcaf3f6d3c59fed|2024-10-30 11:30:55 -0600|Eduard Tudenhoefner|Core: Remove credentials from LoadViewResponse (#11432)
f4b36a5e553cc8a14208890da2a3adc91ceefbda|2024-10-30 12:52:34 -0500|Eduard Tudenhoefner|OpenAPI: Remove credentials from LoadViewResult (#11433)
91e04c9c88b63dc01d6c8e69dfdc8cd27ee811cc|2024-10-30 16:58:25 -0500|Ryan Blue|API: Add compatibility checks for Schemas with default values (#11434)
57fb6d56588ea91e995663b1a6f8bfee34060fa8|2024-10-31 13:31:14 -0700|Hongyue/Steve Zhang|Doc: Update rewrite data files spark procedure (#11396)
ea61ee46db17d94f22a5ef11fd913146557bdce7|2024-10-31 15:48:45 -0500|Manu Zhang|Docs: warn `parallelism > 1` doesn't work for migration procedures (#11417)
1d4df34d7bd06f6f69856aec15a1a94ae104c605|2024-10-31 16:33:14 -0500|sullis|Core: Log retry sleep time (#11413)
caf424a373fa125d427401acda7079b08abea9de|2024-11-01 20:18:34 +0100|Anton Okolnychyi|Core: Use RoaringPositionBitmap in position index (#11441)
fe23584fc3af9f0ea1371989030b0a99affb233f|2024-11-01 17:22:44 -0700|Hongyue/Steve Zhang|Core: Add validation for table commit properties (#11437)
8b4ebc66e1d34dc345f8370c341720cbda98f877|2024-11-02 10:06:12 +0100|Anton Okolnychyi|Core: Add cardinality to PositionDeleteIndex (#11442)
b9ebc71fbc9803b6a8a4b9ed63b9ad4adeb66edf|2024-11-02 11:04:03 +0100|Ryan Blue|Puffin: Add deletion-vector-v1 blob type (#11238)
d368a5f84448b2e5698f9cab668a80eda6e3f96d|2024-11-02 11:18:04 +0100|Ryan Blue|Spec: Add deletion vectors to the table spec (#11240)
d9b9768766b359adf696f5dc9e321507bd0213d2|2024-11-02 17:23:28 +0100|Anton Okolnychyi|API, Core: Add data file reference to DeleteFile (#11443)
e47fa6a581f1396c35b13ead228e886003c9dfdf|2024-11-04 08:49:46 +0100|dependabot[bot]|Build: Bump software.amazon.awssdk:bom from 2.29.1 to 2.29.6 (#11454)
29ee906496d840785f814f1aee99eb0e0767f0ae|2024-11-04 08:50:16 +0100|dependabot[bot]|Build: Bump com.gradleup.shadow:shadow-gradle-plugin from 8.3.3 to 8.3.5 (#11452)
7ffb6a3de78014c9917eaafbda947a3ebcdd1389|2024-11-04 08:50:40 +0100|dependabot[bot]|Build: Bump com.google.cloud:libraries-bom from 26.49.0 to 26.50.0 (#11451)
aa27d9057d7471e4ca9d1e03e20d9cbbf0c87890|2024-11-04 08:50:56 +0100|dependabot[bot]|Build: Bump org.apache.httpcomponents.client5:httpclient5 (#11450)
c7f0f80e030866b4bb6795a20c50d9c1c2ed726b|2024-11-04 11:39:56 +0100|dependabot[bot]|Build: Bump com.azure:azure-sdk-bom from 1.2.28 to 1.2.29 (#11453)
0669bcbad761cf9ac6d4847e8f5a510f4edc8e1f|2024-11-04 15:06:00 +0100|pvary|Flink: Maintenance - TableManager + ExpireSnapshots (#11144)
ec0eef45ebe11786072a71ae315c0637c2154862|2024-11-04 15:13:21 +0100|dependabot[bot]|Build: Bump mkdocs-material from 9.5.42 to 9.5.43 (#11455)
8357f65d23b8d3cc87f89b1aa818fcf4b5eb6d5d|2024-11-04 15:13:37 +0100|dependabot[bot]|Build: Bump net.snowflake:snowflake-jdbc from 3.19.1 to 3.20.0 (#11447)
329846875dcb9c58d01fee62ab778f91388bf45a|2024-11-04 15:15:02 +0100|dependabot[bot]|Build: Bump kafka from 3.8.0 to 3.8.1 (#11449)
9dcf0d3d32355e1e254d623ffaf093783eac5663|2024-11-04 15:15:20 +0100|dependabot[bot]|Build: Bump jackson-bom from 2.18.0 to 2.18.1 (#11448)
af5be32fbef36690d32b5e53c4153b709d8db188|2024-11-04 07:40:21 -0700|Anton Okolnychyi|Core: Fix generated position delete file spec (#11458)
ec269ee3ec0de4184eb536a6ef4f3523dc91332a|2024-11-04 19:35:08 +0100|Anton Okolnychyi|API, Core: Add content offset and size to DeleteFile (#11446)
7cc16fa94d7cd4e19397e9b4fba62185e0fa5eac|2024-11-04 13:27:40 -0600|Russell Spitzer|Revert "Build: Bump parquet from 1.13.1 to 1.14.3 (#11264)" (#11462)
d0cca384a01172b5133bf7e207d94e374ed0c2ed|2024-11-04 21:22:50 +0100|Anton Okolnychyi|Spark 3.5: Preserve data file reference during manifest rewrites (#11457)
43b2f7d007c26ad79ebdf60d37ccca144db1f08f|2024-11-05 08:35:42 +0100|Anton Okolnychyi|Core: Make PositionDeleteIndex serializable (#11463)
592b3b1c51fb0302bc4e970fccfc462a49009ad2|2024-11-05 08:50:39 +0100|Anton Okolnychyi|Spark 3.5: Preserve content offset and size during manifest rewrites (#11469)
20e0e3dae59826ea02bc2c79f8778cdf7a825316|2024-11-05 11:04:56 +0100|Manu Zhang|Spark 3.5: Fix flaky test due to temp directory not empty during delete (#11470)
67ee0825959c42b405c2cc0e2e5b916bd2cfc493|2024-11-05 12:56:02 +0100|Eduard Tudenhoefner|Core, Data, Flink, Spark: Improve tableDir initialization for tests (#11460)
5bd314bdf6c3b5e0e5346d0f7408353bdf31bc81|2024-11-05 15:52:24 +0100|Anton Okolnychyi|Core: Support DVs in DeleteFileIndex (#11467)
549674b3fc0cdb18d6cad3e2d6320236fba8c562|2024-11-05 17:02:00 +0100|Anton Okolnychyi|Core: Adapt commit, scan, and snapshot stats for DVs (#11464)
ad24d4bf85cd43e1f6337dd4b38fbe2b0e3ffbf4|2024-11-05 11:15:49 -0700|Amogh Jahagirdar|Spark: Synchronously merge new position deletes with old deletes (#11273)
9be7f00dd6a9fb480a94c46d49473334908be859|2024-11-05 15:55:56 -0800|Marc Cenac|Fix ADLSLocation file parsing (#11395)
2ffd3b02a2aa8c02ea0a322c0410b1bffcbc62fa|2024-11-06 09:17:35 +0100|Ajantha Bhat|open-api: Build runtime jar for test fixture (#11279)
7938403a437f81a502fd82053dccff10a1531ada|2024-11-06 21:32:07 +0100|Anton Okolnychyi|Core, Puffin: Add DV file writer (#11476)
1e82c476df58ba467342eec98cb02ec0e2c75bd1|2024-11-06 14:45:41 -0800|Mingliang Liu|Flink: Fix config key typo in error message of SplitComparators (#11482)
11e7230b678c1dd76993117c7470ce92b63709d7|2024-11-07 09:47:50 -0600|Russell Spitzer|API: Removes Explicit Parameterization of Schema Tests (#11444)
5c8a5d68d43bc9d32fe5cb272be7ea01b95a7251|2024-11-07 17:50:10 +0100|Manu Zhang|Docs: Fix verifying release candidate with Spark and Flink (#11461)
3da64d37d018b3fc7e78e7004ce63245b5b8a1c5|2024-11-08 07:29:44 +0100|pvary|Flink: Port #11144 to v1.19 (#11473)
fff9ec3bbc322080da6363b657415b039c0e92a0|2024-11-08 07:36:27 +0100|Manu Zhang|Docs: Fix format of verifying release candidate with Flink (#11487)
166edc7298825321f677e1e70cf88d7249e8035c|2024-11-08 18:09:49 +0100|Anton Okolnychyi|Core: Support DVs in DeleteLoader (#11481)
dda62154e69a27da1fa9e6cce59413f988a0e99b|2024-11-08 20:05:42 +0100|Russell Spitzer|Infra: Update DOAP.RDF for Apache Iceberg 1.7.0 (#11492)
6a16340947ec7f596133104d7945555aabdeee86|2024-11-08 20:34:08 +0100|Russell Spitzer|Docs: Site Update for 1.7.0 Release (#11494)
bbc0d9aad515dc7c9c38e5f37b6d6fa521e7eab3|2024-11-08 20:34:56 +0100|Russell Spitzer|Infra: Add 1.7.0 to issue template (#11491)
df0917d5536eae151d667a62231c0023dcd5f1e9|2024-11-08 20:35:12 +0100|Russell Spitzer|Build: Let revapi compare against 1.7.0 (#11490)
cd25937dc7438637d11cd54d2065d391bdc6d405|2024-11-08 21:46:15 +0100|Russell Spitzer|Docs: Adds Release notes for 1.6.1 (#11500)
dfee4cb35e2d18ff22625d360ed8c4af499e694d|2024-11-08 21:47:21 +0100|Russell Spitzer|Docs: Fixes Release Formatting for 1.7.0 Release Notes (#11499)
82a2362afce28bb2c8a390aadf6babca2d731822|2024-11-08 15:39:30 -0600|Sung Yun|DOCS: Explicitly specify `operation` as a _required_ field of `summary` field (#11355)
1c576c5952fbc623591e800408cdba1518e6a410|2024-11-08 15:57:37 -0800|Huaxin Gao|Spark: Exclude reading _pos column if it's not in the scan list (#11390)
ea21a533bc42a11c92d02d7441786bce6838b0b6|2024-11-11 09:10:33 +0100|dependabot[bot]|Build: Bump mkdocs-redirects from 1.2.1 to 1.2.2 (#11511)
aa0aeb0cfa77687312fbacee2bfd8ab0b9ba452b|2024-11-11 09:27:40 +0100|dependabot[bot]|Build: Bump mkdocs-material from 9.5.43 to 9.5.44 (#11510)
981f1ea2f5d11231139007866831288225d154a5|2024-11-11 14:40:46 +0100|dependabot[bot]|Build: Bump software.amazon.awssdk:bom from 2.29.6 to 2.29.9 (#11509)
d1fd492b865191c40d87795746e058f82fc14026|2024-11-11 14:41:03 +0100|Manu Zhang|Docs: Update multi-engine support after 1.7.0 release (#11503)
5530605ff982e24a9a7894b21b34ae0eddf7dfef|2024-11-11 17:58:41 +0100|dongwang|Spark: Fix typo in Spark ddl comment (#11517)
af3fbfe0786f9016f9cc645a80d0925c7334eb33|2024-11-11 22:08:23 +0100|Anton Okolnychyi|Core: Support commits with DVs (#11495)
11d21b26ecbb30361b2b2eee0c335d6cd9560c8d|2024-11-11 15:55:42 -0800|Bryan Keller|Kafka Connect: fix Hadoop dependency exclusion (#11516)
e3f39972863f891481ad9f5a559ffef093976bd7|2024-11-12 13:23:32 +0100|JB Onofré|Build: Upgrade to Gradle 8.11.0 (#11521)
50545781d54adedb6e6f1e753323ccf37ba9030f|2024-11-12 10:29:08 -0600|Cheng Pan|Spark 3.5: Iceberg parser should passthrough unsupported procedure to delegate (#11480)
4a3817bc788701973899765ddbdf8b0768c9318a|2024-11-12 20:30:21 +0100|Kevin Liu|Release: Use `dist/release` KEYS (#11526)
0280885ac95bdf763556a84bb9d7c6fd9c8c5e2a|2024-11-13 16:00:08 +0100|JB Onofré|Pig: Remove iceberg-pig (#11380)
e06b069529be3d3d389b156646e751de3753feb0|2024-11-13 16:42:06 +0100|Eduard Tudenhoefner|Core, Flink, Spark: Test DVs with format-version=3 (#11485)
3659ded18d50206576985339bd55cd82f5e200cc|2024-11-13 14:09:31 -0700|Huaxin Gao|Spark: Update tests which assume file format to use enum instead of string literal (#11540)
9923ac9384900f9644efa4118ef953095f15d0fd|2024-11-14 10:27:19 +0100|Sai Tharun|Spark 3.4: Support Spark Column Stats (#11532)
daa24f9c3a56e18d188097deb2dd79cc991c9a78|2024-11-14 11:48:48 +0100|Manu Zhang|Docs: Fix rendering lists (#11546)
071d9e277833cfb13421be345c67f4a1876b4840|2024-11-14 06:35:32 -0800|dependabot[bot]|Build: Bump kafka from 3.8.1 to 3.9.0 (#11508)
09634857e4a1333f5dc742d1dca3921e9a9f62dd|2024-11-14 06:38:04 -0800|Marc Cenac|Support WASB scheme in ADLSFileIO (#11504)
0a705b0637db484730eb4eece69ae6c4d52fd9da|2024-11-14 16:04:01 -0600|Russell Spitzer|Docs: 4 Spaces are Requried for Sublists (#11549)
4c0288a4ca86d0cf400405777808e2eb706d8d25|2024-11-15 07:07:04 +0100|Rocco Varela|API, Core, Spark: Ignore schema merge updates from long -> int (#11419)
307593ffd99752b2d62cc91f4928285fc0c62b75|2024-11-15 18:19:52 +0800|Manu Zhang|Docs: Fix level of Deletion Vectors (#11547)
50d310aef17908f03f595d520cd751527483752a|2024-11-15 08:50:29 -0700|Amogh Jahagirdar|API, Core: Replace deprecated ContentFile#path usage with location (#11550)
821aec32bb9be28d9c1905f772d9e3101cc98d9e|2024-11-15 12:52:23 -0600|Aihua Xu|API: Add Variant data type (#11324)
315e1543743c7e72e5d66f0604f99414357ad772|2024-11-15 22:12:45 +0100|Anton Okolnychyi|Spark 3.5: Adapt DeleteFileIndexBenchmark for DVs (#11529)
7e4fd1ba6e4479376128312572ed41378b2ed9a5|2024-11-15 22:14:32 +0100|Anton Okolnychyi|Spark 3.5: Adapt PlanningBenchmark for DVs (#11531)
acd7cc1126b192ccb53ad8198bda37e983aa4c6c|2024-11-15 22:15:08 +0100|Anton Okolnychyi|Spark 3.5: Add DVReaderBenchmark (#11537)
8c83fb73402d8ef1e3f8f673a1851d1d244fcc10|2024-11-17 08:29:05 +0100|dependabot[bot]|Build: Bump datamodel-code-generator from 0.26.2 to 0.26.3 (#11572)
3934b1383db31aaeb75009f1fd725ca414a78381|2024-11-17 08:29:46 +0100|dependabot[bot]|Build: Bump software.amazon.awssdk:bom from 2.29.9 to 2.29.15 (#11568)
fc11dc456e87e6dcec77d6de9579cf85a6f8fa4c|2024-11-17 08:29:56 +0100|dependabot[bot]|Build: Bump io.netty:netty-buffer from 4.1.114.Final to 4.1.115.Final (#11569)
b38951db6a7061a595605229c21c1a1912a3a4c1|2024-11-17 17:20:20 +0100|Eduard Tudenhoefner|Data, Flink, MR, Spark: Test deletes with format-version=3 (#11538)
491718c3e22eff592d6924c70496f5b4eeb7a978|2024-11-18 11:33:42 +0100|dependabot[bot]|Build: Bump nessie from 0.99.0 to 0.100.0 (#11567)
f9256c698107b0303eb3d33c3f7fa8c3ed87b020|2024-11-18 11:37:05 +0100|dependabot[bot]|Build: Bump orc from 1.9.4 to 1.9.5 (#11571)
97542ab677cc1cc03f9cab7461266f01888ef1f9|2024-11-18 08:26:58 -0700|Amogh Jahagirdar|API, Arrow, Core, Data, Spark: Replace usage of deprecated ContentFile#path API with location API (#11563)
bf8d25fe1578ef199d64fb609c0299728ec58910|2024-11-18 11:14:35 -0600|Fokko Driesprong|Core: Serialize `null` when there is no current snapshot (#11560)
209781af4f48cbde23a864ae6da98022eccb4708|2024-11-18 14:11:17 -0600|Cheng Pan|Spark 3.4: Iceberg parser should passthrough unsupported procedure to delegate (#11579)
568940f5f85568868f3d75855fa72d17378271f3|2024-11-18 14:11:41 -0600|Cheng Pan|Spark 3.3: Iceberg parser should passthrough unsupported procedure to delegate (#11580)
e71e3cb1954fec66dc8915da2854e8fe02d08197|2024-11-19 06:23:55 -0700|gaborkaszab|Core: Inherited classes from SnapshotProducer has TableOperations redundantly as member (#11578)
3badfe0c1fcf0c0adfc7aa4a10f0b50365c48cf9|2024-11-19 06:38:46 -0800|Eduard Tudenhoefner|Revert "Core: Use encoding/decoding methods for namespaces and deprecate Spli…" (#11574)
f6d02de77fd8932cbe1fdf97e0f00acc3368e656|2024-11-20 07:05:06 +0100|leesf|Core: Delete temp metadata file when version already exists (#11350)
657fa86b4928de23bf01ceda0f6f6112bc19403c|2024-11-20 09:35:34 +0100|Fokko Driesprong|Build: Bump Apache Parquet 1.14.4 (#11502)
3c4a710d2f087ff2d1220607424e9164a6f09281|2024-11-20 09:48:27 +0100|Fokko Driesprong|Core: Filter on live entries when reading the manifest (#9996)
918f81f3c3f498f46afcea17c1ac9cdc6913cb5c|2024-11-20 15:06:33 +0100|Eduard Tudenhoefner|Core: Fix CCE when retrieving TableOps (#11585)
d19e3ff07653167d902865281601a5da4e2f2def|2024-11-20 17:32:11 +0100|Eduard Tudenhoefner|API, Core: Remove unnecessary casts to Iterable<T> (#11601)
799925a4ef41e7b4231930377b83bd686001c2c0|2024-11-20 10:39:41 -0600|Manu Zhang|Spark 3.5: Fix NotSerializableException when migrating Spark tables (#11157)
c9ece121446250643cb5e21133bef25522d69093|2024-11-20 10:40:48 -0800|Anton Okolnychyi|Spark 3.3: Deprecate support (#11596)
6e9e07aa0f35197bb23b218d23716e928d1c2814|2024-11-20 15:26:19 -0600|Zhendong Bai|Hive: Bugfix for incorrect Deletion of Snapshot Metadata Due to OutOfMemoryError (#11576)
a8f42d1b3954fb53a40204f2aa3a99080d637201|2024-11-20 23:08:36 +0100|Matt Topol|docs: Add `iceberg-go` to doc site (#11607)
3b5c9f7f37b269c5e2df0feb11376333f29380e2|2024-11-20 15:10:26 -0800|Karuppayya|Spark 3.5: Procedure to compute table stats (#10986)
93a06339992a002fa907f515e68f4c20a3af2253|2024-11-20 17:46:57 -0800|Wing Yew Poon|Parquet: Use native getRowIndexOffset support instead of calculating it (#11520)
c448a4b87007ae8aad57456e19d32db45de3a4f6|2024-11-20 18:15:44 -0800|Ace Haidrey|Spark: Fix changelog table bug for start time older than current snapshot (#11564)
652fcc66073f996af5515eca8a094886c2fd1312|2024-11-21 16:14:23 +0100|Manu Zhang|Spark 3.5: Fix flaky TestRemoveOrphanFilesAction3 (#11616)
c1f1f8b18e0fd1a36e170f05e9c7fa4f2bdd7b8d|2024-11-21 16:15:42 +0100|JB Onofré|Build: Upgrade to Gradle 8.11.1 (#11619)
90be5d7360bc7ff274e7d00cb7259afbf78f223b|2024-11-21 08:23:53 -0700|Amogh Jahagirdar|Core: Optimize MergingSnapshotProducer to use referenced manifests to determine if manifest needs to be rewritten (#11131)
12845d4edc0dcb65c7049509bbd54dc16396c6d1|2024-11-21 13:09:10 -0700|Hussein Awala|Revert "Core: Update TableMetadataParser to ensure all streams closed (#11220)" (#11621)
a52afdc484f9e63477b96d0182586692daac8eab|2024-11-21 15:32:26 -0800|Haizhou Zhao|Add REST Catalog tests to Spark 3.5 integration test (#11093)
ce4c44792a31fdadb99489bca50360d9d190877d|2024-11-22 15:26:23 +0100|Cheng Pan|Spark 3.5: Correct the two-stage parsing strategy of antlr parser (#11628)
f717ebde46b235681165636da0c8f44bfa1823e5|2024-11-22 15:26:47 +0100|Cheng Pan|Spark 3.4: Correct the two-stage parsing strategy of antlr parser (#7734)
f2b1b91d304039027333570451477e7575f7d39d|2024-11-22 15:49:27 +0100|ismail simsek|Docs: Add new blog post to Iceberg Blogs (#11627)
5851ca6e0797bb84d669f27bb9ebc4a7b2a00361|2024-11-23 07:28:24 +0100|Cheng Pan|Docs: Mention HIVE-28121 for MySQL/MariaDB-based HMS users (#11631)
9cc13b11fbcb0091d6ad94882a1019dddf6b9023|2024-11-22 22:57:50 -0800|Cheng Pan|Spark 3.4: IcebergSource extends SessionConfigSupport (#7732)
5e09cdc6b908aa8cbfa191739cc1ad1e6db652ce|2024-11-22 22:58:39 -0800|Cheng Pan|Spark 3.5: IcebergSource extends SessionConfigSupport (#11624)
eddf9a161c47def40bd1104cda41a38c45dada44|2024-11-22 22:59:46 -0800|Cheng Pan|Spark 3.3: IcebergSource extends SessionConfigSupport (#11625)
b1fbef7bcb57969fd7de6dd421eb6a72b5416182|2024-11-25 08:43:23 +0100|dependabot[bot]|Build: Bump testcontainers from 1.20.3 to 1.20.4 (#11640)
3aebcfeb8a12af11ca868968db206c4fdb7cce4d|2024-11-25 08:45:53 +0100|dependabot[bot]|Build: Bump mkdocs-material from 9.5.44 to 9.5.45 (#11641)
4337040be07565608b945300ceabca91659c7766|2024-11-25 08:48:17 +0100|Cheng Pan|Spark 3.3: Correct the two-stage parsing strategy of antlr parser (#11630)
1f23dcd0e1c1a2360e2741f0ef562ca7fdd05eab|2024-11-25 08:49:38 +0100|dependabot[bot]|Build: Bump software.amazon.awssdk:bom from 2.29.15 to 2.29.20 (#11639)
4b52dbd89bf583f1bbdbf0b7a73b62404812ee11|2024-11-25 10:25:56 +0100|Fokko Driesprong|Core,Open-API: Don't expose the `last-column-id` (#11514)
cb1ad79cab49a3bd7202835b68b29596e37c0f37|2024-11-25 10:28:40 +0100|dependabot[bot]|Build: Bump com.google.errorprone:error_prone_annotations (#11638)
fa47f3141f8c163c4ddcbf1a02e9af85f3f5df04|2024-11-25 13:23:10 +0100|Arek Burdach|Flink: Add table.exec.iceberg.use-v2-sink option (#11244)
cdd944ebbd42cd94103f15c8baad8daa82995846|2024-11-25 13:45:27 +0100|Cheng Pan|Docs: Use DataFrameWriterV2 in example (#11647)
f7ff0dc8c0a27e2bcd727e4f7705cf0a69ccc9b3|2024-11-25 14:08:54 +0100|Hussein Awala|Docs: Add `WHEN NOT MATCHED BY SOURCE` to Spark doc (#11636)
fa00482d3fb45a053d9569f82983295a5c6a7499|2024-11-25 22:25:31 +0100|dependabot[bot]|Build: Bump nessie from 0.100.0 to 0.100.2 (#11637)
430ebff8ea4f947a8cef1ad181b19ed5157ef26b|2024-11-26 08:37:46 +0100|Manu Zhang|Build: Delete branch automatically on PR merge (#11635)
f3560871564c95a0e7b2bff3ca6ecb2e08726d01|2024-11-26 16:55:09 +0100|JB Onofré|Flink: Test both "new" Flink Avro planned reader and "deprecated" Avro reader (#11430)
38d054e4a41ed30be6f7d3480b80150c50b2c3e8|2024-11-27 08:02:27 +0100|Soumya Banerjee|Spark 3.4: Add procedure to compute table stats (#11652)
57527d743b0c1863475aca17fe73ca26f28f6f8d|2024-11-27 13:43:46 +0100|Arek Burdach|Flink: Backport #11244 to Flink 1.19 (Add table.exec.iceberg.use-v2-sink option) (#11665)
e9f24f896e4d5fd1e87831f7b95df7b343d0f693|2024-11-27 13:48:10 +0100|Yujiang Zhong|Doc: Fix some Javadoc URLs. (#11666)
2b3cb5b935996b5a7b4322b6fe051a2bc76bd209|2024-11-27 14:52:19 +0100|Arek Burdach|Docs: Add blog post showing Nussknacker with Iceberg integration (#11667)
9288d987f6a62b54dbe3cb7bdf61f896e7a8b0b5|2024-11-27 06:47:51 -0800|Hugo Friant|Kafka Connect: Add config to prefix the control consumer group (#11599)
bd7cff17590e285e804234e43086cd0fca18cb4b|2024-11-27 21:05:46 +0100|JB Onofré|Flink: Backport Avro planned reader (and corresponding tests) on Flink v1.18 and v1.19 (#11668)
3a8bf57ede8a2499fb2b4a62447a0927e6ca6135|2024-11-28 08:04:04 +0100|hengm3467|Docs: Add RisingWave (#11642)
163e2068f96f139632488f36928bf443c9be326f|2024-11-28 10:44:57 +0100|Ajantha Bhat|REST: Docker file for REST Catalog Fixture (#11283)
a95943e5561c78c18062852e7f8027a191562e08|2024-11-28 15:59:42 +0100|Eduard Tudenhoefner|Core: Propagate custom metrics reporter when table is created/replaced through Transaction (#11671)
8e0031c01fa5da75555938dd527c690a0727d50e|2024-11-28 11:34:23 -0800|Huaxin Gao|Spark: remove ROW_POSITION from project schema (#11610)
3a04257e49b555b6013f1b984e1c1802e53e1956|2024-11-28 20:44:49 +0100|Fokko Driesprong|Default to `overwrite` when operation is missing (#11421)
8fccdec9578edefc14af9563908fe37e645a2d04|2024-11-28 23:28:34 +0100|Fokko Driesprong|Core,API: Set `503: added_snapshot_id` as required (#11626)
7c7b4bac9097217f5563338dbc4b30d1559b5d76|2024-11-29 10:39:24 +0100|Sung Yun|Add GitHub Action to publish the `docker-rest-fixture` container (#11632)
e770facc3e7cbccb719b3ae5263cd1ece181f9ea|2024-11-29 16:05:44 +0100|Yuya Ebihara|Core, GCS, Spark: Replace wrong order of assertion (#11677)
f978fe534447fd487a8d8d4c2d6c64404ac504f7|2024-12-01 08:12:30 +0100|Ajantha Bhat|REST: Clean up `iceberg-rest-fixture` docker image naming (#11676)
233364044e058799b8e1882f1a0282849ef8b077|2024-12-02 06:22:29 +0100|dependabot[bot]|Build: Bump software.amazon.awssdk:bom from 2.29.20 to 2.29.23 (#11683)
578dda86dc49e09e9686fba3c19ee4018c9a8d7e|2024-12-02 06:22:49 +0100|dependabot[bot]|Build: Bump mkdocs-material from 9.5.45 to 9.5.46 (#11680)
bc36f5e33fd71335e91f04aa70a199243fd15897|2024-12-02 06:25:10 +0100|Yuya Ebihara|REST: Use `HEAD` request to check table existence (#10999)
a993b799816c25cfeb126d9f99ca7d0648bbdcaf|2024-12-02 06:27:25 +0100|dependabot[bot]|Build: Bump jackson-bom from 2.18.1 to 2.18.2 (#11681)
bfeaaeb8181bf035367761a0c6c907055f4f00cf|2024-12-02 06:27:43 +0100|dependabot[bot]|Build: Bump org.xerial:sqlite-jdbc from 3.47.0.0 to 3.47.1.0 (#11682)
d8326d876574241b4811017cd489f099d4b74f56|2024-12-02 13:58:57 -0800|AGW|Spark 3.5: Make where clause case sensitive in rewrite data files (#11439)
af8e3f5a40f4f36bbe1d868146749e2341471586|2024-12-02 17:26:27 -0800|Huaxin Gao|Spark: Remove extra columns for ColumnarBatch (#11551)
6501d29b2d46c8d57f46ad646e2daf7d8865f646|2024-12-03 09:54:47 -0800|Eduard Tudenhoefner|Spark: Add view support to SparkSessionCatalog (#11388)
15bf9ca54f4fe3ef665e2be641e6fe6f28a995d3|2024-12-04 12:09:22 +0100|Yuya Ebihara|Core: Fix warning message for deprecated OAuth2 server URI (#11694)
c7cef9bd81d150108a56a848b7482f179ea878b8|2024-12-04 12:10:24 +0100|Fokko Driesprong|Build: Bump Parquet to 1.15.0 (#11656)
3278b6990c08e277b397d675f4610da395debc77|2024-12-04 15:39:10 +0100|AGW|Spark 3.3, 3.4: Make where clause case sensitive in rewrite data files (#11696)
8c04bcb876d46e953ece5b2951c9bd2f361783df|2024-12-04 16:41:10 +0100|Shohei Okumiya|Core: Generalize Util.blockLocations (#11053)
36140b819c60743b39176e28a63ab588df445329|2024-12-04 14:34:52 -0800|Karuppayya|Docs: Spark procedure for stats collection (#11606)
38c8daa4eae8a75ab46571f1efce1609100f53dd|2024-12-05 18:18:10 -0800|Huaxin Gao|Spark 3.5: Align RewritePositionDeleteFilesSparkAction filter with Spark case sensitivity (#11700)
c91d3b764aff67d54ecfa942326bc2ed15a0f0bd|2024-12-06 08:46:57 -0800|Amogh Jahagirdar|Spark 3.5: Write DVs in Spark for V3 tables (#11561)
f931a3dcc5092533a1e383b926f7123dd5307d7b|2024-12-06 14:09:29 -0600|Bryan Keller|Infra: Add 1.7.1 to issue template (#11711)
2210e2887348453e8d787c7fcc9ffc8d6f276739|2024-12-06 15:49:27 -0600|Bryan Keller|Update ASF doap.rdf to Release 1.7.1 (#11712)
deeb04b2c1ceb9bb8ebee79254f2c98ab5b95b15|2024-12-06 18:15:02 -0800|Huaxin Gao|Spark 3.3,3.4: Align RewritePositionDeleteFilesSparkAction filter with Spark case sensitivity (#11710)
5d1dc1aa52dd92180bf0f3bc0b9eb57dbd0690e3|2024-12-09 11:35:58 +0100|dependabot[bot]|Build: Bump software.amazon.awssdk:bom from 2.29.23 to 2.29.29 (#11723)
b39253fcd4fdde765ba3a83f84b4160b9bdcb2a8|2024-12-09 11:48:51 +0100|dependabot[bot]|Build: Bump com.google.cloud:libraries-bom from 26.50.0 to 26.51.0 (#11724)
3eed132fd5be13237e245d0a528e64dcfa9f68d4|2024-12-09 12:07:45 +0100|dependabot[bot]|Build: Bump mkdocs-material from 9.5.46 to 9.5.47 (#11726)
0699c8db8579d7f12c188f9af2c2ab6e923fa84d|2024-12-09 14:07:38 +0100|Fokko Driesprong|Add C++ to the list of languages in `doap.rdf` (#11714)
0662373a676c40dabdfe66b8672b404cd53bb878|2024-12-09 14:11:59 +0100|dependabot[bot]|Build: Bump com.azure:azure-sdk-bom from 1.2.29 to 1.2.30 (#11725)
b18ab74c3c2ecddc8f17c9bdff625996a8ee600c|2024-12-09 14:24:36 +0100|dominikhei|Add `curl` to the `iceberg-rest-fixture` Docker image (#11705)
70d87f1750627b14b3b25a0216a97db86a786992|2024-12-09 14:45:16 +0100|dependabot[bot]|Build: Bump nessie from 0.100.2 to 0.101.0 (#11722)
2b2efd78f622df971e96ec1b72fe64fca9b4f7c2|2024-12-09 19:35:56 +0100|Bryan Keller|docs: 1.7.1 Release notes (#11717)
d402f83fc7b224b21242c506cf503e5bcbc8c867|2024-12-09 11:20:45 -0800|Ryan Blue|Docs: Add guidelines for contributors to become committers (#11670)
28e81809e64b3d6c5b1f8d40f53fcb5edc1ec3e9|2024-12-10 20:36:12 +0100|Piotr Findeisen|Core, Flink, Spark: Drop deprecated APIs scheduled for removal in 1.8.0 (#11721)
ac6509a4e469f808bebb8b713a5c4213f98ff4a5|2024-12-10 22:33:55 +0100|GuoYu|Flink: Fix range distribution npe when value is null (#11662)
ff813445916bfd6ec1cc30a02b02f8bade7a26f6|2024-12-10 18:20:12 -0700|hsiang-c|AWS: Enable RetryMode for AWS KMS client (#11420)
da53495bc1bb52db37cdd1ced5c2377001c9d482|2024-12-11 10:04:59 -0700|Amogh Jahagirdar|Core, Flink, Spark, KafkaConnect: Remove usage of deprecated path API (#11744)
fe2f593cd025223e4ab5ab41a296fb106ce3b1cf|2024-12-11 13:45:52 -0700|Fokko Driesprong|Infra: Build Iceberg REST fixture docker image for `arm64` architecture (#11753)
af5e156edec0b225b20cb81662abd491c6d289dd|2024-12-12 08:50:21 +0100|xxchan|Docs: fix typos in spec (#11759)
587620b20dcdada7b1fa730206937c4b6a7ce527|2024-12-12 08:52:02 +0100|Ppei-Wang|Spark 3.4,3.5: Fix issue when views group by an ordinal (#11729)
5c00b29ae29b2c5f763559c70638e8e76431ecfd|2024-12-12 10:01:21 +0100|Ajantha Bhat|Spark: Remove deprecated SparkAppenderFactory (#11727)
6c05f35e67093491aa054d0b41b1ada367df1072|2024-12-12 11:58:56 +0100|Manu Zhang|Core: Log where the missing metadata file is located for Hadoop (#11643)
3053540c5dc7199d84a6a9bfbe0d3e37efe87990|2024-12-12 18:07:04 +0100|Eduard Tudenhoefner|Core: Use HEAD request to check if view exists (#11760)
1e126e24e2c4b639e2509d3f8194e5ceaace6d56|2024-12-12 18:17:14 +0100|Eduard Tudenhoefner|Core: Use HEAD request to check if namespace exists (#11761)
a3dcfd19fd1b2a709f7bdf013b83836953d49c6f|2024-12-12 10:01:44 -0800|Hongyue/Steve Zhang|Hive: Optimize tableExists API in hive catalog (#11597)
540d6a6251e31b232fe6ed2413680621454d107a|2024-12-13 09:05:11 +0100|Yuya Ebihara|GCS: Suppress JavaUtilDate in OAuth2RefreshCredentialsHandler (#11773)
c2fd77a3f4c804572c4fbe6081e150510ca9e262|2024-12-14 14:49:11 -0800|abharath9|Flink: Add RowConverter for Iceberg Source (#11301)
bcf7b630ef80c63d0836114576154f6fb0990ade|2024-12-14 23:35:05 -0800|Liurnly|Spark 3.5: Fix assertion mismatch in PartitionedWritesTestBase/TestRewritePositionDeleteFilesAction (#11748)
fd739b32b4713370218cfd8f46ad525bc8c203f1|2024-12-15 15:42:53 +0100|dependabot[bot]|Build: Bump nessie from 0.101.0 to 0.101.2 (#11791)
592b60408aaf1783f0ca4cdffb9a2b487c392806|2024-12-16 07:52:43 +0100|ajreid21|Core: Add missing REST endpoint definitions (#11756)
1851ca1b9e6753aca4834aaeddf93e4c7504a6c9|2024-12-16 08:26:19 +0100|dependabot[bot]|Build: Bump software.amazon.awssdk:bom from 2.29.29 to 2.29.34 (#11793)
2a5b089aa52b2253318985b007af951909adfade|2024-12-16 08:50:49 +0100|Eduard Tudenhoefner|Spark: Read DVs when reading from .position_deletes table (#11657)
f40ec2096bc078b9fd2b59d6beb32cd77e371ac4|2024-12-16 11:10:03 +0100|Eduard Tudenhoefner|Core: Add TableUtil to provide access to a table's format version (#11620)
16cc4e95c8260b91b22d29acf808eae9435ba19c|2024-12-16 15:49:36 +0100|dependabot[bot]|Build: Bump mkdocs-material from 9.5.47 to 9.5.48 (#11790)
791d0fa6cf9408ad3b8a1ef633a059ba1f2255ad|2024-12-16 10:34:05 -0800|Eduard Tudenhoefner|Spark 3.4: Add REST catalog to Spark integration tests (#11698)
57ea310475e3336e7ec5b581ec40ca956972822a|2024-12-16 12:46:05 -0800|Ryan Blue|Parquet: Implement defaults for generic data (#11785)
b9b61b1d72ebb192d5e90453ff7030ece73d2603|2024-12-16 14:31:01 -0800|Ryan Blue|Avro: Support default values for generic data (#11786)
ac865e334e143dfd9e33011d8cf710b46d91f1e5|2024-12-17 09:22:36 +0100|Ajantha Bhat|REST: Use `apache/iceberg-rest-fixture` docker image (#11673)
5c170ae91b35e01f82d963a0459ec1f0f77643aa|2024-12-17 15:50:58 +0100|Manu Zhang|docs: Default value of table level distribution-mode should be not set (#11663)
3adcd89061ae0f4db7d53ad5bc548464a27f2b27|2024-12-17 16:09:30 +0100|Manu Zhang|Docs: Fix Spark catalog `table-override` description (#11684)
ce7a4b42f466ffc272f552f1a63b755f20a8dcf7|2024-12-17 18:16:55 +0100|Fokko Driesprong|API: Add missing deprecations (#11734)
ed06c9cad8ecfd6cc1c0b9e11e11d509428ba0db|2024-12-17 21:06:54 +0100|Manu Zhang|Core, Spark 3.5: Fix test failures due to timeout (#11654)
a6cfc12ab080e3dafcec05e10db665c6a843fe4c|2024-12-17 15:11:34 -0800|Alexandre Dutra|Auth Manager API part 1: HTTPRequest, HTTPHeader (#11769)
e3628c18c2009e796ee404ac31c994e3a90b268b|2024-12-17 22:08:15 -0800|big face cat|Flink: make `StatisticsOrRecord` to be correctly serialized and deser… (#11557)
b428fbc59bd1579f4dc918a5cd48fce667d81ce1|2024-12-18 07:40:48 +0100|Ppei-Wang|Spark 3.4,3.5: Use correct identifier in view DESCRIBE cmd (#11751)
204a49ca3c9666eb1d0b225ae73cc96ebb9c1c6d|2024-12-18 07:35:48 -0800|Karol Sobczak|Use try-with-resources in TestParallelIterable (#11810)
7e1a4c9fedeb679be85a1921ade7995d5ec2cbec|2024-12-18 08:10:15 -0800|Ryan Blue|Spark 3.5: Support default values in Parquet reader (#11803)
d0effc6d73c3187983105b5df14d889ff0283f09|2024-12-18 13:38:59 -0800|Ryan Blue|Data: Fix Parquet and Avro defaults date/time representation (#11811)
91a1505d09cebcd1d088ac53cd42732c343883de|2024-12-18 14:55:05 -0800|Marc Cenac|Revert "Support WASB scheme in ADLSFileIO (#11504)" (#11812)
88a25967e72d8137147b50c6cb0a221487050369|2024-12-19 07:53:41 -0700|Amogh Jahagirdar|Core, Spark, Flink, Hive: Remove unused failsafe dependency from core and add Failsafe to runtime LICENSE(s) (#11816)
3535240c38e17fdef4a1d0a5633422186848f88c|2024-12-19 10:58:22 -0800|Mingliang Liu|Docs: Change to Flink directory for instructions (#11031)
70336679e12d243e3ff0a1962bb21337166e77ff|2024-12-19 11:36:49 -0800|Ryan Blue|Spark 3.5: Support default values in vectorized reads (#11815)
ed36a9f9a3943db989645317fc563ad56e50484e|2024-12-19 23:28:33 -0800|Tan Qi|Spark 3.5: Remove numbers from assert description in TestRewritePositionDeleteFilesAction (#11827)
cdf748e8e5537f13d861aa4c617a51f3e11dc97c|2024-12-20 09:51:51 -0800|Alexandre Dutra|Auth Manager API part 2: AuthManager (#11809)
dea2fd1d9debfd23aeda9403ed3eb81c6aebf30f|2024-12-20 13:58:43 -0800|Ryan Blue|Core: Add Variant implementation to read serialized objects (#11415)
cd187c5718ba1eb0c8853d595eed82fa7230bc3d|2024-12-20 16:31:48 -0800|Ryan Blue|Spark: Test reading default values in Spark (#11832)
dbf26d7bf5ba7f85317beea52ac2db98db3a8053|2024-12-22 21:45:26 +0100|dependabot[bot]|Build: Bump datamodel-code-generator from 0.26.3 to 0.26.4 (#11856)
4ceb96d4863be4de27f2758647784241c38c59f2|2024-12-22 21:55:03 +0100|dependabot[bot]|Build: Bump mkdocs-awesome-pages-plugin from 2.9.3 to 2.10.0 (#11855)
b0a119c29cf27dfa658b9d894ce721031f6c89a1|2024-12-22 21:59:32 +0100|dependabot[bot]|Build: Bump mkdocs-material from 9.5.48 to 9.5.49 (#11854)
5c5d7c9b74626b8a66ef26fcbdf3d8030c9b33e9|2024-12-22 22:05:03 +0100|dependabot[bot]|Build: Bump io.netty:netty-buffer from 4.1.115.Final to 4.1.116.Final (#11853)
bbf5d6f84e4ad01c670892c42eb186baca40e6c7|2024-12-22 22:05:32 +0100|dependabot[bot]|Build: Bump software.amazon.awssdk:bom from 2.29.34 to 2.29.39 (#11851)
556969ad2a5e69b0d2403a55bd7f33794a9a61d3|2024-12-22 22:05:51 +0100|dependabot[bot]|Build: Bump guava from 33.3.1-jre to 33.4.0-jre (#11850)
e0ccebca5b3224919be91bd6df405415742884e7|2024-12-22 22:10:07 +0100|dependabot[bot]|Build: Bump junit from 5.11.3 to 5.11.4 (#11849)
e4d9c1d7a4edb30ccb7bde5e0278210102d3b628|2024-12-22 22:14:47 +0100|dependabot[bot]|Build: Bump org.assertj:assertj-core from 3.26.3 to 3.27.0 (#11847)
12d7ee5c0d6c27ad59bc87b5a12ee2ed3a90f431|2024-12-22 23:43:54 +0100|dependabot[bot]|Build: Bump nessie from 0.101.2 to 0.101.3 (#11852)
f7748f20a0f2524ff16c23b665e87838d2a56cc5|2024-12-22 23:44:09 +0100|dependabot[bot]|Build: Bump junit-platform from 1.11.3 to 1.11.4 (#11848)
55f10ca7cd460cb9ce4a34ef72e69ed2e843b935|2024-12-23 10:46:01 +0800|Renjie Liu|Doc: Add status page for different implementations. (#11772)
ca3db931b0f024f0412084751ac85dd4ef2da7e7|2024-12-23 08:41:39 +0100|JB Onofré|Upgrade to Gradle 8.12 (#11861)
dbd7d1c6c32834a8708211f19ad6f6901de5433e|2024-12-23 08:26:32 -0700|Manu Zhang|Build: Fix ignoring `.asf.yaml` in PR (#11860)
c6d9e0cdd0f30d550bacdcd51acb4e68b9d5b791|2024-12-24 11:05:07 +0100|JB Onofré|Gradle: Update `gradlew` with better `APP_HOME` definition (#11869)
d6d3cf58a99b99984a36802fcec078494ca4b46f|2024-12-24 11:05:55 +0100|Yuya Ebihara|Core, Spark: Avoid deprecated methods in Guava Files (#11865)
1b5886d0e6a97043259b8cda18d146feb5a552a4|2024-12-24 08:24:22 -0700|Yuya Ebihara|Core: Don't clear snapshotLog in `TableMetadata.removeRef` (#11779)
4eb9f7ffa9b0f4b0adee7169588d81f46149af9f|2024-12-25 20:06:18 +0100|Yuya Ebihara|Core: Replace deprecated Schema.toString with SchemaFormatter (#11867)
bb27030a4c857e24ab2c7479c3b950388925dd60|2024-12-25 22:26:27 +0100|Manu Zhang|Build: Fix ignoring `license-check.yml` in PR (#11873)
fc3f705ab45a6eefcf2be547c5193173ed42b807|2024-12-26 08:19:16 +0100|Yuya Ebihara|API: Replace deprecated `asList` with `asInstanceOf` (#11875)
de54a0867306c54655bb101fecb14d7264ed62de|2024-12-26 17:28:40 -0800|big face cat|Flink: Avoid RANGE mode broken chain when write parallelism changes (#11702)
607e2fbecb666f134f550548abe5795060bab472|2024-12-28 17:19:00 +0100|Gabriel Igliozzi|Update `README.md` with `iceberg-cpp` (#11882)
0029d6a7e8511ed081e7863ed60617706edd4445|2024-12-29 21:36:40 +0100|dependabot[bot]|Build: Bump software.amazon.awssdk:bom from 2.29.39 to 2.29.43 (#11886)
3fa8a46bca48f20aa9ad90ea66900760069de51b|2024-12-29 21:37:00 +0100|dependabot[bot]|Build: Bump mkdocs-awesome-pages-plugin from 2.10.0 to 2.10.1 (#11885)
7f14032be8c0538bfa59aba9951ec8a6001035e3|2024-12-29 21:52:21 +0100|Shohei Okumiya|Core: Fix typo in HadoopTableOperations (#11880)
e3f50e5c62d01f3f31239d197ef281fc36cf31fa|2024-12-30 14:04:36 -0700|Fokko Driesprong|Revert "Hive: close the fileIO client when closing the hive catalog (#10771)" (#11858)
ab6365d42d6c3bfa7054ecd98dde8407e5ba1201|2025-01-02 20:38:24 +0100|Shohei Okumiya|Docs: Add history to Hive's metadata tables (#11902)
3b0004343a712e77a6b00b84caaee9dddebfa94d|2025-01-03 09:54:38 +0100|Yuya Ebihara|Doc: Fix format of Hive (#11892)
4d35682295b6692a194b621e5afb880d9ccfab6f|2025-01-03 10:00:23 +0100|GuoYu|Flink: Backport #11662 Fix range distribution npe when value is null to Flink 1.18 and 1.19 (#11745)
c0d6d42a55a7d33d7d38f73d00e46e86b57d934e|2025-01-03 09:40:04 -0700|Amogh Jahagirdar|Spark: Change delete file granularity to file in Spark 3.5 (#11478)
dbfefb07312be8554438c1f16f1037ab22bf153b|2025-01-03 21:00:33 +0100|Cheng Pan|Bump Apache Spark to 3.5.4 (#11731)
fcd5dd932a21066d6127c94c50f3de43e8c2d80c|2025-01-04 10:25:10 -0800|Vova Kolmakov|Kafka-connect-runtime: remove code duplications in integration tests (#11883)
8e2ffb35da2d4c5059e96cb78a30fd8c54cfbedf|2025-01-06 11:09:13 +0100|big face cat|Flink: Backport #11557 to Flink 1.19 and 1.18 (#11834)
fc923b3af65b0e3cb28a9afb69f7fd05c88f62ca|2025-01-06 13:32:06 -0800|abharath9|replace legacy converter with new (#11838)
b9da638858a6b5c4bb3cb10eed87a3adb0711b0a|2025-01-07 08:44:16 +0100|Hector Geraldino|Docs: Improve wording (#11916)
9b2a63275d098602b49aa89a9acfafc4f2c5d61e|2025-01-07 08:44:43 +0100|dependabot[bot]|Build: Bump software.amazon.awssdk:bom from 2.29.43 to 2.29.45 (#11910)
a6f4160ca9d12d3054ae414a8a3a57d5ef365313|2025-01-07 08:45:05 +0100|dependabot[bot]|Build: Bump org.xerial:sqlite-jdbc from 3.47.1.0 to 3.47.2.0 (#11907)
e1d2271ad911d4224ad53ac2e0142b28984e5f0b|2025-01-07 11:09:16 +0100|Hongyue/Steve Zhang|Hive: Optimize viewExists API in hive catalog (#11813)
f129588461ad02c2fa2021af30b4e9bca70eee93|2025-01-07 11:19:22 +0100|Yuya Ebihara|Core: Add support for view-default property in catalog (#11064)
7c4c3793ef3e0c1430a9a053b3c2217b9cab6967|2025-01-07 11:20:31 +0100|dependabot[bot]|Build: Bump io.delta:delta-standalone_2.12 from 3.2.1 to 3.3.0 (#11909)
07ab53eed666da041935dd6e07bb88107eb73482|2025-01-07 12:22:57 +0100|dependabot[bot]|Build: Bump org.assertj:assertj-core from 3.27.0 to 3.27.2 (#11908)
1cbc163a111713798d45e6c4d5eaffa44684f18b|2025-01-07 12:40:27 +0100|Yuya Ebihara|Doc: Add missing fields to metadata tables in Spark page (#11897)
67e084c8d47db68c6135f9837b9cff6f88da0309|2025-01-07 11:26:46 -0700|advancedxy|API: Support removeUnusedSpecs in ExpireSnapshots (#10755)
39a4cfd6c82883ef080bc67e9c154bc95f6a03a0|2025-01-08 22:54:39 +0800|Szehon Ho|Spark 3.5: Implement RewriteTablePath (#11555)
df547908a9500ec5b886cfeb64ea5bf10ebde84f|2025-01-08 10:00:18 -0700|Manu Zhang|Infra: Add manuzhang to collaborators (#11927)
72dcce95e294835f978dc1d6c9a3be5d89123410|2025-01-09 14:05:52 -0600|Russell Spitzer|Site: Put a CFP Banner on the Homepage (#11942)
3dbb5cc429e1a52555dddbac62a6087bd651cc5c|2025-01-10 09:22:02 -0600|Huaxin Gao|Parquet: Use compatible column name to set Parquet bloom filter (#11799)
97b5b39d3cdc699ddcdc8928aecea38f4d797362|2025-01-10 09:53:26 -0800|Anurag Mantripragada|Core: Allow adding files to multiple partition specs in FastAppend (#11771)
a100e6a2d193e35ce84a5c2ce91d365aa10cf2ea|2025-01-10 10:39:56 -0800|Ajantha Bhat|Avro: Add writers for the internal object model (#11919)
c7910bb401f7f7fd09010bede0d80f5d2164afd5|2025-01-11 17:13:18 +0100|Karol Sobczak|Core: Fix possible deadlock in ParallelIterable (#11781)
7792896d08b624e31ac72855bfe7dd9204ddd5fe|2025-01-13 07:02:00 +0100|Manu Zhang|Hive: Remove Hive runtime (#11801)
a9d320eb8d3e42038f259cda1ed0a8b2c13c10d6|2025-01-13 07:11:36 +0100|dependabot[bot]|Build: Bump software.amazon.awssdk:bom from 2.29.45 to 2.29.50 (#11949)
f7d40f07131894719c7ad9f99fda7c6cb7aec932|2025-01-13 07:36:09 +0100|S N Munendra|Core,Rest: Read the max connection from properties (#11522)
dc47b854ac491b955be633b16d8e3498acf2a317|2025-01-13 12:42:26 +0100|Neodon|docs: Use the YAML multi-line indicator (#11552)
95424abc6ca98dfa164c5fc0ec055a9d2c3b7964|2025-01-13 13:10:51 +0100|feng xiaohang|API: Fix `sizeBytes` parameter of `ScanTask` (#11941)
1726565ae7aef178ec696c8ddc8fd545b03dd09c|2025-01-13 13:17:37 +0100|dependabot[bot]|Build: Bump io.delta:delta-spark_2.12 from 3.2.1 to 3.3.0 (#11911)
af8c9d6b4e76410cca9d5c781fb330466008e91d|2025-01-13 13:17:56 +0100|dependabot[bot]|Build: Bump net.snowflake:snowflake-jdbc from 3.20.0 to 3.21.0 (#11792)
5fd16b5bfeb85e12b5a9ecb4e39504389d7b72ed|2025-01-13 13:18:18 +0100|dependabot[bot]|Build: Bump com.google.cloud:libraries-bom from 26.51.0 to 26.52.0 (#11846)
472ec6cbdcaa24773ef5c64c9444ae933805381d|2025-01-13 16:41:07 +0100|Eduard Tudenhoefner|Core: Add tests for catalogs supporting empty namespaces (#9890)
3247964c88dbc95e1bbf4da8c39f9a5d9cf950fa|2025-01-13 10:30:02 -0600|S N Munendra|Spec: Add cross-region bucket access property to config (#11260)
c98d0d0d4e1a542923f1239c38430506eeb564bc|2025-01-14 10:44:21 +0100|dongwang|Core: Move namespace/table/view validation into try-catch block (#11960)
5b259e297e0faa4b8f279826836a6d482ccba29b|2025-01-14 10:48:13 +0100|Mingyu Chen (Rayner)|Docs: Update docs link about Apache Doris and update vendors list (#11956)
c0bd4bfbceeaf3cb6e4ead675fcb47232361af3c|2025-01-14 15:00:24 +0100|John Bampton|docs: update `README.md` fix brand name `macOS` (#11964)
cf8b354c43d6768b2dd7f72b40421a2a67487520|2025-01-14 17:27:48 +0100|gaborkaszab|Core: Fix loading a table in CachingCatalog with Metadata table name (#11738)
8cd5b1985d3f9c55ab2ced174559a8416b6ca1b4|2025-01-14 20:09:38 +0100|Fokko Driesprong|Open-API: Bump to OpenAPI 3.1 (#11955)
c31d5d58ee86b893d31076bd2b66dd21685cf205|2025-01-15 09:41:05 +0100|Eduard Tudenhoefner|Build: Bump openapi-generator plugin from 6.6.0 to 7.10.0 (#11970)
5d05cd4141c1ddc60526a7ba5260c192afb9a9d7|2025-01-15 10:46:32 +0100|Fokko Driesprong|Run `java-ci` on changes in `open-api/**` (#11972)
978189cbe33762aa5fe2a76c2028182564d1eec1|2025-01-15 11:07:07 +0100|Eduard Tudenhoefner|AWS, Core, GCP: Support relative credential endpoint / pass OAuth2 token to credential provider (#11954)
101e65041ae09cb9aa24e14a4fa25da77856c912|2025-01-15 12:02:13 +0100|Yuya Ebihara|Doc: Add Hive DELETE ORPHAN-FILES example (#11896)
a0a1c002f01d70b428c63b4802fae536e543cda6|2025-01-15 17:26:08 +0100|Eduard Tudenhoefner|Spark 3.4: Add view support to SparkSessionCatalog (#11797)
d96901b843395fe669f6bd4f618f8e5e46c0eed4|2025-01-15 10:57:56 -0700|Amogh Jahagirdar|Spark 3.4: Backport rewriting historical file-scoped deletes (#11273) to 3.4 (#11975)
167d450c78e1e2f0f3338073d53b9a81caff9df9|2025-01-16 12:42:38 +0100|dmgkeke|API: Support sanitizing a `Literal<?>` (#11943)
a0777bca714fc16941dae25a3044445f3758dbd1|2025-01-16 08:44:27 -0800|Alexandre Dutra|Auth Manager API part 3: OAuth2 Manager (#11844)
b128bba57f613f23ed773f0fa6330c1d2bbf8a39|2025-01-16 18:03:55 +0100|Manu Zhang|Spark: Fix flaky tests `withSnapshotIsolation` (#11974)
246439a966001a1d8c8f5109cb38011acb44d549|2025-01-16 10:47:59 -0700|Leon Lin|Spark: Fix empty scan issue when start timestamp retrieves root snapshot and end timestamp is missing (#11967)
d97ac3eff5a2eebd505ad5e9f2acc83982fe1e7c|2025-01-16 22:27:05 -0700|Ryan Blue|Spark 3.4: Backport support for default values (#11987)
49f41f5ebbd995657ecf77e61f265081ff326ceb|2025-01-17 08:13:53 +0100|Yuya Ebihara|Doc: Add missing content value to manifests table (#11989)
4d0f40c5b98c16320e2ad795cb5c9a0cd3b1d360|2025-01-17 06:59:22 -0700|Amogh Jahagirdar|Spark: Fix Puffin suffix for DVs (#11986)
f895b33dd0e3f6baa16d9e233cd4a44d056ac0be|2025-01-17 15:56:26 -0600|Russell Spitzer|Spec: Add added-rows field to Snapshot (#11976)
bed7c33174ca97809fc4a9657d39b1d09ae38b72|2025-01-17 14:58:15 -0700|Liurnly|API: add hashcode cache in StructType (#11764)
1a69ff8bcb97f449656ae9f9e31908994f3f8456|2025-01-19 10:24:33 +0100|dependabot[bot]|Build: Bump mkdocs-material from 9.5.49 to 9.5.50 (#12005)
4e00a318548873f06f53b654504f9b72fde8d48c|2025-01-19 10:24:46 +0100|dependabot[bot]|Build: Bump datamodel-code-generator from 0.26.4 to 0.26.5 (#12004)
7e0cd3fa1e51d3c80f6c8cff23a03dca86f942fa|2025-01-19 10:44:15 -0700|Fokko Driesprong|Revert "API: add hashcode cache in StructType (#11764)" (#12007)
3203a230d8a9ac000342f25d33106006e3e5331f|2025-01-19 22:13:08 +0100|dependabot[bot]|Build: Bump io.netty:netty-buffer from 4.1.116.Final to 4.1.117.Final (#11999)
894c7cae75d1fe16074ae56222ae846491d02752|2025-01-19 22:13:33 +0100|dependabot[bot]|Build: Bump org.apache.datasketches:datasketches-java (#12000)
6a608a5cf6d5f0baa6912dff45c7490e46e36b85|2025-01-19 22:14:04 +0100|dependabot[bot]|Build: Bump org.xerial:sqlite-jdbc from 3.47.2.0 to 3.48.0.0 (#12001)
7b95e17b8da40cfe8fb61b48edeaa727c33fa6fc|2025-01-19 22:14:20 +0100|dependabot[bot]|Build: Bump org.assertj:assertj-core from 3.27.2 to 3.27.3 (#12002)
c19223d3594dc61e445073cdb26bb8d2a3afbeef|2025-01-19 22:14:48 +0100|dependabot[bot]|Build: Bump com.google.cloud:libraries-bom from 26.52.0 to 26.53.0 (#12003)
28325437f551eef04661eb71fe349ef339b462f4|2025-01-20 08:30:08 +0100|Manu Zhang|Spark: Don't skip tests in TestSelect for SparkSessionCatalog (#11824)
41b458b7022c7b0cd78eeca9102392db7889d3c9|2025-01-20 11:51:12 +0100|Eduard Tudenhoefner|Core: List namespaces/tables when testing identifier with a dot (#11991)
b07455a940538eda5f27bd4b1b87e49b121346e4|2025-01-20 11:13:49 -0700|Marc Cenac|Azure: Support WASB scheme in ADLSFileIO  (#11830)
17432475c46d07835bb80fb4d707a3dbb13415f0|2025-01-20 17:43:31 -0700|Om Kenge|Docs: Update Footer Copyright Year (#12011)
445687d96dc3988f4ee87b3e5c9765317c44aa44|2025-01-21 09:04:03 -0600|Fokko Driesprong|Spec: Clarify `next-row-id` (#12018)
8dee55ded664843f95a31d7cacd4c6a3f83c7fe0|2025-01-21 17:54:35 +0100|Maximilian Michels|Flink: Upgrade Flink version 1.19.0 => 1.19.1 (#12021)
6eef7809f7441bf7e3c8313243ea4e296be0d2a6|2025-01-21 10:26:10 -0700|Amogh Jahagirdar|Update notice files to reference 2025 (#12013)
e13a87f7d93d065b55f7483268bd4914593bcbaa|2025-01-21 11:39:30 -0700|Amogh Jahagirdar|Spark 3.4: Backport writing DVs to Spark 3.4 (#12019)
5b13760c01bdbb2ab15be072c582adb2a8792f23|2025-01-21 15:46:20 -0700|Ryan Blue|Spark 3.3: Backport support for default values (#11988)
ab9e05e7369c55a95632b856729a05ea876cf788|2025-01-22 09:04:27 +0100|Yuya Ebihara|Doc: Fix expired links on vendor page (#12045)
8d7ad4a7c94d1755f58d8c5f4fd4040fe4873e32|2025-01-22 11:50:33 +0100|hengm3467|Docs: Add RisingWave to the Vendors page (#12043)
9a46890e171fc0ebfff7bdd608b65a0f0d6aef45|2025-01-22 14:57:03 +0100|Fokko Driesprong|Build: Nightly build for Iceberg REST fixtures (#12008)
5091e5752f8000afe3e116e5114d15eb61a4f9ef|2025-01-22 08:14:29 -0700|Ryan Blue|ORC: Fail when initial default support is required. (#12026)
e86d25f28c8157ce9292182ea3580eb3757fba08|2025-01-22 17:53:07 +0100|Yuya Ebihara|Core: Add missing default HEAD endpoints and V1_COMMIT_TRANSACTION (#11980)
be6e9daf8901cdee63197e77fcf95624bb694f39|2025-01-22 11:15:44 -0800|Huaxin Gao|Spark 3.5: Refactor delete logic in batch reading (#11933)
84c8db40f9500aa804b0428baeb51b1041c64a94|2025-01-23 07:48:22 +0100|Yuya Ebihara|AWS, Core, Delta: Remove redundant charset lookup (#12057)
5ce33448ebfbc604219ee3e216b69edf4df7d029|2025-01-23 14:52:52 +0100|JB Onofré|Remove `slf4j-api` reference in `LICENSE` (#12052)
ce2af527a8712fdf23aa9f5094b40c9e8b4056ce|2025-01-23 10:58:49 -0600|Elizabeth Christensen|Adding Crunchy Data to Iceberg Vendors list (#12020)
908bdc35a44460a9c271d1b92256450000a752b8|2025-01-23 12:42:45 -0700|JB Onofré|Flink 1.20: Support default values in Parquet reader (#11839)
17bda20b2901ab76adac1339dccd79656b913d33|2025-01-23 14:02:42 -0700|JB Onofré|Flink: Backport default values support in Parquet reader on Flink v1.18 and v1.19 (#12072)
a7ed3ca3bd7c01db5b06dcfb27b764c5dbffed43|2025-01-23 20:33:08 -0800|Huaxin Gao|Spark 3.5: Fix Javadoc in ColumnarBatchUtil (#12058)
2e2b728ff0d420cebf06b5c548252ae47aa2ca3e|2025-01-24 07:47:01 +0100|Eduard Tudenhoefner|Core, Spark: Rewrite data files with high delete ratio (#11825)
026a9b00459ae458eb4c6c620c78742dc43a00e8|2025-01-24 07:47:34 +0100|Eduard Tudenhoefner|Core, Spark: Include content offset/size in PositionDeletesTable (#11808)
681ff5772a6d0c7240353f7d8c7350c2e5037f3b|2025-01-24 09:36:45 +0100|Eduard Tudenhoefner|Core: Retain current view version during expiration (#12067)
72a165a815735eb9e2f5fad90e926af80cb1a513|2025-01-24 09:52:24 +0100|Hongyue/Steve Zhang|Spark 3.5: Procedure to rewrite table path (#11931)
80a5ef17733e209909f780d6149ae01e26c0cd36|2025-01-24 10:55:04 +0100|Eduard Tudenhoefner|Spark: Disable rewriting position deletes for V3 tables (#12048)
a04220a198a03f4116d3012330f99b787dabc8e1|2025-01-24 13:35:51 +0100|Fokko Driesprong|API: Add `UnknownType` (#12012)
6e2bc9ac4ef9ca9afeff66814de6567ae63da9da|2025-01-24 15:02:04 +0100|Bjorn Olsen|Spark: Fix typo in `NoSuchTableException` (#12091)
da1ea10b58b7f023edee6147a5afc4f70a257da4|2025-01-24 09:13:41 -0800|Huaxin Gao|Spark 3.4: Refactor delete logic in batch reading (#12061)
2256663902c6bb6c429fcb21d78356ec32840572|2025-01-24 11:50:02 -0600|Russell Spitzer|Spec, OpenAPI: Adds EnableRowLineage Metadata Update (#12050)
c0c1b150721bd9dfba08bc9a7530ee21363bf3dc|2025-01-24 12:42:53 -0800|Honah J.|Spec: Document Snapshot Summary Optional Fields for Standardization (#11660)
67c52b55c074615b3de15f54c9460df8eb36d10d|2025-01-24 13:53:09 -0800|Ajantha Bhat|Parquet: Add readers and writers for the internal object model (#11904)
d693f83b6ad6e306550d117ff0bf0014356500b2|2025-01-24 16:51:46 -0700|Manu Zhang|Spark 3.5: Fix broadcasting specs in RewriteTablePath (#11982)
8ce1b32ecc2d9ed3e5000ae6a5eb663037eabfe8|2025-01-25 07:21:41 +0100|JB Onofré|Build: Upgrade to Gradle 8.12.1 (#12093)
645ef83eec0b993dcc79310de343c04689a5c651|2025-01-26 17:43:44 -0700|Hongyue/Steve Zhang|Spark 3.4: Backport Spark actions and procedures for RewriteTablePath (#12111)
55c2909aff625407e6fec2ecf9c639b97d8945f9|2025-01-27 09:18:41 +0100|Hongyue/Steve Zhang|Core: Add metadataFileLocation in TableUtil (#12082)
e3708882d24021845b44c2957283a9df456649f2|2025-01-27 09:27:16 +0100|dependabot[bot]|Build: Bump actions/stale from 9.0.0 to 9.1.0 (#12110)
b7de28e72ef8134f90105b869acb5f89b16803f0|2025-01-27 13:03:30 +0100|Christian|OpenAPI: Deprecate `snapshot-id` of `SetStatisticsUpdate` (#12010)
2fa6cd855b4e43b383df7b72776eb554b60d8c06|2025-01-27 08:25:15 -0700|Anton Okolnychyi|Spark 3.5: Make ColumnVectorWithFilter generic and refactor batch load (#12056)
af00d1fb13a89c8e9684c097d3ece9b05ed302bb|2025-01-27 14:51:53 -0600|Russell Spitzer|Spec: Adds in missing ChangeLog Field IDs - Reassigns Row Lineage Field IDs(#12100)
e1d24016fa744150af8838e29f52662138671a45|2025-01-28 15:13:49 +0100|gaborkaszab|OpenAPI: Changes for freshness-aware table loading (#11946)
491d9068bc23dec8bc54a16532e2f61398db7779|2025-01-28 16:28:25 +0100|Yuya Ebihara|Core: Check referencedDataFile existence for DV (#12088)
69c7bea3b2b36fa05d497a2454c89ed85e223b53|2025-01-28 16:29:01 +0100|dependabot[bot]|Build: Bump software.amazon.awssdk:bom from 2.29.50 to 2.30.6 (#12109)
fdac0a0fcd6a65f9cc2b05a2939f7913332e6422|2025-01-28 16:29:36 +0100|dependabot[bot]|Build: Bump org.openapitools:openapi-generator-gradle-plugin (#12108)
d7f5be426a8664ca80beef982b72fce6c1cd7d63|2025-01-28 16:34:39 +0100|Ali LeClerc|Docs: Add IBM to Iceberg vendors list (#12101)
4f6c711d567f596dca5e4a69ad84f4cc34bdd1c0|2025-01-28 16:41:24 +0100|dependabot[bot]|Build: Bump nessie from 0.101.3 to 0.102.2 (#12107)
61241ed4789e719237d276a08fc3cc4113b312c0|2025-01-28 09:46:10 -0700|Ryan Blue|Core: Update variant class visibility (#12105)
8e456aeeabd0a40b23864edadd622b45cb44572c|2025-01-28 12:13:42 -0700|Ryan Blue|Parquet: Clean up Parquet generic and internal readers (#12102)
e89798ea7c64a419b41a2be178f3751960e7f1bd|2025-01-29 00:20:12 -0800|Manu Zhang|Build: Bump scala-collection-compat from 2.12.0 to 2.13.0 (#12121)
e9afab4345da75636041c45e3dfa25778936048c|2025-01-29 15:35:48 +0100|Fokko Driesprong|Core: Fix typo in Javadoc URL for Roaring spec (#12126)
53d2aca916b8129baeeb7888369af1cea32acc9c|2025-01-29 12:49:03 -0600|Kevin Liu|Docs: Fix spacing in How To Release Vote Section (#12123)
c7871347bc5c9b1ec5bc48a34c97d93bc9867908|2025-01-29 14:32:42 -0600|smaheshwar-pltr|Spec: Fix minor typo in `_last_updated_sequence_number` docs (#12128)
5da8f5faf7609c7bbd01ef662ca9b61750b2e4b4|2025-01-29 16:49:38 -0600|Aihua Xu|Spec: Add variant type (#10831)
2a0d5e83a5365db1dcf96855cf26bb998f918a6e|2025-01-30 10:49:28 +0100|Tom Tanaka|Core, Spark: Make view metadata path configurable by `write.metadata.path` (#12017)
02c8b2d45bef4f74c7fb9e36a9b3148d9901f44c|2025-01-30 17:43:29 +0100|Willi Raschkowski|Core: Support removing keys from EnvironmentContext (#12103)
bdcd9c3379379a3acf06b059ae403e2107a6c242|2025-01-31 09:54:54 -0800|Daniel Weeks|OpenAPI: add initial/write defaults to schema (#12094)
d0244cb70433371a8c682a845f1e7ba847777add|2025-01-31 15:22:15 -0700|JB Onofré|AWS: Fix LICENSE and NOTICE in aws-bundle jar (#12142)
40334f5f72d1d22ec3bb14fd029d90a5258d75f2|2025-01-31 15:31:56 -0800|Huaxin Gao|Spark 3.4: Support Comet Parquet readers (#9841)
0ec9fa3653cbe6f465d83d0f39ca5b86c353f235|2025-01-31 18:16:39 -0700|JB Onofré|Azure: Fix NOTICE and LICENSE in the azure-bundle (#12143)
c5822c40889abe9d00921705b986d2c262595b4b|2025-01-31 23:47:00 -0800|Huaxin Gao|Spark 3.4, 3.5: Iceberg / DataFusion Comet integration (#12147)
cae7d1bad863082bd5808f93424290706f4c6cc8|2025-02-01 11:15:55 +0100|Manu Zhang|Spark 3.5: Remove use of File.Separator in RewriteTablePath (#12066)
1fcd6a98947ec1dfaef799c6bc5660adf066e322|2025-02-01 12:00:24 +0100|Russell Spitzer|API, Core: Metadata Row Lineage (#11948)
9feca0c306b9f49382c4b9bab39daddf5a81712c|2025-02-01 12:07:33 +0100|ldsantos0911|Spec: Fix current-version-id in view-spec.md example (#12146)
1e851933273bac7d299e6ffd3999f917e11ef569|2025-02-01 19:14:01 -0700|Bryan Keller|Data: Open file using stats in scan (#12151)
1687b26f0f6fce647263e1e714895293ef3c2a27|2025-02-02 07:47:23 +0100|dependabot[bot]|Build: Bump nessie from 0.102.2 to 0.102.4 (#12153)
1c0c7832ca2ff70afc12136fb93ae1e36a40c726|2025-02-02 07:48:28 +0100|dependabot[bot]|Build: Bump mkdocs-material from 9.5.50 to 9.6.1 (#12157)
63acabc5f3490849f7f2bde49d61b58bbcb864cc|2025-02-02 09:39:33 +0100|dependabot[bot]|Build: Bump software.amazon.awssdk:bom from 2.30.6 to 2.30.11 (#12156)
9694c549622adaf3addc94133265580bd37fa839|2025-02-02 09:39:58 +0100|dependabot[bot]|Build: Bump net.snowflake:snowflake-jdbc from 3.21.0 to 3.22.0 (#12155)
46dfd959aa688761aae991db15b8749d77a811fe|2025-02-02 09:40:22 +0100|dependabot[bot]|Build: Bump me.champeau.jmh:jmh-gradle-plugin from 0.7.2 to 0.7.3 (#12152)
f6faa58dac57e03be6e02a43937ac7c15c770225|2025-02-02 20:25:46 +0100|dependabot[bot]|Build: Bump com.azure:azure-sdk-bom from 1.2.30 to 1.2.31 (#12154)
507e2a9e39f93356bdc0dae1521bbdc46629681c|2025-02-03 14:13:31 +0100|SongTao Zhuang|Spark: Make delete file ratio configurable (#12148)
1afa0e739b62355518942629b30c845e51e724a6|2025-02-03 17:27:50 -0700|smaheshwar-pltr|Core: Remove `TableMetadata::Builder::resetMainBranch` (#12149)
da20029609a320c8da29d5fdbb5cbfcd54309e30|2025-02-04 15:38:13 +0100|Fokko Driesprong|Spark: Update benchmark instructions (#12171)
e406e3db80d1735fe6c840ce99ecc300ae1dd763|2025-02-04 16:33:42 +0100|Eduard Tudenhoefner|Spark: Test metadata tables with format-version=3 (#12135)
cac68867ce945e34be2da53662d4c7638dd66aa2|2025-02-04 21:40:39 +0100|JB Onofré|Docs: Fix latest and nightly link on javadoc (#12023)
eb286de183fd5c78604280f83cf7a807ea75a6b4|2025-02-04 12:58:02 -0800|Ryan Blue|Variants: Implement toString (#12138)
2510fbab36df0cd965474ce14f92601984d75ccd|2025-02-04 16:45:18 -0700|Ryan Blue|Core: Refactor to enable moving Variant interfaces to API. (#12167)
d990dbc34ed882dc6b46c549997d55ee8669093e|2025-02-05 09:36:53 +0100|Maximilian Michels|Flink: Add null check to writers to prevent resurrecting null values (#12049)
585a338c1e9d287476462e3a6abab40b8803fc2c|2025-02-05 14:24:26 +0100|Fokko Driesprong|Bump the versions of `site/mkdocs.yml` (#12180)
998102546d5bef26402b068649f0e8490b9f6495|2025-02-05 17:24:53 -0700|Amogh Jahagirdar|Bump Nessie to 0.120.5 to include updated License/Notice (#12186)
3bd04bea65296d15b70306d99ee178e8b107627b|2025-02-06 09:53:28 +0100|Daniel Weeks|API: Null check for auto-unboxed field-id (#12165)
1f1736394fb3608d2a2f62a8656a92b5105ceaa7|2025-02-06 10:10:02 +0100|Fokko Driesprong|Build: Remove Jitpack (#12170)
a05b2b53b792a6215732aa8b1118adfba0cf3317|2025-02-06 14:24:08 +0100|Maria|Hive: Use correct classloader to load SQL script (#12140)
c153741935997271f896863afbd8a1ece1c56405|2025-02-06 09:03:34 -0800|JB Onofré|Fix NOTICE and LICENSE in the spark-runtime jar (#12160)
be0da5acd14c9519fbd0267c41fa9d3ebd96b642|2025-02-06 09:05:53 -0800|JB Onofré|Fix NOTICE and LICENSE in the gcp-bundle jar (#12144)
9b1d18f72c185b6e53f90b778ca412960a64adf5|2025-02-06 09:32:13 -0800|Alexandre Dutra|Auth Manager API part 4: RESTClient, HTTPClient (#11992)
a80364331a09401ba27bb2eb904310ebefc684f7|2025-02-06 09:38:37 -0800|JB Onofré|Fix NOTICE and LICENSE in the flink-runtime jar (#12145)
c2ea3c2706bc83580992d6ae2947bdfa2d4c8103|2025-02-06 15:17:46 -0800|JB Onofré|Flink: Update LICENSE/NOTICE in flink-runtime Jars (#12188)
81c4aee2dc2e7651cb79e86230f52fca745a099c|2025-02-06 15:18:29 -0800|JB Onofré|Spark 3.3, 3.4: Update LICENSE/NOTICE for spark-runtime (#12189)
bc106171e9e7d55a1ac22419ab449f8776c04b1f|2025-02-06 17:27:06 -0800|smaheshwar-pltr|Docs: Minor improvements to Spark Procedures (#12190)
e91655bfafe4cddeac25d62b52515ac4c2b47b34|2025-02-06 21:38:27 -0800|Hongyue/Steve Zhang|Core: Exclude deleted content file in RewriteTablePathUtil copy plan (#12006)
44aca93d42726cb528fbd14cf5af9c0724577549|2025-02-06 21:46:15 -0800|Manu Zhang| Spark 3.4: Remove use of File.Separator in RewriteTablePath (#12173)
a89f1f9aa75628658cfbd421e26e032d7091d323|2025-02-07 17:23:18 +0100|Alexandre Dutra|AWS, Core: SigV4 Auth Manager (#11995)
7a8db16c41cc050c175e08509d81de1acb1eb1f2|2025-02-07 17:07:31 -0800|barronfuentes|Core: Fix RewriteTablePath Incremental Replication (#12172)
d935460bbed5da0ac205a67912b70fa682ee84df|2025-02-08 00:49:15 -0800|Hongyue/Steve Zhang|Spark 3.5: Support Statistics Files in RewriteTablePath (#11929)
f29131ebe2a35a267716ab5a1326dd8cf4164f25|2025-02-09 08:37:25 +0100|dependabot[bot]|Build: Bump com.gradleup.shadow:shadow-gradle-plugin from 8.3.5 to 8.3.6 (#12210)
dda964e7c1e40866fdf1306c1a86ebd14179be55|2025-02-09 08:37:48 +0100|dependabot[bot]|Build: Bump mkdocs-material from 9.6.1 to 9.6.3 (#12205)
1d9fefeb9680d782dc128f242604903e71c32f97|2025-02-09 08:38:13 +0100|dependabot[bot]|Build: Bump datamodel-code-generator from 0.26.5 to 0.27.2 (#12204)
c277c2014a1b37fe755cfe37f173b6465bb8cb73|2025-02-10 02:58:36 +0530|JB Onofré|Fix LICENSE and NOTICE for the kafka-connect-runtime distributions (#12195)
2af78e21357cf1bfa82a70dee8b448742ff59473|2025-02-10 07:38:14 +0100|dependabot[bot]|Build: Bump software.amazon.awssdk:bom from 2.30.11 to 2.30.16 (#12208)
8e7508735ad0376ffc3fdc16746618f6a0c96aa7|2025-02-10 07:38:30 +0100|dependabot[bot]|Build: Bump com.google.cloud:libraries-bom from 26.53.0 to 26.54.0 (#12207)
17cbb24b5c6a45806aa0f3013d265f5a381a9c13|2025-02-10 07:38:44 +0100|dependabot[bot]|Build: Bump org.xerial:sqlite-jdbc from 3.48.0.0 to 3.49.0.0 (#12206)
964c01bcb37b028c077f22458a6aef3c9a970df0|2025-02-10 07:39:13 +0100|dependabot[bot]|Build: Bump org.apache.httpcomponents.client5:httpclient5 (#12209)
6b89fa15a4bbb5ffd1159ab99d5316c25f333cbc|2025-02-10 07:47:11 +0100|Manu Zhang|Docs: Fix expire_snapshots output (#12213)
7add0f36251f8f2b113bb563b26d8d71432dc798|2025-02-10 08:47:54 +0100|JB Onofré|Build: Update LICENSE/NOTICE files with last dependency updates (#12214)
3e6da2e5437ffb3f643275927e5580cb9620256b|2025-02-10 10:05:24 +0100|xxchan|Docs: Update spark-quickstart note (#11996)
20b18acb77847153c743bbd63e799f5c61a71d82|2025-02-10 11:56:15 -0800|Szehon Ho|Spec: Support geo type (#10981)
a212e998c16956e77543e324c8efa034bb685d53|2025-02-11 10:38:30 +0100|Hongyue/Steve Zhang|Build: skip scheduled docker image publish workflows on forks (#12218)
31e9dc768cef47df5eb007577f25ef3bbff86f61|2025-02-11 10:46:06 +0100|Gang Wu|Docs: Add missing types to the spec v3 summary (#12219)
8839c9bf1f1d8c9b718f9766302ff8a2018e515f|2025-02-11 17:13:40 -0600|Russell Spitzer|Spec: Typo - missing be (#12229)
7216a776caa6daa0b06cc68dd54dfa8fe5278163|2025-02-13 13:42:51 +0530|Amogh Jahagirdar|Docs: Site update for 1.8.0 release (#12242)
1153c303b1bb6c4843df4f8f713f45ab4812074e|2025-02-13 09:28:17 +0100|Fokko Driesprong|spec: Remove `source-ids` for `V{1,2}` tables (#12161)
092ef395cc2ef74339d60a440512958b82259d3a|2025-02-13 14:34:10 +0530|Amogh Jahagirdar|Update revAPI to compare against 1.8.0 (#12244)
77316066a268b6b6d46550a0a664dff35eedbe27|2025-02-13 14:34:29 +0530|Amogh Jahagirdar|Update release version to 1.8.0 in doap.rdf (#12247)
ffbd8637915491f241d7c54f8f31b128939ba1c2|2025-02-13 14:34:54 +0530|Amogh Jahagirdar|Infra: Update Iceberg bug report template for 1.8.0 (#12248)
68189d28e973e0a14626869ddfb4cb572d5ef2ef|2025-02-13 10:42:35 +0100|Amogh Jahagirdar|Docs: Fix formatting of 1.8.0 release notes (#12249)
80a009a45dca9932c1e2d50616e4f20f32139fc2|2025-02-13 13:33:15 +0100|Bryan Keller|Core: Adjust Jackson settings to handle large metadata json (#12224)
6604f47900c489ffb07f1a3d386effaec5002c79|2025-02-13 13:43:32 +0100|Eduard Tudenhoefner|Build: Bump Hive to 2.3.10 (#12253)
6f341ab5ba78add5722a19ed4fb02cf05b50efcc|2025-02-13 14:38:06 +0100|Eduard Tudenhoefner|Build: Clean up dependencies (#12252)
b8fdd847f57b33fb8202cd6636cfd1d38f855684|2025-02-13 11:36:41 -0800|Ryan Blue|Core: Add InternalData read and write builders (#12060)
602c35a31833f8448734781d71d949ec59abe45b|2025-02-13 11:37:14 -0800|Ryan Blue|API, Core: Support default values in UpdateSchema (#12211)
7876ee15139b21081d13833d9efa6f338cf688cd|2025-02-13 13:38:37 -0600|Danica Fine|Site: Update site to include Iceberg Summit link (#12256)
e509cfcca151dd3279fd95844fc3fd0f81c01704|2025-02-13 13:46:55 -0600|dongwang|Core: Validate Arguments when Using  adjustSplitSize (#12201)
396dc440468da92130c70ed6b908a37678fca6cd|2025-02-14 09:53:05 +0530|Ryan Blue|Spark: Remove unused PruneColumnsWithReordering class. (#12258)
8d2b3f4d122004a234fa87fab40fed6be5fbf9c0|2025-02-14 09:02:24 +0100|Eduard Tudenhoefner|Spark: Fix assertion checks (#12255)
b78d36a758728e51e35cc8b7b49d0aa91f97aacd|2025-02-14 11:13:43 +0100|Ryan Blue|API: Deprecate NestedType.of in favor of builder (#12227)
75d8e842294837c41c04c2abfcaf3314caf4879a|2025-02-14 11:40:14 +0100|Yuya Ebihara|Docker: Pin QEMU version temporarily (#12262)
f13759328fd22293f8ef97c7ebe48cf74caa2f9c|2025-02-14 17:11:01 +0530|gaborkaszab|OpenAPI: Add RemoveSchemas REST update type (#12022)
abb47830e7df7dc2ae93c74b0ad97f06cdd37aad|2025-02-14 12:44:54 -0600|Danica Fine|Site: Learn More to point to Spark QuickStart Doc (#12272)
71493b92dc2e0b953c184f76ad76e7f8794da8b1|2025-02-16 17:26:10 +0100|Manu Zhang|Build: Bump datamodel-code-generator from 0.27.2 to 0.28.1 (#12290)
0bc2d7029d96e2a914577dc5730ab1fd0d3040c3|2025-02-17 00:18:53 -0800|Yuya Ebihara|Spark 3.5: Fix job description of RewriteTablePathSparkAction (#12282)
aed04d0fcbc27ca1b2ff2e6ea39d791ee81794ac|2025-02-17 09:35:43 +0100|dependabot[bot]|Build: Bump io.netty:netty-buffer from 4.1.117.Final to 4.1.118.Final (#12287)
aec763a607054569b87ac9672fcf7b29a50c7c42|2025-02-17 09:42:50 +0100|dependabot[bot]|Build: Bump software.amazon.awssdk:bom from 2.30.16 to 2.30.21 (#12286)
f9b9621e77ef44d4e5fd72bf6014e3037514ba98|2025-02-17 10:49:21 +0100|Hongyue/Steve Zhang|OpenAPI: Add overwrite option when registering a table (#12239)
bcbbd0344623ffea5b092e2de5debb0bc12892a1|2025-02-17 16:44:20 +0100|dependabot[bot]|Build: Bump mkdocs-material from 9.6.3 to 9.6.4 (#12284)
e8d3a06c4516973fc2fd4d8dd1d908f7378d903b|2025-02-18 10:03:10 -0600|Tom Tanaka|Core: Fix Enabling row-lineage during Create Table (#12307)
93ef86112a238b584e2171b11c40cfefcdd8731d|2025-02-18 08:21:02 -0800|Ryan Blue|API: Reject unknown type for required fields and validate defaults (#12302)
b62fb42cb5bd492feb798d34cbe75dc61d233454|2025-02-18 08:21:30 -0800|Ryan Blue|API: Fix TestInclusiveMetricsEvaluator notStartsWith tests. (#12303)
0b47faaada2aafa42c118be78445f6c40fc0ead6|2025-02-18 08:27:38 -0800|Aihua Xu|Core: Add variant type support to utils and visitors (#11831)
e79295b53e7b1d4143401f863f5d9181111c3bf4|2025-02-18 13:09:53 -0800|Fokko Driesprong|Core: Fix CI: Update tests with UnknownType from required to optional (#12316)
5e1ce86ecaeeb7bf44c440bfe0000ccb80dc9c85|2025-02-18 14:21:17 -0800|Manu Zhang|Docs: Refactor site navigation bar (#12289)
3c8f369637abfa6674aa4b1f8419716a38b46361|2025-02-18 15:31:48 -0800|Ryan Blue|Parquet: Implement Variant readers (#12139)
7e4f0ca6dda72f7401e949f20e4177702d31cd3d|2025-02-18 23:31:59 -0800|Hongyue/Steve Zhang|Docs: Add rewrite_table_path Spark Procedure (#12115)
ea4393e66b4305863f1d1385d8424412c0d373c2|2025-02-19 08:52:52 +0100|Yuya Ebihara|Parquet: Fix errorprone warning (#12324)
1bf55b48e0ac6f663da1d2320373b118f4b004c0|2025-02-19 08:58:04 +0100|ConradJam|Docs: Add Apache Amoro docs (#11966)
c1d4182b3fb9fcb162a0233b8aa304a65ffa56f1|2025-02-19 08:59:52 +0100|Bryan Keller|Parquet: Fix performance regression in reader init (#12305)
387d2586aa4951d68bfea9a1cea699846d50aba9|2025-02-19 10:09:16 +0100|Eduard Tudenhoefner|Core: Fallback to GET requests for namespace/table/view exists checks (#12314)
2e6e38cfd3d97cf0d7fda2d5866989ee25247fe6|2025-02-19 10:18:06 +0100|ConradJam|Docs: Fix refs in Apache Amoro docs (#12332)
3a23f857841e1d2e991efa00f331f093fca5e9c4|2025-02-19 10:19:08 +0100|Fokko Driesprong|Revert "Core: Serialize `null` when there is no current snapshot (#11560)" (#12312)
686bae5e9ff8a52ce55f7609668b69bdb667955a|2025-02-19 10:19:39 +0100|Eduard Tudenhoefner|Parquet: Fix performance regression in reader init (#12305) (#12329)
fad0c1e6c68fbc7e48b5b17c02ed9c26a2693afb|2025-02-19 11:49:09 +0100|pvary|Checkstyle: Apply the same generic type naming rules to interfaces and classes (#12333)
08d0b50bbb22baf4cbfc1b505fb65502e43d743e|2025-02-19 18:47:15 +0100|Eduard Tudenhoefner|Kafka: Pin Kafka-Connect version to fix integration tests (#12340)
24630c9b8c71c719ed30358c9b23a60f46e04c0a|2025-02-19 11:26:52 -0800|wangyinsheng|Docs: Fix link of catalog in terms.md (#12326)
25e7897b1161d5548ff428e0ec9016d5934635a1|2025-02-19 14:49:00 -0600|Prashant Singh|Docs: Add documentation for Rate limiting in Spark Structured Streaming (#12217)
6c546fe1346e81ca0c3f477695340016da891204|2025-02-19 16:19:56 -0600|Russell Spitzer|Spark 3.5: Fix Incorrect Spec Used With AddFiles Procedure (#12319)
43ef03bf88a3015a8efaa251b9bed35e47e01679|2025-02-20 08:19:36 +0100|Yuya Ebihara|Parquet: Remove deprecated VectorizedReader.setRowGroupInfo and ParquetValueReader.setPageSource (#12321)
4c1dec7983ab4a5111aac87b3df373d5aa375650|2025-02-20 09:09:51 +0100|Fokko Driesprong|Bump versions in `{LICENSE,NOTICE}` (#12337)
d6d97d1683465c08d3903673ca6ccbca2004f735|2025-02-20 10:42:05 +0100|Manu Zhang|Spark: Remove Spark 3.3 support (#12279)
3dc4a5498ebbcf9bb1606752330d1de415db5cb0|2025-02-20 11:00:19 +0100|Yuya Ebihara|Core: Remove deprecated Util.blockLocations method and StructCopy class (#12320)
de644158a20c4a8d1b79fbc7773ae5a58dd316ac|2025-02-20 12:44:02 +0100|Denys Kuzmenko|Core: Handle partition evolution case in PartitionStatsUtil#computeStats (#12137)
30fd752f24d796ce548dbeef550e875941ce6fb7|2025-02-20 15:15:03 +0100|Eduard Tudenhoefner|Core, Spark: Remove deprecated code for 1.9.0 (#12336)
d4fe23a154d4324eeb6ef4753f50834dc4804bd7|2025-02-20 17:37:56 -0800|Ryan Blue|API: Move variant to API and add extract expression (#12304)
4958663b4c863a44e4895ecf965fabf541083b39|2025-02-21 09:42:14 +0100|Eduard Tudenhoefner|Core: Remove namespace/table/view HEAD endpoints from defaults (#12351)
f186be7c8e419a90c4b2c4af8845e24a20b016f6|2025-02-21 17:32:12 +0100|Tom Tanaka|Core: Remove additional 'Iceberg' in Puffin footer payload (#12369)
dc1e0b25ad1be42a431f4991381b16bf572a459e|2025-02-21 15:12:59 -0800|Ryan Blue|API: Move Variant interfaces and serialized implementations to API (#12374)
ebc9fbc0995ad4cd324cf0d6e23984bd87c26aaf|2025-02-23 19:08:47 -0800|GuoYu|Flink: Fix the comment error in SketchDataStatistics (#12375)
c2461f995f0e1fec889d09e56924a9c5afaa80c9|2025-02-24 09:03:59 +0100|Alexandre Dutra|Core: Don't remove trailing slash from absolute paths (#12389)
a41d467f6f7253a7ef2fe62fa324acf25f1709dd|2025-02-24 09:05:24 +0100|dependabot[bot]|Build: Bump mkdocs-material from 9.6.4 to 9.6.5 (#12386)
e4833dd0d516e76ff95054740e7d2b4f6cb40d18|2025-02-24 09:05:45 +0100|dependabot[bot]|Build: Bump org.xerial:sqlite-jdbc from 3.49.0.0 to 3.49.1.0 (#12385)
c275bd956e34803b08bb4d31514fb95da32b1d34|2025-02-24 12:17:46 +0100|dependabot[bot]|Build: Bump org.awaitility:awaitility from 4.2.2 to 4.3.0 (#12384)
0a4ac6ecd80821939757aae7a8f5171feb06e6e1|2025-02-24 12:18:09 +0100|dependabot[bot]|Build: Bump nessie from 0.102.5 to 0.103.0 (#12383)
ea3fd7fca53320635bf4d0a2db35067b0aa45799|2025-02-24 12:18:42 +0100|dependabot[bot]|Build: Bump com.google.cloud:libraries-bom from 26.54.0 to 26.55.0 (#12382)
94983060c930d839b07b81dbc215d0148d26d194|2025-02-24 14:17:57 +0100|dependabot[bot]|Build: Bump testcontainers from 1.20.4 to 1.20.5 (#12380)
7b91c3803310a4c49edb375128f9fdfeb7f01752|2025-02-24 14:33:06 +0100|dependabot[bot]|Build: Bump software.amazon.awssdk:bom from 2.30.21 to 2.30.26 (#12379)
88445086d039a85aba0530c89b7e9ae4f1f2eaa3|2025-02-24 12:55:35 -0600|Russell Spitzer|Spec: Allow Equality Deletes with Row Lineage and Define Behavior (#12230)
1a044adbd5f76ad2a404ea52e3c26aaff5970215|2025-02-25 08:01:52 +0100|Shohei Okumiya|Core: Add "volatile" to HadoopFileIO#hadoopConf (#12388)
a15f4710b246f356eee5ae3594e6e758d88556b0|2025-02-25 08:08:43 +0100|Yuya Ebihara|Arrow, Parquet, Spark 3.5, Flink 1.20: Avoid deprecated method (#11874)
2473b4a1bc6b5e65489cd0d2a72723d814cf7803|2025-02-25 12:29:21 +0100|Lars Francke|Docs: Add Stackable to the Vendors page (#12344)
0917664cbec89c614422faf9320f3cdcd89cd878|2025-02-25 17:42:10 +0100|JB Onofré|Build: Upgrade to Gradle 8.13 (#12398)
7d9e96f9f6a02c664c1f011a381a89f8c69a4924|2025-02-25 09:19:08 -0800|ismail simsek|Kafka Connect: Add SMTs for Debezium and AWS DMS (#11936)
2f88ff66d05269b04e3621fe067ccdab668f3191|2025-02-25 16:48:12 -0800|Ryan Blue|API, Core: Update inclusive metrics evaluator for extract and transforms (#12311)
ad5dc14cc3e28718461b3f2b31e6b3633599cc4b|2025-02-26 12:53:33 +0100|Kristin Cowalcijk|Build: Remove Hadoop 2 (#12348)
c0f1abd6a4ad4a09e75f301f199bc549b689a742|2025-02-26 16:30:26 +0100|Ajantha Bhat|Spec: Fix typo in view spec (#12405)
508f2988b02ee72ee9a5b5c3046ae58e0133b71b|2025-02-26 17:19:56 +0100|winston|Docs: Fix grammar issues in descriptions about Hive environment in hive-quickstart.md (#12402)
f6c934b479d81f16633fe8b0b6b245133f49cd94|2025-02-26 17:22:17 +0100|码界探索|Docs: Fix Hive table creation syntax errors (#12394)
a50ec923f3d928f67e2a4a361c0d1162341aa084|2025-02-26 17:22:56 -0800|pvary|Core: Interface changes for separating rewrite planner and runner (#12306)
7553b0f89ce47cfd1b47727785701405f78eaa2d|2025-02-28 10:40:48 +0530|Eduard Tudenhoefner|Docs: Describe how to handle versioned docs/javadoc during a release (#12413)
5f33b612ccf4110244b3c21b7bba3207d41afc56|2025-02-28 07:57:36 +0100|Manu Zhang|Build: Bump Spark from 3.5.4 to 3.5.5 (#12396)
0f38b5bd12ad358d85e642d8d92dabb23d9e54cd|2025-02-28 08:56:00 +0100|Manu Zhang|Docs: Remove Hive runtime jar link from latest release (#12422)
4b592d08e4412468532bb923f1918b988f80c900|2025-02-28 08:58:39 +0100|Eduard Tudenhoefner|Docs: Site updates for 1.8.1 (#12410)
f5e50333abd471db5215edcb43ccba6ed18ca680|2025-02-28 08:59:36 +0100|Eduard Tudenhoefner|Infra: Update Bug report template for 1.8.1 (#12409)
edc32a7f4f5b350364bc365d9bf68eba0c1d37e7|2025-02-28 08:59:58 +0100|Eduard Tudenhoefner|Update release version to 1.8.1 in doap.rdf (#12408)
15ed4ca6607a195ffc7a94d2ec7826326c233994|2025-02-28 09:00:42 +0100|Manu Zhang|Build: Ignore docker folder in CI (#12417)
6a7999b58e9f8eae0f86569f3dcd4f57ec557996|2025-02-28 11:29:53 +0100|Willi Raschkowski|API: Fix IndexOutOfBounds exception in FileFormat#fromFileName (#12301)
465e063bd179cea376a308d0991e1df6f257ae44|2025-02-28 11:32:12 +0100|Ian Streeter|Core: Print un-pretty metadata files (#12318)
b87edbb01f210ab2d7dd30325a376df0ef427e1d|2025-02-28 12:39:47 +0100|gaborkaszab|Core: Code cleanup around TestTable and TestTableOperations (#12419)
e230f5d79d82a50439029db5c73f8b59497b2e9f|2025-02-28 14:21:53 +0100|Ajantha Bhat|Data: Add partition stats writer and reader (#11216)
291a5c9ca5f29bf2504f9162cb2dd760890bbeb2|2025-02-28 20:05:44 +0100|Anurag Mantripragada|Azure: Move docker-based tests to integrationTest (#12274)
978430823ca0cd823544e668e12f84ce91551cbd|2025-03-01 13:40:51 -0800|Jia Yu|Spec: Fix geo type example (#12421)
adef1ad4759eb74fa3ea2b51592d7dd1b4942810|2025-03-01 13:42:19 -0800|wangyinsheng|Docs: Fix link of ndv in spark-procedures.md (#12425)
925b38251c25930dd900d36995ec2f0d18fef70a|2025-03-02 16:39:28 +0100|dependabot[bot]|Build: Bump mkdocs-material from 9.6.5 to 9.6.6 (#12432)
dffce80ae15469a904fde91409deb8790b30c296|2025-03-02 16:40:08 +0100|Manu Zhang|Build: Ignore README.md/LICENSE/NOTICE in all paths on CI (#12429)
2e128dbf15b882f9152e634164a4b732e5df883e|2025-03-02 20:27:20 +0100|dependabot[bot]|Build: Bump org.openapitools:openapi-generator-gradle-plugin (#12435)
07e168490c03c2fce3284230cc04e8c1840083e4|2025-03-02 20:32:29 +0100|dependabot[bot]|Build: Bump datamodel-code-generator from 0.28.1 to 0.28.2 (#12433)
db65f6e374ecfac16d81e81eb2f6f6a2c79ffbc2|2025-03-03 12:53:34 +0100|dependabot[bot]|Build: Bump org.mongodb:bson from 4.11.0 to 4.11.5 (#12438)
43f1204bb525a9eaeaff6a590acd990b9a4364ee|2025-03-03 12:54:20 +0100|dependabot[bot]|Build: Bump slf4j from 2.0.16 to 2.0.17 (#12436)
1ab3ef882454c71efb3eb04ae185729608c95e67|2025-03-03 12:54:50 +0100|dependabot[bot]|Build: Bump jackson-bom from 2.18.2 to 2.18.3 (#12434)
0ed01a21da6280499477d1b0b8b090f7adb062b1|2025-03-03 12:56:09 +0100|Wenston Xin|Docs: Fix typo in DELETE stmt (#12426)
f14efce435980e0d46eadc7b8eb2f32ba22008d5|2025-03-03 12:59:00 +0100|dependabot[bot]|Build: Bump io.netty:netty-buffer from 4.1.118.Final to 4.1.119.Final (#12440)
6323aa9405f23e3992f243b1134cbafdbb24d73c|2025-03-03 16:30:22 +0100|dependabot[bot]|Build: Bump net.snowflake:snowflake-jdbc from 3.22.0 to 3.23.0 (#12437)
be9808fb3d75b1697fc4ed45c02602de9cfb6371|2025-03-03 22:28:27 +0100|Jacob Marble|Docs: Deprecate `data_file.distinct_counts` (#12182)
b810d64112b88498c2db222abfaa10a3ab037e2e|2025-03-04 16:54:50 +0100|gaborkaszab|Core: Change RemoveSnapshots to remove unused schemas (#12089)
1fbf6cd097a5dfd0a5ac27e09f0e866efb3925a8|2025-03-04 13:03:41 -0800|Aihua Xu|Core: Add Variant logical type for Avro (#12238)
fbc5876955be3394b3bd5ff64d017a58d4aa47c8|2025-03-04 18:08:26 -0600|Bharath Krishna|Spark 3.5: Infer partition spec in ADD_FILES procedure for FileTables than taking latest table spec (#12327)
3c8366a4333e6d38c28d04c5959cdecb8cd81d6f|2025-03-04 17:44:25 -0800|Ryan Blue|Avro: Support timestamp(9) and unknown types (#12455)
9f99fd7e07c075082899fe2d2635070d8c2da7df|2025-03-04 22:47:49 -0800|Aihua Xu|Core: Wrap variant in PrimitiveLikeHoder so serialization can result same instance (#12317)
cc4fe4cc50043ccba89700f7948090ff87a5baee|2025-03-05 09:18:01 -0700|Leon Lin|Core: Ensure current and newly added view versions are retained in ViewMetadata build (#12401)
ffe9ad501f932ffa64ce4b9a8f58ccb29e73990c|2025-03-05 11:32:47 -0800|Swapna Marru|Flink: support create table like in flink catalog (#12199)
58b283e3533afce8b9884ac847a46eb40688353b|2025-03-05 13:53:33 -0800|Ryan Blue|Parquet: Implement Variant writers (#12323)
f3b3ee40871d38083ed095215fffa91acb2c8a45|2025-03-06 08:20:34 +0100|Fokko Driesprong|Core: Write `null` for `current-snapshot-id` for V3+ (#12335)
41ed4500725ed85a04fff6c698eec9e9824098e3|2025-03-06 08:42:32 +0100|Fokko Driesprong|Spec: Add implementation note on `current-snapshot-id` (#12334)
5994b54de4675e5c40e8f8cd4cf5be48620f09fb|2025-03-06 13:27:09 +0100|gaborkaszab|Core: Don't create empty RemovePartitionSpecs MetadataUpdate (#12465)
55e478bc226487d92ba7ce6ff713199a10f73893|2025-03-06 18:28:33 +0100|Ajantha Bhat|Data: Expose snapshot-id instead of branch for computing partition stats (#12464)
afe0787b900978be0700b161a2fa308accf48704|2025-03-06 11:35:49 -0800|Ryan Blue|Parquet: Support unknown and timestamp(9) in internal model and generics (#12463)
19330fa19f833f481063704c1e0122e068289259|2025-03-07 07:29:53 +0100|Eduard Tudenhoefner|Core: Provide access to format-version of metadata table (#12462)
9a8466c95c323eba7c427cafb44a6c91a81d4bf4|2025-03-07 15:21:54 -0600|Russell Spitzer|Site: Fix Footer Link (#12478)
8b9bc73ae1711677b46f63d903a62528ac16496d|2025-03-08 20:26:15 +0100|slfan1989|Docs: fix typo in `rest-catalog-open-api.yaml` (#12480)
cbc3ebfc6da216c106e8264cd389f3c4a02309cc|2025-03-09 07:44:22 +0100|dependabot[bot]|Build: Bump software.amazon.awssdk:bom from 2.30.26 to 2.30.31 (#12439)
8380e5ecb8ec24634b736481983bc48512cecd0c|2025-03-09 14:01:07 +0100|dependabot[bot]|Build: Bump mkdocs-material from 9.6.6 to 9.6.7 (#12483)
456bbe98b0b0982278a61af4c44d32e1c27417e2|2025-03-10 08:57:02 +0100|dependabot[bot]|Build: Bump com.gorylenko.gradle-git-properties:gradle-git-properties (#12486)
7539dc504cd61dc6e04e9b12f2f467f1b9e6aee5|2025-03-10 11:01:29 +0100|Cheng Pan|Build: Rename versions.spark.hive3* to versions.spark3* (#12489)
6e8718113c08aebf76d8e79a9e2534c89c73407a|2025-03-10 11:04:53 +0100|dependabot[bot]|Build: Bump testcontainers from 1.20.5 to 1.20.6 (#12484)
f61f97112618c35e5647de6d703809c3cfeba425|2025-03-11 15:39:28 +0100|Xu Bai|Core: Apply correct metric configs in GenericAppenderFactory (#12366)
54a62aeb14155c2c82a9008d9e2679646c2d703a|2025-03-11 09:59:52 -0500|Bharath Krishna|Spark 3.5: Add unit test for AddFilesProcedure to check invalid column in partition filter (#12456)
020cac508be54249586edbf20513fd24e146d0f2|2025-03-11 11:31:03 -0500|Rich Bowen|Site: Adds AWS to vendors page (#12468)
4e76f70edbe32540d2724faa9545cd7914b807de|2025-03-11 15:28:57 -0700|Eduard Tudenhoefner|Spark: Rewrite V2 deletes to V3 DVs (#12250)
e080d6fdd5fe5129c118ce57aa009eef9575edab|2025-03-12 06:24:13 +0100|sida-shen|Docs: Update recent talks from Iceberg Meetups (#12481)
3dba6afb789a420373e44ac29ecdef866bd7ebee|2025-03-11 22:47:21 -0700|Sanjay Marreddi|AWS: Integrate S3 analytics accelerator library  (#12299)
9a98de04103755ad4833ac6c3918c39022d54a99|2025-03-13 06:23:56 +0100|Eduard Tudenhoefner|AWS: Don't fetch credential from endpoint if properties contain a valid credential (#12504)
fe258463f5aba15d45bbe1e401d50279aef05fc5|2025-03-13 16:01:03 +0100|Eduard Tudenhoefner|OpenAPI: Handle NamespaceNotEmptyException when dropping a namespace
d03a5e1dbcf622ab4883dabeb813f5d8f7728fb5|2025-03-13 16:08:38 +0100|Eduard Tudenhoefner|Revert "OpenAPI: Handle NamespaceNotEmptyException when dropping a namespace" (#12517)
7d0395d4b6f8d690d70910fe2018a459582960e3|2025-03-13 14:03:01 -0700|Sanjay Marreddi|AWS: Update S3 async client configurations and docs for analytics-accelerator-s3 (#12503)
54d7341bd7f4b816a8aacc7c4c3a99ee2dbc1ee7|2025-03-14 09:04:07 +0100|Pucheng Yang|Core: Make reporter() public so that it can be accessed by Trino for BaseTable creation (#12519)
b3d5133343ff6b15b7c0201e662b545533d5eba7|2025-03-14 09:09:52 +0100|Tom Tanaka|Spark: Migrate Spark 3.4 test base to JUnit5 (#12501)
18de78eacba1f64de88fbe91c42ea1740377a1d2|2025-03-14 10:19:44 +0100|Daniel Weeks|Core: Fix support for GenericManifestFile intex projection (#12522)
c02ebe4740b22d6f5a78b636aea2d918037b2751|2025-03-14 11:20:33 +0100|Yuya Ebihara|Core: Set missing table-default property in RESTSessionCatalog (#11646)
3e3df8ebb4e6f11727e731809149d2a3c66726be|2025-03-14 14:20:19 +0100|pvary|Core: Fix default and initial value handling on table creation (#12520)
ab6fc83ec0269736355a0a89c51e44e822264da8|2025-03-14 08:32:43 -0600|Eduard Tudenhoefner|Core: Don't expose InMemoryViewOperations and RESTViewBuilder outside their visibility scope (#12524)
03fc1ae33096716e9afdc7c4f1dce91de48f32bc|2025-03-14 08:21:41 -0700|Thomas Jaeckle|Kafka Connect: Add config for transactional ID prefix (#11780)
51abab10e22569250ade2b3726844ab7fa9bc0b6|2025-03-14 10:10:36 -0700|kumarpritam863|Kafka Connect: Handle no coordinator and data loss in ICR mode (#12372)
7195cb2b624cd8546113ce2f918602fa38c93fef|2025-03-14 19:24:47 +0100|smaheshwar-pltr|Core: Use `buildKeepingLast` for table properties in REST table builder (#12526)
7a572a9eb942053b6fa603ede02067b0b2c4602c|2025-03-14 15:14:45 -0700|Ryan Blue|Flink 1.20: Support Avro and Parquet timestamp(9), unknown, and defaults (#12470)
c991e0d9258b41ba995b9bd56aa8e56e7ae67e16|2025-03-14 17:37:06 -0500|Bharath Krishna|Spark 3.4: Backport partition spec inference in spark ADD_FILES procedure (#12508) (#12319 #12327 #12456)
a706c348a1f6983690fd0f261f78b360ac558c13|2025-03-15 13:24:30 -0700|Ryan Blue|Flink 1.18, 1.19: Implement timestamp(9), unknown, and defaults (#12532)
fb5740d3d5ae088ee14767fcb3f9347966397ce4|2025-03-16 07:32:19 +0100|dependabot[bot]|Build: Bump mkdocs-material from 9.6.7 to 9.6.8 (#12542)
fcea78fc3571063fa172edd96be00b1fab0ba68e|2025-03-16 07:32:48 +0100|dependabot[bot]|Build: Bump datamodel-code-generator from 0.28.2 to 0.28.4 (#12541)
d35cf23eb63cc88d4fdb6ae1db8e63630b073d13|2025-03-17 10:55:10 +0100|Yuya Ebihara|Core: Add missing table-override property to REST catalog (#12548)
57ec405a651b99d5fce3f3b4bec217d24bc98d20|2025-03-17 11:02:18 +0100|drexler-sky|Spark: Call configureTable in ScanTestBase (#12546)
4816bf3b5ad68f1c9c2f98c55b56956e9449f178|2025-03-17 12:20:50 +0100|Alexandre Dutra|AWS, Core, GCP: Auth Manager API enablement (#12197)
bf2f552722b8f29b5a6c5c0a4b98c08bb400a0eb|2025-03-17 12:29:08 +0100|rcjverhoef|Core: Close FileIO instance in JdbcCatalog (#12540)
15a9cbc7e322f0e29be97b5d488ae78e29454b1e|2025-03-17 15:50:57 +0100|Tom Tanaka|Spark 3.4: Migrate TestBase related tests in spark and actions to JUnit5 (#12552)
c7f3919f847ae8c4f661299fd0a64db4dde1a583|2025-03-17 15:55:19 +0100|Ryan Blue|API: Implement Variant#toString (#12531)
3cc4b045c6df776a9167ceb31338e9170d02df4e|2025-03-17 16:33:01 -0700|Ryan Blue|Avro: Add variant readers and writers (#12457)
8f6ebb5b36a0263edfcb04e0c104b26225f95b07|2025-03-18 07:31:51 +0100|Yuya Ebihara|Core: Add `view-override` catalog property (#12534)
731ff733265dc8f3036e7b6cd66fd64a8f32170f|2025-03-18 05:33:37 -0700|Eduard Tudenhoefner|Kafka: Suppress warnings around java.util.Date usage / fix var names (#12561)
6417719ad4c231dd051023aaf78419bfa3fcb51b|2025-03-18 17:32:15 +0100|Alexandre Dutra|REST: HTTPRequest.baseUri() should be nullable (#12556)
952fcd451f079a82e00e14107377108c3fff9648|2025-03-18 13:24:22 -0700|Ryan Blue|Parquet, Core: Enable passing Variant tests (#12559)
04eecd61beccc7fac3964326afc5e6ee95849ea4|2025-03-18 20:55:00 -0600|hsiang-c|Core: JDBCCatalog's dropView() should purge metadata files if GC is enabled (#12511)
4dbcdfc85a64dc1d97d7434e353c7f9e4c18e1b3|2025-03-18 22:42:19 -0500|Russell Spitzer|Core, Spark 3.5: Apply Ignore Residuals to Delete Filtering (#12479)
cf980650ede19efe2b9fe9aff521ecf8e7bd315c|2025-03-19 09:17:07 +0100|Ajantha Bhat|Core: Make totalRecordCount optional in PartitionStats (#12226)
5ce86a3e8d1082172c3b5dcaaa9e8443ec9449d3|2025-03-19 09:35:05 +0100|Eduard Tudenhoefner|Core: Replace withFailMessage() with as() (#12570)
29612e80eae162e4b3716f0f0eb5364257316a04|2025-03-19 10:48:56 +0100|Eduard Tudenhoefner|Spark: Improve assertions for better debuggability (#12569)
82044624da9d4e45c94b962659acd3db5378a8fa|2025-03-19 11:19:13 +0100|Shohei Okumiya|Docs: Update statements mentioning Hive's alpha/beta versions (#12430)
b821c24c3bd04284c7c138e064d7f50dc1d2b9b6|2025-03-19 16:40:10 +0100|Eduard Tudenhoefner|Infra: Update Bug report template for 1.7.2 (#12574)
b6325c499355d90b3a20b18f2ad9611d8185d440|2025-03-19 16:49:16 +0100|Matt Topol|Docs: update go impl status (#12578)
f6a5ba0b443438db9888501173d96f8dc7230e2c|2025-03-19 10:04:12 -0600|Eduard Tudenhoefner|Core: Use InternalData when reading manifests in FileCleanupStrategy (#12575)
c8d8b8ca57fb158ecab6b98cd744588448af64ee|2025-03-19 17:11:00 +0100|JB Onofré|Docs: Site updates for 1.7.2 (#12576)
608345b35197f38292eed8ae2635bd036f56eb6b|2025-03-19 11:40:55 -0700|Ryan Blue|ORC: Support timestamp(9), variant, and unknown in generics (#12567)
2c746e6785a392fe0abc0eb9f0ec3e3dd674f4d7|2025-03-19 20:29:16 +0100|Swapna Marru|Flink: Support source watermark for flink sql windows (#12191)
017559ecdcef7d51514795966024f8e2d84409fc|2025-03-20 07:40:41 +0100|Eduard Tudenhoefner|Spark: Detect dangling DVs properly (#12270)
8ed1c216503b7193924ca57bd2694025660ac02c|2025-03-20 07:49:01 +0100|Eduard Tudenhoefner|OpenAPI: Handle NamespaceNotEmptyException when dropping a namespace (#12518)
ff5004ef6d88c1fb7d985fbab818ff9e6bcc4c3f|2025-03-20 06:46:10 -0700|Wing Yew Poon|Use correct statistics file in SparkScan::estimateStatistics(Snapshot) (#12482)
31e0f19dff9f6c91a8d95447598fa94e70c5cbdd|2025-03-20 14:56:19 +0100|GuoYu|Flink: fix read config of connector.iceberg.max-allowed-planning-failures (#12585)
6779a15759668552665988eab4bcf6c2f8f5bd3b|2025-03-20 16:02:37 +0100|GuoYu|Flink: backport for fix read config of connector.iceberg.max-allowed-planning-failures (#12589)
21497fd38521959ce04d7fde7d823a896a2f565c|2025-03-20 11:59:34 -0700|Daniel Weeks|Use InternalData with Avro for readers. (#12476)
721741764193bc4767bc2ae70a423f020fdb83c1|2025-03-20 14:42:11 -0700|Ryan Blue|Core, Parquet, ORC: Fix missing data when writing unknown (#12581)
e47e99a0dd3a500134633df640522c8c8fb56a2b|2025-03-21 07:09:27 +0100|Eduard Tudenhoefner|Core: Handle NamespaceNotEmptyException in NamespaceErrorHandler (#12505)
df27946bac0f19443842975bdd6c56174dcc0e15|2025-03-21 09:46:32 +0100|Eduard Tudenhoefner|Spark 3.4: Read DVs when reading from .position_deletes table
a4816c1c99063770473920cd6d62f88f90a292dc|2025-03-21 09:46:32 +0100|Eduard Tudenhoefner|Spark 3.4: Include content offset/size in PositionDeletesTable
2c157cbaf552f48a18d959f0c6b95be36b9dd9e3|2025-03-21 10:50:50 +0100|Tom Tanaka|Spark 3.4: Migrate TestBase-related remaining tests in actions (#12579)
d14298fe9e826f67e0a2c4d8e279c6b032912726|2025-03-21 13:18:54 +0100|Eduard Tudenhoefner|Spark 3.4: Test metadata tables with format-version=v3 / add ExtensionsTestBase (#12600)
845ef51498bd2fce5f7e7de71feca60db939c8b2|2025-03-21 14:21:22 +0100|gaborkaszab|Core: Bulk deletion in RemoveSnapshots (#11837)
74051b44f933bf3f33bb9ab9b04ed987e16b40dc|2025-03-21 18:11:32 +0100|Tom Tanaka|Spark 3.4: Backport DVs related parts (#12603)
ded06702a8c3bd6bd823969ab82d2e32669e04c5|2025-03-21 13:03:31 -0700|Ryan Blue|Parquet: Implement Variant metrics (#12496)
980212e7000f7a62439e8876cc555a5066147df6|2025-03-22 10:41:54 -0600|Eduard Tudenhoefner|Spark 3.4: Rewrite data files with high delete ratio
263c62ee6659daa9c96837bf81770fdff9254da3|2025-03-22 10:53:33 -0600|Eduard Tudenhoefner|Spark 3.4: Rewrite V2 deletes to V3 DVs
c2a7d9f0ad1406a74d972ed1dc2b7bee1606944a|2025-03-22 10:53:33 -0600|Eduard Tudenhoefner|Spark 3.4: Detect dangling DVs properly
49353ff2db5c4eaf3eb58b4552d93fd5b5dae281|2025-03-23 15:22:23 +0100|dependabot[bot]|Build: Bump mkdocs-material from 9.6.8 to 9.6.9 (#12614)
c94fae4fac71f72d56de316595b26612bb04a515|2025-03-23 15:24:21 +0100|dependabot[bot]|Build: Bump nessie from 0.103.0 to 0.103.2 (#12615)
1a94bc0346cb1cdc2cb60d1a666564693e83aed5|2025-03-23 17:55:31 -0700|Szehon Ho|Spec: Geo spec simplifications (#12533)
cb7d5a827ba162b0e7ad12dbb22d2e587ab50eb7|2025-03-24 07:59:57 +0100|Manu Zhang|Spark 3.5: Reduce repeated logs in SparkWrite and SparkPositionDeltaWrite (#12404)
f12d200108cc95b38fe0edd9113f807b47648656|2025-03-24 08:11:12 +0100|slfan1989|Spark 3.4: Backport Spark actions changes in Spark rewrite_table_path procedure (#12006 #12172 #11929 #12282 #12569) (#12568)
6bd6887db1f90674ca5e20e88cc95c5f92dcb050|2025-03-24 10:52:21 +0100|Bryan Keller|Core: Add update event for rewrite manifests (#12627)
cbf34a6ab980ab9b7bb01e45c9e2bcfad8e2986b|2025-03-24 11:09:28 +0100|Leon Lin|Build: Enforce error message check on Exception assertions (#12624)
a908f920178f6a621f9418ffd455fa101cba92ab|2025-03-24 11:16:21 +0100|dependabot[bot]|Build: Bump com.google.errorprone:error_prone_annotations from 2.36.0 to 2.37.0 (#12622)
4f06b0911e870ad4ef329e77d68ae5ebe9135961|2025-03-24 13:46:55 +0100|Eduard Tudenhoefner|Core: Add commit metrics for rewriting manifests (#12630)
62005e72a50dbd2d64aa7c267a006b5902b46c3f|2025-03-24 15:40:54 +0100|Ajantha Bhat|Data: Refactor PartitionStatsHandler (#12550)
50c8697f937e0fea3c87fe8422bed881792a8129|2025-03-24 09:14:30 -0600|Eduard Tudenhoefner|Spark 3.4: Propagate snapshot properties / Add max allowed failed commits
5cb8715c15d5a9cf840ef0a8a4b2ac35276557e4|2025-03-24 19:32:39 +0100|Manu Zhang|Docs: Fix lifecycle and versions in multi-engine-support (#12370)
6f0dfd976eb88ac4f2c8f4ab9855b88e245f969f|2025-03-24 19:35:27 +0100|dependabot[bot]|Build: Bump parquet from 1.15.0 to 1.15.1 (#12616)
80f07c02da413de79054e18d1a9a14c1ecda4ecc|2025-03-24 19:36:29 +0100|dependabot[bot]|Build: Bump calcite from 1.10.0 to 1.39.0 (#12617)
2a0fee50e81fc4f6fbc4a7d7da74eed8a16a5d9b|2025-03-24 17:34:18 -0600|SourabhEstuary|Add Estuary blog post showing how to load data into Apache Iceberg (#12587)
03ff41c189c7420992be0e4a4ddc63f005e2e0d5|2025-03-25 06:30:49 +0100|Bryan Keller|Core: Fallback to thread classloader when loading classes (#12613)
62632986372cec0ef5233173d31526baf858ca71|2025-03-25 11:37:53 -0700|Alexandre Dutra|Core: child HTTPClient should not close shared resources (#12566)
e1e0a7404740b2bf9e6638afb5f0ff19f2536713|2025-03-25 16:09:02 -0700|Kristin Cowalcijk|API, Core: Add geometry and geography types support (#12346)
07ad9a635c6e24959280f53b76ef3036e33d13ee|2025-03-26 07:15:51 +0100|Alexandre Dutra|AWS: Use correct parent session when calling delegate auth manager (#12582)
af99da6c2daa8e53876638c839b0f729f2f3a86e|2025-03-26 07:43:42 +0100|Ajantha Bhat|Docs: Update block spacing guideline in contribute.md (#12641)
695374d8bfbd22f4347cfe43b54a93c41b88f166|2025-03-26 20:02:55 +0100|Manu Zhang|Docs: Fix ASF sponsorship links (#12646)
25409c624e092f56c9a01bc281da9d94f6285f83|2025-03-27 10:31:37 +0100|Tom Tanaka|Spark 3.4: Migrate SparkRowLevelOperationsTestBase related tests to JUnit 5 (#12656)
d54d81ecc1968eb0ec16a1f266e1d0b29e53b2ef|2025-03-27 11:37:20 +0100|Soumya Banerjee|Spark 3.4: Use correct statistics file in SparkScan::estimateStatistics(Snapshot) (#12647)
aa4ed6041b2e4555e222eb587d5055be163f362c|2025-03-27 13:02:06 +0100|Manu Zhang|Core: Enhance TestRemoveSnapshots (#12662)
3385d05343ce183e0d598f2a5be438ec72d4032d|2025-03-27 19:36:47 +0100|Kevin Liu|Update PyIceberg status page (#12645)
8ca7f9bf1a3dafe3e86cbcf0c4e8b41519e728bb|2025-03-27 19:44:46 +0100|dependabot[bot]|Build: Bump jetty from 11.0.24 to 11.0.25 (#12618)
6e2eaf02f380ed8e3be7f58273d680b766897b18|2025-03-27 20:20:13 +0100|Manu Zhang|Docs: Fix Latest Iceberg Support version of Hive (#12640)
68f8053d67aaae7c7cf7b13045e2ed4146fa45f9|2025-03-28 07:32:16 +0100|ChaladiMohanVamsi|Azure: Support vended credentials refresh in ADLSFileIO. (#11577)
795f2e4b677c1c3cf3e33e639296928bf86c4af9|2025-03-28 07:53:35 +0100|Ajantha Bhat|Build: Revert AWS SDK from 2.30.31 to 2.29.52 (#12649)
12f5d0886f3aa1a1ffad25e96507485326974975|2025-03-28 09:38:44 +0100|Eduard Tudenhoefner|AWS: Use assertThat instead of JUnit4 assertions (#12668)
054eacd5d691012b725d1c16d96f1c728748a3cf|2025-03-28 08:43:56 -0700|Eduard Tudenhoefner|GCP: Use catalog endpoint as base when refreshing OAuth2 token (#12638)
9199ab520b92084e058d7cf7101b15802eeefc7c|2025-03-28 19:08:39 +0100|sullis|Core: Remove redundant parameters() definition from subclasses of TestBase (#12666)
d5971429ea903be873b5884c64a3dd41076179ea|2025-03-29 09:15:14 +0100|pvary|Core: FileRewritePlanner implementation (#12493)
d945cde3c289bfdf61cf4352a7089d1d6462f41b|2025-03-30 23:22:55 +0200|Swapna Marru|Flink: Backport support create table like in flink catalog to Flink v1.18 and v1.19
d8251755c4f78361cf0d114774fe227dc23b805a|2025-03-30 22:50:16 -0700|slfan1989|Docs: Fix quote for rewrite_table_path example (#12628)
6d8653bb2bbcecdbe38e98da60ef5578f083e933|2025-03-31 08:02:49 -0600|Xiaoxuan|Spark, API: Enhance hashing efficiency by operating on raw UTF-8 bytes (#12657)
12737a1282d2e82432c0e5924b3fe33dc4ffb109|2025-03-31 18:59:03 +0200|dependabot[bot]|Build: Bump datamodel-code-generator from 0.28.4 to 0.28.5 (#12683)
ca2d11eb86d8e12f395ab24bfa4f45f50f7d6ec0|2025-04-01 09:04:07 +0200|Xu Bai|Docs: Update link for User-Defined Tag Restrictions in AWS documentation (#12698)
770daff764672ccdf9240404c9026fdbd0476c54|2025-04-01 09:05:36 +0200|dependabot[bot]|Build: Bump com.palantir.gradle.gitversion:gradle-git-version (#12687)
9981fe1a282d7d18dc6b361e764d1fb4f13313b5|2025-04-01 09:10:34 +0200|dependabot[bot]|Build: Bump com.google.cloud:libraries-bom from 26.55.0 to 26.58.0 (#12688)
e55f23858848bb848a1a16ae1ee045139ffe89fc|2025-04-01 11:55:39 +0200|Juichang Lu|AWS: Fix Catalog URI within VendedCredentialsProvider (#12612)
e1f2cfdf2c3a0be73be83d1a807f5e4ddc59fc93|2025-04-01 16:43:16 +0200|wangyinsheng|Core: Add MetricsReporter for SnapshotManager (#12665)
c879eed88669aa5439b841a1105bc4e796992eb5|2025-04-01 09:48:52 -0500|Manu Zhang|Spark 3.5: Fix RewriteDataFiles with partial progress enabled and max-failed-commits larger than total-file-group (#12120)
9635fb415e1fdb3e268a852da067fb3f78b76825|2025-04-01 10:03:11 -0700|Andriy Onyshchuk|Spark: Use delimited column names in CreateChangelogViewProcedure (#12418)
2e1577e62bf023daddb0ad7aec5ce6f094fb98dc|2025-04-02 00:27:43 +0200|Swapna Marru|Flink: Backport support source watermark for flink sql windows (#12697)
ee0190d00a24dae34d3e9fe4f168ef95bf924bd9|2025-04-02 08:12:21 +0200|Manu Zhang|Spark 3.4: Fix RewriteDataFiles with partial progress enabled and max-failed-commits larger than total-file-group (#12701)
aada4d2d88e60b65c4223da12ae6f5bfab550cba|2025-04-02 08:13:38 +0200|dependabot[bot]|Build: Bump org.apache.httpcomponents.client5:httpclient5 from 5.4.2 to 5.4.3 (#12685)
be2c1207581e91f458d5dd3b53610ef18a506dc4|2025-04-02 08:14:23 +0200|dependabot[bot]|Build: Bump guava from 33.4.0-jre to 33.4.6-jre (#12686)
817dc35a924b403716d2eb899aba46f3398a5ca9|2025-04-02 11:55:12 +0200|Eduard Tudenhoefner|Core: Pass storage credentials from LoadTableResponse to FileIO (#12591)
9e65c9d5d2580800001d4d8f8ab85c5fa7c8fb98|2025-04-02 14:27:19 +0200|Sanjay Marreddi|AWS: Update the bundle `NOTICE` and `LICENSE` (#12553)
c661a71091e496393c743ddd879d9e1a0f2747b2|2025-04-02 14:34:32 +0200|Rui Li|Core, Hive: Double check commit status in case of commit conflict for NoLock (#12637)
28c246e2c020a1f849effcfc7d5d1852f1f59b02|2025-04-02 16:12:18 +0200|Manu Zhang|Spark 3.4: Fix NotSerializableException when migrating Spark tables (#12705)
14122cb736dcc0db52e48caf183d92eb1272da86|2025-04-02 17:58:55 +0200|slfan1989|Doc: Remove warning for issue resolved by #11147. (#12694)
cb3f331e478cbbf3cea852b56f0eace28043124e|2025-04-03 14:42:45 +0200|big face cat|Flink: Backport avoid RANGE mode broken chain when write parallelism changes (#12080)
e630e6126ab9cfc3ddeef73f021a056cb612d200|2025-04-03 09:00:31 -0700|Andrew Koller|Updated vendors documentation to add SingleStore (#12708)
e9494358cdfbf0f5ca135be19f5e53173b75f292|2025-04-03 15:55:50 -0600|Daniel Weeks|Spec: update to reflect lineage is required (#12580)
06f667ada5a5b9edeaa20ae9269ff5de1721b91d|2025-04-03 16:05:54 -0600|Ricardo Pereira|Core: Enhance remove snapshots efficiency by executing them in bulk (#12670)
20508d582d5054bd824af33295b546e7833d789b|2025-04-04 08:34:49 +0200|Eduard Tudenhoefner|Core: Update deprecation msg (#12720)
db34c1c18b20b389c64a449f21c2296f2f25402a|2025-04-04 09:12:15 +0200|Leon Lin|AWS: Add AWS integ tests to check task and enable tests based on required environment variables (#12671)
0152075268851d397b60bcb66e5a7c346271dfd9|2025-04-04 08:37:48 -0600|Amogh Jahagirdar|Core, Spark: Add row lineage metadata columns, and surface them in SparkTable metadata columns (#12596)
7b0f17ad7e9916906f09c82803edf333e318be1f|2025-04-06 12:46:58 +0200|dependabot[bot]|Build: Bump mkdocs-material from 9.6.9 to 9.6.11 (#12728)
6cfc21b744b4187d4aea33b01158acf036fc219e|2025-04-07 07:46:24 +0200|dependabot[bot]|Build: Bump io.delta:delta-standalone_2.12 from 3.3.0 to 3.3.1 (#12731)
88b01239997bbee74b4a575c7bb28615365063df|2025-04-07 07:47:19 +0200|dependabot[bot]|Build: Bump net.snowflake:snowflake-jdbc from 3.23.0 to 3.23.2 (#12732)
b99f33dcaa747d169fe2bd14407f961607b479de|2025-04-07 10:21:38 +0200|GuoYu|Flink: Backport RowConverter for Iceberg Source (#12713)
1c861707ff501307ca0813bb84c4fe36ed7c5f00|2025-04-07 12:04:08 +0200|GuoYu|Flink: Fix NPE in SketchUtil when numPartitions bigger than length of samples (#12703)
8e473a7575a3298dcfedce329d1275db5a892e1c|2025-04-07 12:08:09 +0200|Bodor Laszlo|Core: Lazy init workerPool in RemoveSnapshots and SnapshotProducer (#12427)
a0194e26a2c8f693bb6004acdc22a17be370bcc2|2025-04-07 12:09:54 +0200|GuoYu|Flink: Backport using ExternalTypeInfo in Rowconverter code instead of deprecated TableSchema.getFieldTypes (#12739)
369fe89138ca52ef9437fe657324c659889a8d88|2025-04-07 12:34:53 +0200|Zoltan Ratkai|Hive: Refactor HMS table parameter setting to be able to reuse (#12461)
64df1afb4b09486aca104cbc5bd017d7dcfb480b|2025-04-07 15:21:47 +0200|GuoYu|Flink: Backport fix NPE in SketchUtil when numPartitions bigger than length of samples (#12741)
7d7aeb89f26e3325e76afb8e20d6cd5b0ba74711|2025-04-07 09:52:23 -0700|Ryan Blue|Core: Enable row lineage for all v3 tables (#12593)
68d82acebf92f7589a66f49d37d898c9fab43693|2025-04-08 13:56:01 +0200|Tom Tanaka|Spark 3.4: Migrate Spark ExtensionsTestBase-related tests (#12744)
f39c1fa6f67a705a13dc2bc536f6002f38fc4cc7|2025-04-08 15:25:22 +0200|dependabot[bot]|Build: Bump io.delta:delta-spark_2.12 from 3.3.0 to 3.3.1 (#12729)
665baa5ac23f7743642ff51d6b7594952e60198e|2025-04-09 09:29:24 +0200|jackylee|Doc: Remove Hive 2.x/3.x related docs in hive.md (#12700)
529c0bf2855921d1c964159188acbf531a807684|2025-04-09 09:10:09 -0700|Eduard Tudenhoefner|Core: Return this instead of null in enableRowLineage() (#12747)
e314e9eaac3939ce248bd96b5e2c82b2b1970ea5|2025-04-09 19:38:31 +0200|gaborkaszab|Core: Drop invalid function comment for HTTPClient.isSuccessful (#12742)
e56ec11215e7b9fec6ffd1ea435e008852454db0|2025-04-09 23:12:10 +0200|Juichang Lu|Core: Allow HTTPClient to parse headers from properties (#12595)
b15f4ac1795d25f9db5aa1559b677d57d1bacceb|2025-04-09 15:27:04 -0700|Fokko Driesprong|Throw on `{write.folder-storage.path,write.object-storage.path}` properties (#12315)
55b5371e9feb04973335b569e4f24b15c4f30570|2025-04-10 17:50:54 +0200|dependabot[bot]|Build: Bump io.netty:netty-buffer from 4.1.119.Final to 4.2.0.Final (#12730)
616bee5a5979d8971f54c62cfb7888ff73fbbe6c|2025-04-11 10:05:50 +0200|Eduard Tudenhoefner|Api: Deprecate CredentialSupplier (#12763)
20811c6fb65543d5e198ef37d87872c211316aeb|2025-04-11 10:54:47 +0200|sullis|AWS: Add unit tests for AWS s3Async (#12758)
dac5622338f024e9e5a565b8358d0b865edb4e2f|2025-04-11 11:08:28 +0200|dependabot[bot]|Build: Bump com.google.cloud:libraries-bom from 26.58.0 to 26.59.0 (#12733)
85b8fd35958c46a830472a512303e59189ee6e35|2025-04-11 16:43:24 +0200|Rodrigo|Flink: Upgrades Flink Minor versions to 1.19.2 and 1.20.1 (#12745)
13b9391d32401af45825a3bf816d1d61a2ba6a21|2025-04-11 16:54:29 +0200|Georgi Ivanov|Doc: Update hive-quickstart.md (#12746)
3d0f080f4611639bea128850c3b880375246a853|2025-04-11 17:08:34 +0200|GuoYu|Flink: fix rateLimit argument check in TableMaintenance (#12773)
b0c4d91e9194c2d7da7224bd67a9a194fa7b4968|2025-04-12 00:04:50 +0200|GuoYu|Flink: backport fix rateLimit argument check in TableMaintenance (#12776)
6cf4fc13760f59f2e06c1764f7baa63451b6c4b2|2025-04-11 17:43:41 -0500|aeluce|Docs: Add Estuary to docs and vendors (#12764)
97d1107d60b42d29306c663f23f869fc1d439e6b|2025-04-12 09:39:34 -0600|Amogh Jahagirdar|Core: Update RewriteFiles tests to test against V3 (#12777)
e5308e8412e817c072e8f08fc5f3186192dadf0f|2025-04-14 10:54:23 +0200|Tom Tanaka|Spark 3.4: Migrate ExtensionsTestBase-related tests for Partition, Schema and Branch/Tag (#12766)
0ebfd4ce1b982289c0a5f6ae6356c3f154022c25|2025-04-14 15:01:03 +0200|dependabot[bot]|Build: Bump guava from 33.4.6-jre to 33.4.7-jre (#12789)
41237e0214e1f75d12e652a9258a8b4c29a7f072|2025-04-14 15:04:14 +0200|dependabot[bot]|Build: Bump nessie from 0.103.2 to 0.103.3 (#12786)
1e36faac9833df661f7d397f8a4c4554e4f121c7|2025-04-14 18:04:21 +0200|Jordano Mark|Core: Use OutputFile.location(), InputFile.location() in Error Messages (#12755)
6d3b38bc66e71be9924dc56c919a26a1d5de4f70|2025-04-15 09:06:37 +0200|GuoYu|Flink: Move unlock from MemoryLock open to TestCase Before (#12793)
8d1ec91a2e9c6de2b8fb1ccc5dc82ac36f4e1b71|2025-04-15 09:57:12 +0200|GuoYu|Flink: backport move unlock from MemoryLock open to TestCase Before  to Flink 1.19 (#12795)
0aeb574ed35983a1f667b37f475453f9d8f472dc|2025-04-15 12:31:47 +0200|iProdigy|Build: Bump junit to 5.12.2 (#12391)
4587d0083ec1db3ae742a56bb7d97d47e9a93b70|2025-04-15 14:01:53 +0200|GuoYu|Flink: Fix TriggerManager to unlock task execution when previous job left an orphaned lock (#12794)
d7455390ea8d0f51d0604879391a76e540b264b7|2025-04-15 14:58:05 +0200|GuoYu|Flink: Flink: backport fix TriggerManager to unlock task execution when previous job left an orphaned lock for Flink 1.19 (#12801)
913e243d1551932a31a0cd72d2318ee8cf96b0e0|2025-04-15 15:02:38 +0200|GuoYu|Flink: Fix TriggerManager parameter list for recovery tests (#12800)
414b7bc11531647054f333400a74be23982b6270|2025-04-15 17:20:57 -0700|Eduard Tudenhoefner|Spark 3.4: Migrate integration test to JUnit5 (#12796)
9c696f0b84f34edf6c026c9a734a33897520f0c9|2025-04-16 09:32:33 +0200|Talat UYARER|Core: Improve CatalogTests (#12768)
31f1fca74609fdf2fb3009b0544a95b9a7a24d24|2025-04-16 10:26:47 +0200|Dao Thanh Tung|Docs: Update the docs for working with Flink and REST catalog (#12726)
68d833e9adbe8fa8eb68714c2aa85b81a238688f|2025-04-16 10:58:56 +0200|Tom Tanaka|Spark 3.4: Migrate ExtensionsTestBase-related tests for Snapshot manipulation, ChangeLogView and Distribution/Ordering (#12807)
2d63ec4917c97687061bd202b58eb8e9ab7c5144|2025-04-16 12:02:15 +0200|Yuya Ebihara|Core: Fix deprecated FileSystem.isDirectory warning and remove redundant test code (#12805)
c338323b2e9cd8a862fdf328ceacc1b59ea6275a|2025-04-16 13:06:53 +0200|Eduard Tudenhoefner|Core: Test loading table/view with non-existing namespace (#12812)
787b9f0bee7b52b489c3fbb24e01f3f904edaf09|2025-04-16 16:10:15 +0200|slfan1989|docs: Fix pusblished (#12814)
013d09e473faada1a3b21c155964ec4d1254d69d|2025-04-16 16:51:46 +0200|Tom Tanaka|Spark 3.4: Migrate ExtensionsTestBase-related remaining tests (#12813)
8e897f1b68c38c6352f23d636c320e3754d58eef|2025-04-17 07:54:02 +0200|Tom Tanaka|Docs: Add the recommended style for ArrayAssertions (#12820)
5d97ad645c74a1cbcc003e4f33d43c9032588f09|2025-04-17 08:00:39 +0200|slfan1989|Spark 3.5: Use ProcedureInput for SnapshotTableProcedure. (#12783)
c81dda7325f8787d4ecc22dbe7b916e3681b0561|2025-04-17 08:03:23 +0200|slfan1989|Spark 3.5: Use ProcedureInput for MigrateTableProcedure. (#12782)
9fc49e187069c7ec2493ac0abf20f73175b3df89|2025-04-17 16:28:37 +0200|JB Onofré|AWS, Azure, Kafka: Fix versions in LICENSE and NOTICE (#12831)
8348decfd5b2ffeb907f5a0f9a4c36e2404f0c65|2025-04-18 10:06:58 -0700|slfan1989|Spark3.4: Backport ProcedureInput for MigrateTableProcedure And SnapshotTableProcedure. (#12837)
f25e07db6318184272d5c98dede4d268ee5288ab|2025-04-18 10:50:18 -0700|Ryan Blue|Core: Support first-row-id for manifests and manifest lists (#12672)
38b7c090b526dd6a20ffa5ff804d3487565582af|2025-04-18 15:35:17 -0500|Russell Spitzer|Site: Remove Iceberg Summit Link from the Homepage (#12842)
3a29199e73f2e9ae0f8f92a1a0732a338c66aa0d|2025-04-18 18:28:51 -0500|sullis|Core: Use ALL_VERSIONS constant in TestBase (#12748)
edc7f2a5400897499b8e9b63a2e75bafe6be5808|2025-04-19 17:13:46 -0700|Ryan Blue|Spec: Update row lineage requirements for upgrading tables (#12781)
ad6d6cd47458f509e7b395fb7bc7e6bb8cd26318|2025-04-21 10:37:32 -0700|Matyas Orhidi|Flink: Add StreamingStartingStrategy.INCREMENTAL_FROM_LATEST_SNAPSHOT_EXCLUSIVE (#12839)
ab92d6e66b61195a8e9845d3eb592f3e67ae67e1|2025-04-21 11:37:54 -0600|Ryan Blue|Spark: Add _row_id and _last_updated_sequence_number readers (#12836)
cc2e0ff9e9997c1ff473275cf270ce13d8f8b55d|2025-04-21 14:34:24 -0600|Aihua Xu|Spec: Clarify variant lower/upper bounds (#12658)
89e499f997c2a5abcc22ac58b6872e1c807c6db3|2025-04-21 15:16:20 -0600|Ryan Blue|API: Use normalized JSON path to identify Variant fields. (#12835)
5039ad2b4ad83e3416e6abe0f3dcf3de65ba91bf|2025-04-21 19:02:45 -0700|Ryan Blue|Core: Add test cases for row lineage metadata (#12843)
04bb3eed3451522a4ee53daf38b198853844d815|2025-04-22 08:57:19 +0200|slfan1989|Spark 3.5: Add Parallelism Parameter Validation to AddFilesProcedure. (#12784)
12b1f52ea46b423f80c5bd83f7cf1d6b1db519f4|2025-04-22 10:29:44 +0200|Fokko Driesprong|Spec: Allow the use of `source-id` in V3 (#12644)
03864635296c7e7507919d5f1e0514594555fb61|2025-04-22 12:02:05 +0200|slfan1989|Core: Use assumeThat instead of assumeTrue (#12822)
3f661d5c6657542538a1e944db57405efdefea29|2025-04-22 12:03:14 +0200|Tom Tanaka|Spark 3.4: Migrate tests in spark, extensions and functions (#12853)
7dbafb438ee1e68d0047bebcb587265d7d87d8a1|2025-04-22 15:14:07 +0200|Eduard Tudenhoefner|API: Don't check underlying error msg on AIOOBE (#12867)
dbe76d477dc9443a3063fc1b661bd6427a8d9a3b|2025-04-22 14:46:44 -0500|Fokko Driesprong|Site: Add `format/` to site-ci (#12869)
4b131c5eca995c33b2ce67cac1aaf865f1138bd6|2025-04-22 15:09:33 -0500|ccmao1130|Site: Update links to daft docs (#12860)
321e66ffc97349f7221096e15129a7eddb5ab81d|2025-04-23 09:59:40 +0200|slfan1989|Spark 3.4: Add Parallelism Parameter Validation to AddFilesProcedure (#12872)
fc31fd5056b47dd2f3044d2569d7594027de0417|2025-04-23 16:44:56 +0200|Eduard Tudenhoefner|Core: Add test when listing namespaces with a non-existing namespace (#12873)
e996688c56ed980276d1c045d26ecdc18faf2e26|2025-04-23 13:21:24 -0700|Maximilian Michels|Flink: Move v1.20 to v2.0 directory
f5489ae429aa679f80e113b7dfbd128d82f2adda|2025-04-23 13:21:24 -0700|Maximilian Michels|Flink: Copy back v1.20 directory
b6477ed6c3bc0577579c8cc9955f1b8b88da7f3d|2025-04-23 13:21:24 -0700|Maximilian Michels|Flink: Add support for Flink 2.0
d7f8e5400519f84cd2af82d7769713b24e916809|2025-04-23 13:21:24 -0700|Maximilian Michels|Flink: Remove Flink 1.18 support
ee2ffb4e94f166f4ffb371a01050e4fb92474b22|2025-04-24 09:50:42 +0200|Eduard Tudenhoefner|Core: Fix Kryo ser/de with StorageCredential config (#12882)
137965d72d090b4268827607786ccd3c2925bbc5|2025-04-24 15:06:35 -0700|Aihua Xu|Core, Parquet: Add timestamp(9), time, and UUID types for Variant (#12682)
ee70a53bf19c985382dfc9471499f965a5073764|2025-04-24 18:20:48 -0500|Ryan Blue|Spec: Avoid struct field conflicts in default values (#12841)
01fe380d455949abb49ebfecd9509afce8764fae|2025-04-25 09:39:42 +0200|Leon Lin|Core: Ensure reactivated view version uses correct timestamp (#12821)
22d194f5d685fdf5bec17c6bcc92a69db4ae4957|2025-04-25 16:17:10 -0700|Aihua Xu|Parquet: Add variant array reader in Parquet (#12512)
63c489c64db7c9d79c72fd347b4038f937f50fab|2025-04-28 07:54:08 +0200|dependabot[bot]|Build: Bump nessie from 0.103.3 to 0.103.5 (#12902)
20b12b7339628b093c099761d994bf4dbc47d10d|2025-04-28 07:55:18 +0200|dependabot[bot]|Build: Bump testcontainers from 1.20.6 to 1.21.0 (#12904)
423f7034f51d48eb6312533313069bd495218523|2025-04-28 08:14:41 +0200|dependabot[bot]|Build: Bump mkdocs-material from 9.6.11 to 9.6.12 (#12848)
94240f50e358cf4b068c52b56e3a07ec27f1fb6a|2025-04-28 08:24:25 +0200|JB Onofré|Build: Upgrade to Gradle 8.14 (#12898)
346414c0f500ec06f524517d368bdedd4744edf2|2025-04-28 08:25:18 +0200|jackylee|Spark: Use newArrayListWithExpectedSize in NDVSketchUtil (#12907)
ef45c137f53b59ca5caf316df2e0e0e7901cb0ac|2025-04-28 08:25:37 +0200|dependabot[bot]|Build: Bump org.apache.httpcomponents.client5:httpclient5 (#12906)
dc26b72ad016840b79d62bf8a84b7f2109e9b71b|2025-04-28 08:38:25 +0200|Ajantha Bhat|Docs: Release notes for 1.9.0 (#12911)
b0596267abd0d474b00ff41d963244fdaffc08dc|2025-04-28 09:55:45 +0200|Ajantha Bhat|Infra: Add 1.9.0 to issue template (#12913)
b9effd2e7847120c0d376c577e631ce824261850|2025-04-28 14:53:59 +0200|Ajantha Bhat|Infra: Update doap.rdf file (#12918)
68b016cca6ba02781d3e42f43b6bceb414580816|2025-04-28 16:39:52 +0200|Manu Zhang|Core: Increase wait time of flaky test (#12714)
eed6dc7f07308c51a60d7e0a6725aff3da2bd786|2025-04-28 17:54:56 +0200|Matyas Orhidi|Flink: Backport add StreamingStartingStrategy.INCREMENTAL_FROM_LATEST_SNAPSHOT_EXCLUSIVE to Flink 1.19 (#12899)
81f61f4dd2332a7a3b8c80014c60a89becccc493|2025-04-28 18:21:07 +0200|Ajantha Bhat|Docs: Site update for 1.9.0 (#12921)
829ae7a11dc1eb62246c801ce1c7e501356c5463|2025-04-28 10:57:32 -0700|Amogh Jahagirdar|Spark 3.5: Update MERGE and UPDATE for row lineage (#12736)
e1ab42591488f25471a850547da9952aa9de48c2|2025-04-29 12:03:46 +0200|GuoYu|Flink: Add lockFactory open in LockRemover for table maintenance (#12900)
5ed88a5db0ffaea3fdd836c375fdce8d420d5956|2025-04-29 15:43:31 +0200|Ajantha Bhat|Docs: Fix version doc release step (#12922)
242717c8c516dcc49bc4368b77cd3f3af40720c8|2025-04-29 13:48:12 -0700|Aihua Xu|Parquet: Implement Variant array writes (#12847)
0580793c472333ddbe19e043843a0a3384467ea8|2025-04-30 10:56:06 +0200|dependabot[bot]|Build: Bump software.amazon.awssdk:bom from 2.29.52 to 2.31.30 (#12905)
3aac0643c69ecb2120cdc5870a0fac20657bbc36|2025-04-30 10:56:29 +0200|dependabot[bot]|Build: Bump jackson-bom from 2.18.3 to 2.19.0 (#12903)
f7be3a66fa252915f8b2b2b03bf38ba579004a45|2025-04-30 11:34:46 +0200|Tom Tanaka|Spark 3.4: Migrate tests in sql (#12934)
a0d11872444aaadf4227666f8e7d2541ca5b93ba|2025-04-30 12:47:10 +0200|GuoYu|Flink: Backport Add lockFactory open in LockRemover for table maintenance to Flink 1.20 and 1.19 (#12929)
767688a33b1bf0af01e1dd06b141f9b891f8570e|2025-04-30 13:00:08 +0200|Gabor Szarnyas|Docs: Add DuckDB (#12932)
738336b21c268b95811d9ae6b0eeb0bf76728fa5|2025-04-30 16:02:30 +0200|Tom Tanaka|Spark 3.4: Migrate Partition Transform tests (#12941)
90273db514556b1f63e75b9ac7ee7bfcb0498333|2025-04-30 16:03:31 +0200|GuoYu|Flink: Fix typos in JdbcLockFactory (#12940)
bcda1a339eecac1e02758638583771fe24998f54|2025-04-30 16:36:43 +0200|pvary|Spark: Update RewriteDataFilesSparkAction and RewritePositionDeleteFilesSparkAction to use the new APIs (#12692)
5ac19429fa3f63b35a455b695f3c066371afe525|2025-04-30 17:12:54 +0200|GuoYu|Flink: change Preconditions import from flink util to guava (#12939)
d0cf7f53c675c4296e9818da08e3a7270d6c8c77|2025-04-30 11:09:03 -0600|Amogh Jahagirdar|Spark: Update Spark Parquet vectorized read tests to uses Iceberg Record instead of Avro GenericRecord (#12925)
e6003454afff747071591c4f759f88f493ee22f8|2025-04-30 11:22:21 -0700|Aihua Xu|Parquet: Shred variant arrays when element type is uniform (#12933)
bd9353ab0bdd88f588e4e3be5773e25ce52faf51|2025-04-30 21:26:31 -0400|Sung Yun|OpenAPI: Use more clear language in recommending error responses (#12376)
bea3f8b58cebe1458d8edb2172287cae0a04cb38|2025-05-01 07:59:46 -0600|Xiaoxuan|Core: Broaden exception handling in writer clean up logic (#12863)
61e8acecf512d8dd2a72727803e5836ea1099eed|2025-05-01 15:53:18 -0500|Wing Yew Poon|Spec: Remove misleading statement about source-ids (#12948)
696a72c0f88c3af1096e716b196f1609da34e50d|2025-05-02 17:49:23 -0600|Russell Spitzer|API, Build: Explicitly pass version into Git Properties Plugin (#12949)
cb02daf32dc14002a38780724fdc8085b934a184|2025-05-05 08:13:35 +0200|dependabot[bot]|Build: Bump parquet from 1.15.1 to 1.15.2 (#12964)
ed20482ab17a352eeadc6bff8e66f2729eeb83b8|2025-05-05 08:14:19 +0200|dependabot[bot]|Build: Bump org.openapitools:openapi-generator-gradle-plugin (#12966)
0db08b7c697b5a628318254dcb7d758a028819b8|2025-05-05 08:14:32 +0200|dependabot[bot]|Build: Bump software.amazon.awssdk:bom from 2.31.30 to 2.31.35 (#12967)
13aebe5d3120f1f05689b6142cc18a1155ee850a|2025-05-05 08:14:59 +0200|dependabot[bot]|Build: Bump nessie from 0.103.5 to 0.103.6 (#12963)
60def0857dc88d2147f860413efcb6a0415311ae|2025-05-05 11:59:19 +0200|Tom Tanaka|Spark 3.4: Migrate sql tests to JUnit5 (#12945)
f9bfec36d13f4965b75d508d81bffce9fc6645ff|2025-05-05 12:19:55 +0200|dependabot[bot]|Build: Bump datamodel-code-generator from 0.28.5 to 0.30.1 (#12961)
d2806b4d8831238c79e35e76e0b76e046436d42a|2025-05-05 15:39:49 +0200|Subhash|Docs: Incorrect property in CREATE CATALOG for Flink (#12894)
af32a07f4609b0b8f7ae62cf05565affd5f33c29|2025-05-05 11:22:53 -0500|Xi Chen|Data, Spark 3.4, 3.5: Add flag to handle missing files for `importSparkTable` (#12212)
7f3f450bbddf55bb383ff1409d6d0ca4557c9ffc|2025-05-05 10:08:14 -0700|ggershinsky|Spec additions for encryption (#12162)
a214e9bc23a525f8ddaa53f4a77aa574ff7dd939|2025-05-05 14:21:58 -0700|Anton Okolnychyi|Spec: Update partition stats for V3 (#12098)
84741867b9220f47b8e9a83edfb1be14d40cbefc|2025-05-05 16:29:39 -0600|Eduard Tudenhoefner|AWS, GCP: Deprecate passing FileIO properties through constructor (#12972)
cbf2695e951847eca46ba732cd2135876b483cdb|2025-05-06 10:05:31 +0200|pvary|Flink: Maintenance - RewriteDataFiles (#11497)
47f8ae8d724955699c613fbffaf51857f0b08a7a|2025-05-06 10:51:15 +0200|dependabot[bot]|Build: Bump net.snowflake:snowflake-jdbc from 3.23.2 to 3.24.0 (#12965)
1e944650fcd4718dc6a8bccc34946871bbe13726|2025-05-06 11:09:35 -0500|Russell Spitzer|API, Core: Add deleteFile to RowDelta API (#12861)
92d89dc912d3bf2ae70fb2f3e1eb41d091772cdb|2025-05-06 11:13:40 -0700|Ryan Blue|API, Core: Add table metadata keys for encryption (#12927)
a04c532650156c0e3cb0de56cee48ddfb8e8fd2a|2025-05-06 15:53:57 -0700|Akhil Lawrence|Core: Enable HTTP proxy support for the client used by REST Catalog (#12406)
4bb60aa0bc873c15e4446a0960d381d24fcbe8be|2025-05-06 22:52:15 -0700|Gyula Fora|Flink: Backport Maintenance - RewriteDataFiles to Flink 1.19
27e73fea23dcf39185da0dba2e3b9e3ef5f3254b|2025-05-06 22:52:15 -0700|Gyula Fora|Flink: Backport Maintenance - RewriteDataFiles to Flink 2.0
94ba295960a5da1ce87c35a1e28353f4a71ccd72|2025-05-07 08:57:45 +0200|Huaxin Gao|Build: Bump Comet from 0.5.0 to 0.8.1 (#12974)
9fb80b7167e58a2daef80f4a1a09f223b870c030|2025-05-07 09:05:42 +0200|Devin Smith|Core: Disallow creation of invalid PartitionSpec (#12887)
c4afd783d389f7d87b4b6354c814363a33604895|2025-05-07 09:03:40 -0500|Ryan Blue|REST Spec: Remove update to enable row lineage (#12986)
3bb6a25ccd34c4bd3e31abc7ad99d26b9cf3557e|2025-05-07 09:16:55 -0500|Ryan Blue|Spec: Update v3 summary, add row lineage (#12982)
a00658b7337837847e5ec657b2f4736094077afe|2025-05-07 08:33:15 -0600|Manu Zhang|Docs: Mark Spark 3.3 as End-of-Life since 1.9 (#12989)
176a6c6b824065771c5ac5f8e797d0bd6ed3508c|2025-05-07 16:37:36 +0200|gaborkaszab|Spark 3.4: Update RewriteDataFilesSparkAction and RewritePositionDeleteFilesSparkAction to use the new APIs (#12980)
c730c0b16d384912881b7be9abfbb2be101d462f|2025-05-07 08:09:44 -0700|Eduard Tudenhoefner|Build, Core: Let RevAPI compare against 1.9.0 / Fix API breakage around StorageCredential (#12930)
542a4d764683695217dc7741aec9887e1f947e8c|2025-05-07 17:35:04 +0200|Eduard Tudenhoefner|GCP: Support multiple storage credential prefixes (#12881)
8cf996188a61288964b0e840a705eeb20214bb33|2025-05-07 12:53:39 -0600|Manu Zhang|AWS, Core, Flink, Parquet: Remove deprecations for 1.10.0 (#12909)
ad7f5c439b8392bd13d6376050e21330c2dfeced|2025-05-07 23:18:25 -0600|Huaxin Gao|Spark: Spark 4.0 initial support (#12494)
ada3d12b4e02f8c9579c708fffb4711c52bc434c|2025-05-08 07:31:29 +0200|Tom Tanaka|Spark 3.4: Migrate source and spark tests to JUnit5 (#12998)
df866c51af8f99d213037f0bd49b1d7dd061f7b5|2025-05-08 07:32:47 +0200|Dongjoon Hyun|ORC: Upgrade ORC to 1.9.6 (#13003)
809a2327f15dd0f5f9a20f43b3dbb1632bb00828|2025-05-08 11:16:45 +0200|Tom Tanaka|Spark 3.4: Migrate SparkCatalogTestBase related tests to JUnit5 (#13007)
bed88a38d5624d4062f0679e918780d1a1461834|2025-05-08 12:03:14 +0200|Ajantha Bhat|Core: Refactor and use InternalData for partition stats (#12946)
9c8c431f830ed1f413abc355a316b73271385ccf|2025-05-08 16:10:00 +0200|sundyli|Docs: Add Databend link (#13002)
a5bcacd979dc9ac70be3d7e5b93bb967ff04f71a|2025-05-09 09:51:33 -0600|Huaxin Gao|Revert "Spark: Spark 4.0 initial support (#12494)"
582d151de46d1a980e789b1746e97e05ebe3b618|2025-05-09 17:15:55 -0400|Marc Cenac|Update ADLS implementation status (#13020)
97c0e136b8021058897cab7539e3ef89ce5a0341|2025-05-09 15:29:04 -0700|Szehon Ho|Spec: Clarify behavior of special geo objects for lower/upper bounds (#12956)
8976bc5fd9b39f4d079e6e5d66749dee8d4c423f|2025-05-12 10:15:26 +0200|Tom Tanaka|Spark 3.4: Migrate SparkTestBaseWithCatalog related tests to JUnit5 (#13015)
951ba965a7cab8f5bc7270faac7b4cf444e2d14e|2025-05-12 12:33:14 +0200|Tom Tanaka|Spark 3.4: Migrate SparkTestBase related tests to JUnit5 (#13031)
fa1d860603235c610c78a83b7f4cb5ef986f2b3a|2025-05-12 14:43:36 -0500|Guy Khazma|Docs: Add Spark SQL Configurations (#12931)
acf56af529743324647c5657fa53f040ed909d1e|2025-05-12 14:49:44 -0500|Amogh Jahagirdar|Parquet: Fix to ensure that last updated sequence numbers for V2 and earlier tables are null (#13001)
4735142fbff1f06ed8c1e1fb5edcde172441edd4|2025-05-12 22:10:07 +0200|dependabot[bot]|Build: Bump mkdocs-material from 9.6.12 to 9.6.13 (#13029)
7217fb44635f5ef2794b0cb39cc8c893452092ea|2025-05-12 13:24:51 -0700|Ryan Blue|REST spec: Add encryption keys (#12987)
d04be9b6df0e4bc59bceb6a80c2b828d5318d270|2025-05-12 16:06:22 -0700|huaxiangsun|Add table property to disable/enable parquet column statistics #12770 (#12771)
6c29507008f3cdda206709dc2be16cb40c1c6173|2025-05-13 09:04:53 +0200|Manu Zhang|Docs: Fix links to javadoc (#12880)
630bf0d33b11f55d1702a54759227bb07d5cd7fc|2025-05-13 12:19:54 +0200|Manu Zhang|OpenAPI: Add retries when finding free port for REST server (#13017)
5d2230ead79da64a8c871a02eb1304a94aaece5c|2025-05-13 14:42:11 +0200|Tom Tanaka|Spark 3.4: Migrate tests in spark.data including refactoring Spark 3.5 tests (#13038)
8facdafc37ab586459ce7d7f57d9135cb4177765|2025-05-13 09:44:40 -0700|Talat UYARER|Catalog: Add BigQuery Metastore Catalog Support (#12808)
ba75a11ebec01e6661544d5c85df5448bb676a69|2025-05-13 19:03:15 +0200|Tom Tanaka|Spark 3.4: Migrate tests in spark.source including refactoring Spark 3.5 tests (#13040)
d2124f2771e6e200ef50d98316bb2b01f46ed29a|2025-05-13 14:25:05 -0700|Manu Zhang|Spec: Note position delete files are only deprecated in v3 (#12983)
aaba2a33476e3638d05b16aee040a8f5add41148|2025-05-14 08:35:56 +0200|B Vadlamani|Nessie: Throw a NoSuchNamespaceException when listing a non-existing namespace (#12901)
4ea7f9342401860e6f4cd54fdd124f1025f93794|2025-05-14 09:27:45 +0200|Tom Tanaka|Docs: Add Delete Granularity option to write configuration (#13046)
d44cba57c859fef04eec1dcc26838b6331c33702|2025-05-14 10:00:07 +0200|Tom Tanaka|Spark 3.4: Migrate other JUnit 4 dependant tests to JUnit 5 (#13044)
0aab58191ab34b04e98edce6a03494796583c2fb|2025-05-14 16:00:38 +0200|Yuya Ebihara|Arrow: Avoid deprecated ArrowType.Decimal constructor (#13051)
d94b09b4314df114e63279f04ead29f0933615f4|2025-05-14 16:12:15 +0200|Ajantha Bhat|Core: Support incremental compute for partition stats (#12629)
b050efce833e2367ba05bc737662d98a1159ec92|2025-05-14 17:01:45 +0200|dependabot[bot]|Build: Bump com.google.cloud:libraries-bom from 26.59.0 to 26.60.0 (#13026)
c882e39823fb22e7cd6e5a71dae2e9bbd1a3540d|2025-05-14 17:02:19 +0200|dependabot[bot]|Build: Bump io.netty:netty-buffer from 4.2.0.Final to 4.2.1.Final (#13028)
268661af252174ab265cb65b18f1e5fe98eb4f59|2025-05-14 22:09:02 +0200|Maximilian Michels|Flink: Add DynamicRecord / DynamicRecordInternal / DynamicRecordInternalSerializer (#12996)
cb33ec16d0811c5a39be7e1d4f854742478c2fbb|2025-05-14 15:34:11 -0500|Ajantha Bhat|Common: Reduce visibility of deprecated method since 1.7.0 (#13053)
71cbe17cea5cac567920779de924eba62432934b|2025-05-14 16:31:44 -0600|huaxingao|Spark: Move 3.5 as 4.0
8353ac8f80799495cfdc32dd37222ed1b8d8070f|2025-05-14 16:31:44 -0600|huaxingao|Spark: Copy back 4.0 as 3.5
6c98a9e470d44f77e1939a1a333bf197a57949a6|2025-05-14 16:31:44 -0600|huaxingao|Spark: initial support for Spark 4.0
66b60b7b5c555fc744d53e7567771624f90ee9db|2025-05-15 08:41:34 +0200|Eduard Tudenhoefner|Build: Remove JUnit4 dependency (#12938)
31c315f695aad544a096a5a2ffdde54a97b90b28|2025-05-15 10:20:04 +0200|GuoYu|Flink: Support zookeeper lock in TableMaintenance (#12810)
a25f9938caa0cc021ce6403baf051fe8412f5401|2025-05-15 12:28:52 -0600|hari|[SPARK] Fix add_files type conversion exception and incorrect partition value when handling null partitions (#12886)
cbbc8728e2bb5ee1f32d587dd99bb44384f8b799|2025-05-16 07:47:49 +0200|Talat UYARER|Core: Use baseTableLocation() instead of hardcoded table location in CatalogTests (#13071)
8511a37ce4a7075592da37575f4239d34c29101a|2025-05-16 20:44:23 +0200|GuoYu|Flink: Backport support zookeeper lock in TableMaintenance (#13063)
acffd4dc5d65303ab71d9a65903891b7b0c249b1|2025-05-16 13:49:43 -0500|Julien Guitton|Kafka Connect: Add BigQuery Metastore catalog (#13041)
b050314a035f7916667e8441de6f100eafcc9ddb|2025-05-16 21:01:00 +0200|GuoYu|Flink: Fix watermark no pass in TaskResultAggregator (#13069)
c2478968e65368c61799d8ca4b89506a61ca3e7c|2025-05-16 21:06:21 +0200|B Vadlamani|Core: Add max files rewrite option for RewriteAction  (#12824)
b08b241aa39db61de9b5466bfe781f43c10b4036|2025-05-18 16:33:09 +0200|dependabot[bot]|Build: Bump mkdocs-material from 9.6.13 to 9.6.14 (#13090)
a44ec8d1c325f5f0e062e2ceefa7ee044cc956ce|2025-05-18 22:14:26 -0700|Anton Okolnychyi|Spec: Clarify writer requirements to prevent orphan DVs (#13042)
1b30216307a73793528a56623919e5b7ec8a29bf|2025-05-19 08:17:58 +0200|Russell Spitzer|API: Reorder as() calls in Tests (#13083)
a491ce93568b71a2f7ced839a345c6b86d8300df|2025-05-19 08:18:16 +0200|dependabot[bot]|Build: Bump software.amazon.awssdk:bom from 2.31.35 to 2.31.45 (#13088)
a654f3f91c770a96aa81c31f17274d9391d8f7fc|2025-05-19 08:19:16 +0200|dependabot[bot]|Build: Bump nessie from 0.103.6 to 0.104.1 (#13025)
4ca3f10832907540eee798236fa401eb07c7e7df|2025-05-19 13:25:31 +0200|GuoYu|Flink: Backport fix watermark no pass in TaskResultAggregator to Flink 1.19 and 1.20 (#13085)
a7f3dc79a2f42a4875ac35eec2137ecff15204fc|2025-05-19 12:01:40 -0500|hsingh574|Core: Copy ByteBuffers when Copying GenericRecord(#12855)
dfa5a979437783877e0f4aedfb62943d4cfcdf8e|2025-05-19 21:58:15 -0600|Tom Tanaka|Spark 4: Migrate tests implementing SparkCatalogTestBase to Junit5 (#13096)
09a531740ccec41d69c166ec484be6da16a09947|2025-05-20 14:38:17 +0200|B Vadlamani|Spark, Flink: Backport add max files rewrite option for RewriteAction (#13082)
8a38f5ae2b5167277785494b9a48d9abd38330fe|2025-05-20 13:44:06 -0700|Wing Yew Poon|Spark 3.5: Structured Streaming read limit support follow-up (#12260)
018710edd56652e915fe858cba512b3064efcfa9|2025-05-21 09:18:13 +0200|Leon Lin|Parquet: Fix redundant type conversion in parquet schema (#13114)
6550486f0c640e15bb7c4d6c16b087397656213e|2025-05-21 17:27:38 +0200|Wing Yew Poon|Spark 3.4: Structured Streaming read limit support follow-up (#13099)
e139dbc7eea9ff7248ba0d504d498cf205ff3a35|2025-05-21 09:08:03 -0700|Steven Wu|Build: increase gradle jvm heap size from 1 GB to 1.5 GB.
1911c94ea605a3d3f10a1994b046f00a5e9fdceb|2025-05-21 09:39:48 -0700|Wing Yew Poon|Spark 4.0: Structured Streaming read limit support follow-up (#13095)
91dff9886e6e6c494f6a970129f4c08487c98a0d|2025-05-22 13:39:47 +0200|Dhruv Pratap|Parquet: Log corrupted parquet filenames to trace bad nodes that may have written them. (#13108)
14493784a6d59d7d1dfee84fe619fe349518e537|2025-05-22 10:11:45 -0600|Eduard Tudenhoefner|AWS: Support multiple storage credential prefixes (#12799)
0379c434e0955a51eb7a70e75217621d76de15b9|2025-05-23 10:40:23 +0200|emkornfield|Spec: Add details on GZIP compressed metadata files (#12598)
d32ba358c0976a58229ca62dc175e15b16fda619|2025-05-23 10:58:27 +0200|JeonDaehong|Flink: Remove the MiniClusterWithClientResource dependency (#13021)
b47f207d1fd14dedb9378c0642153f5b03f98b37|2025-05-23 14:54:18 +0200|Ajantha Bhat|Docs: Update spec version for write modes (#13138)
793f6cd062c75cc72f6ae6e42840d290cb1b68f0|2025-05-23 14:56:36 +0200|Devin Smith|AWS: Skip cleanup of analytics accelerator when disabled (#13134)
419284989b4712e3d7e461d78eb3bf0cd247e87c|2025-05-23 15:43:34 +0200|GuoYu|Flink: Fix npe in TaskResultAggregator when job recovery (#13086)
b504f9c51c6c0e0a5c0c5ff53f295e69b67d8e59|2025-05-23 17:06:06 -0500|Huaxin Gao|Spark 4.0: Bump to Official Release
e95d778c79212e99ea0b75e8bf93ff2d9c162b7b|2025-05-26 09:18:36 +0200|GuoYu|Flink: Backport fix npe in TaskResultAggregator when job recovery (#13140)
dd7fa01bd5ac35532029bd98d785ea4b42f0def2|2025-05-26 13:10:40 +0200|Sanjay Marreddi|AWS: Close the S3SeekableInputStreamFactory before removing from cache (#12891)
5a096b764fa88e4a71d0d53e90aaa58ecb6d6db8|2025-05-26 16:56:15 +0200|Víctor Ramírez|Docs: Add Tinybird to the list of vendors and blog posts (#13128)
69b0bb05aa5747587e7c7fb7658dae7b600a2ce6|2025-05-27 14:25:45 +0200|JB Onofré|Build: Upgrade to Gradle 8.14.1 (#13149)
d8d9753eb69bbefeb6cd4ac4d085ee2f4285a345|2025-05-27 14:26:12 +0200|dependabot[bot]|Build: Bump com.palantir.gradle.gitversion:gradle-git-version (#13144)
0e9b364fe23175c4b454fdc788cf2ae662616a68|2025-05-27 14:26:35 +0200|dependabot[bot]|Build: Bump software.amazon.awssdk:bom from 2.31.45 to 2.31.50 (#13148)
2b3559b45459e8082d321a35615523e907204ef0|2025-05-27 14:27:42 +0200|dependabot[bot]|Build: Bump org.apache.httpcomponents.client5:httpclient5 (#13147)
d46acf9147b239a91d03e221fb5f6d44c1c70c49|2025-05-27 14:28:08 +0200|dependabot[bot]|Build: Bump com.google.cloud:libraries-bom from 26.60.0 to 26.61.0 (#13146)
52a72dea81c2cbc9be2215ea25d83f59c25dfa76|2025-05-27 11:33:01 -0700|Steven Zhen Wu|Core, AWS, Spark: use loopback address explicitly in tests to work in more restrictive firewall env on dev machines (#13101)
cab0decbb0e32bf314039e30807eb033c50665d5|2025-05-27 14:50:22 -0700|Prashant Singh|REST Spec: Add row lineage fields (#13010)
c3eaaf5c885039f0d6fc02c4548861a8dba7182a|2025-05-28 14:37:13 +0200|JeonDaehong|Flink: Backport remove the MiniClusterWithClientResource dependency (#13165)
6be7cd76e368330e50fe1f57d986c4c2cb0087a0|2025-05-28 16:03:54 +0200|Manu Zhang|Docs: Fix Flink upsert doc on equality fields requirement (#13127)
e2de07bac35e9890613bfa2bb22c935f348faa32|2025-05-28 09:35:14 -0700|Wing Yew Poon|Spark 3.4: streaming-skip-overwrite-snapshots fix (#13168)
8eb476f4b8cd918ec62ec3470b47d6da3204fd1c|2025-05-28 15:18:07 -0500|Russell Spitzer|Infra: Set Latest Release to  1.9.1 (#13177)
4e0207ad10cc5f770bfbfcddd5ff4107abcca896|2025-05-28 15:22:11 -0500|Russell Spitzer|Site: Updates for 1.9.1 Release (#13176)
2ada622509ad1e57c9df70016875c8bbf119cb95|2025-05-29 13:20:49 +0200|Ajantha Bhat|Core: Fix incremental compute of partition stats for various edge cases (#13163)
4927610d1d29f9c5e9370d2c2e514631e1fa6465|2025-05-29 08:33:27 -0600|Prashant Singh|Core: Avoid table corruption from 409 on self conflicts after 5xx retries by throwing CommitStateUnknown (#12818)
0ae93940771bed2191d94c77ae1d24597edcd46f|2025-05-29 10:22:37 -0500|Ajantha Bhat|Spec: Mark version 3 as completed (#13175)
0f3257c59bdf98e8cce89d430ce4f70336017134|2025-05-29 19:34:08 +0200|dependabot[bot]|Build: Bump kafka from 3.9.0 to 3.9.1 (#13145)
ff4799afcd279dfdb3bd051bb0d4ffc9cd861575|2025-05-29 12:48:50 -0500|Aihua Xu|API: Add Variant toString for time/nano timestamps type (#13151)
a8b42450d17df355c05554b38e4821f2de1d8eab|2025-05-29 12:51:14 -0500|Devin Smith|AWS: Configure Default s3Async credentials the same as s3 (#13132)
3469cf30f2d839763813596e3f0c66ed16189c9a|2025-05-29 13:24:26 -0500|Ben Hannel|API: Make PartitionSpec.Builder::identity public (#12975)
8192a6cd8343e3212c22159771e677e22d223c9b|2025-05-30 15:38:58 -0700|drexler-sky|Spark 3.5: Update to Spark 3.5.6 (#13142)
a5a0b8af84362edd876ab88d377c6a608d634098|2025-05-31 09:56:29 -0700|Steven Zhen Wu|Spark: clean up obsoleted/unused writer classes (#13193)
2cdff366982b30685f6410c290cbd16aed274caf|2025-06-01 14:25:36 -0400|Matt Topol|chore: Update status.md (#13182)
ee82cdf287a304deb58b07aa44cefdad5f9c90da|2025-06-02 10:51:48 +0200|Bhargavkonidena|Docs: Reorganize Spark Time Travel Doc (#13113)
4218554f37fc183d8a312c52487cf84338c392f7|2025-06-02 14:07:54 +0200|Jiajia Li|AWS: update test cases to verify credentials for the prefixed S3 client (#13118)
a4b2a0dab092821d4843749b8abc30208622e164|2025-06-02 14:55:29 +0200|Russell Spitzer|API, Core: Rename RowDelta deleteFile() to removeRows() (#13184)
08bed1303ef28e8b15bd2f395e6cb51afedffec1|2025-06-02 20:41:10 +0200|dependabot[bot]|Build: Bump testcontainers from 1.21.0 to 1.21.1 (#13199)
7537c3c3a2a6491abcf0c3ef58cc4d5dc6ac4bae|2025-06-02 22:01:40 +0200|dependabot[bot]|Build: Bump guava from 33.4.7-jre to 33.4.8-jre (#12851)
9fa50f3b82b321a98698c07977096d1638a9b185|2025-06-02 22:51:03 +0200|dependabot[bot]|Build: Bump com.google.errorprone:error_prone_annotations (#12852)
1d8b91a345175ab09a69cf0ea8d74c6cb297ee87|2025-06-03 07:45:57 +0200|Prashant Singh|Build, Core: Move assertions to AssertJ / Fix checkstyle rules (#13213)
73758ed9a7acb8b47b63ad68a01cfe9dbe50ff79|2025-06-03 07:47:34 +0200|Ning Kang|Core: Catch IAE when decoding JWT (#13192)
e5b97d34495f26ba5854a01be5471063e18c5854|2025-06-03 07:49:18 +0200|Jayanth Kumar M J|Hive: Throw NSNE when listing a non-existing namespace (#13130)
ee1dea0a4995c61c48f2df889a77b9a19ffff02d|2025-06-03 07:52:26 +0200|Elphas Toringepi|Docs: Add column descriptions for entries metadata table (#13104)
f9cc62eb0d98e360b452a3ab8fdc6efdc4969f6e|2025-06-03 13:45:06 +0200|Wing Yew Poon|Arrow: Reduce code duplication in VectorizedParquetDefinitionLevelReader (#11661)
a1a9ba12301320692887e88ee24879089ce724fc|2025-06-03 15:55:40 +0200|Tom Tanaka|Docs: Add custom table location description for Flink (#13214)
8e803312cf823fd76bdd3bc8ecfb3f6dbaddc542|2025-06-03 17:01:11 +0200|Ziyan|Spark: Remove dependency on hadoop's filesystem class from remove orphan files (#12254)
959351677b96bace2852154bcb49098538a87981|2025-06-03 15:00:49 -0400|Elphas Toringepi|Core: Improve pagination logic to handle null pageToken (#13129)
4755b76d2d1edeb727657b0d9941f7df7066f7c9|2025-06-03 21:48:42 +0200|dependabot[bot]|Build: Bump org.apache.hadoop.thirdparty:hadoop-shaded-guava (#12684)
931865ecaf40a827f9081dddb675bf1c95c05461|2025-06-03 13:32:46 -0700|Rodrigo|Flink: port range distribution to v2 iceberg sink (#12071)
12605226736312970d787e704d4b7352a2bc2c1c|2025-06-04 07:35:53 +0200|Maximilian Michels|Flink: Dynamic Iceberg Sink: Add table update code for schema comparison and evolution  (#13032)
b38573dcfb4a5467a70c28573a2d39874718a2a1|2025-06-04 10:49:18 +0200|Eduard Tudenhoefner|Core: Add basic classes for writing table format-version 4 (#13123)
5b62fecde3158cf43f90ad40af40091d2d13b6c3|2025-06-04 12:08:52 +0200|Manu Zhang|Spark: Fix flaky testParallelPartialProgressWithMaxFailedCommitsLargerThanTotalFileGroup (#13208)
73802f63c5d3c57349c92ff8112692ec4b67e897|2025-06-04 14:07:16 +0200|Rodrigo|Flink: Backport IcerbegSink RANGE distribution to Flink 1.19 and 2.0 (#13228)
b8cc8eb846e70e49ca596864a5975641a04b65c4|2025-06-04 14:52:29 +0200|Maximilian Michels|Flink: Dynamic Iceberg Sink: Add dynamic writer and committer (#13080)
b3adeb12e21c56d742c408f67c3cdb96b3e02ff0|2025-06-04 11:17:07 -0700|Bryan Keller|[REST] Add option to configure TLS settings in REST client (#13190)
3e478d2feb603e8871016b805b1e715838cad516|2025-06-05 08:23:37 +0200|Wing Yew Poon|Docs: Document DataFrame API support for MERGE INTO in Spark 4.0 (#13231)
809e4d8a7472b8e5d48e0a598fd0dd6b7bf018da|2025-06-05 09:12:53 +0200|Lea Fester|Docs: Add Redpanda to vendor-related documentation (#13242)
4079a4fbb8c49a020d8f0237bec506c1bbc4bbdd|2025-06-05 11:57:48 +0200|GuoYu|Flink: Support compact in iceberg sink v2 (#12979)
1996ff9f80e5c1df7cd114efc7864f4f6a38fa02|2025-06-05 14:46:39 +0200|Maximilian Michels|Flink: Backport add DynamicRecord / DynamicRecordInternal / DynamicRecordInternalSerializer to Flink 1.19 / 1.20 (#13246)
6c9e641968e7169da3aa63881031c40e73ac6003|2025-06-05 16:46:25 +0200|Maximilian Michels|Flink: Backport Dynamic Iceberg Sink: Add table update code for schema comparison and evolution to Flink 1.19 / 1.20 (#13247)
e631db69abbd43af687715e8634a46454742cdd1|2025-06-05 16:47:18 +0200|Maximilian Michels|Flink: Backport Dynamic Iceberg Sink: Add dynamic writer and committer to Flink 1.19 / 1.20 (#13248)
d3ebea5ada4e8ccf1308d22c44051e90ee1bf651|2025-06-05 12:26:59 -0600|Eduard Tudenhoefner|AWS, GCS: Fix issue with Kryo and empty immutable collections for storage credential (#13216)
73b179c3c130e54499d45a9203f63b58cc38e552|2025-06-05 16:00:36 -0700|Amogh Jahagirdar|Spark 3.5, Arrow: Support for Row lineage when using the Parquet Vectorized reader (#12928)
78156e7f4c829880ad1c62f35588c0a57d5ff18b|2025-06-05 18:44:49 -0700|Wing Yew Poon|Spark 4.0: Add a test for DataFrame API support for MERGE INTO (#13230)
b4f5da906ea31ec16e322b3ab97c8fd79cbf2b22|2025-06-06 12:52:34 +0200|GuoYu|Flink: Backport support compact in sink v2 to 1.19 and 2.0 (#13250)
7b510ad48dc48639aa429c047b2b18d8c6555f80|2025-06-06 14:48:47 +0200|Nándor Kollár|API, AWS, Azure, Core, GCP: Use parametrized tests for Kryo/Java serialization verification (#13244)
d59ea1ea842df86c93edc022e4f364cf4764cb2d|2025-06-06 19:25:50 -0400|Om Kenge|Docs: Remove obsolete version attribute in quick start docker-compose.yml (#13139)
e2da23c0cd53a46e28a59149f6199c235668315f|2025-06-06 19:31:12 -0400|Jerry Chen|Docs: use latest minio client command configuration parameters (#13221)
5b40f9f88f8ca8d76f9b57a66ae701a1c918681c|2025-06-07 09:19:46 +0200|JB Onofré|Build: Upgrade to Gradle 8.14.2 (#13259)
aae14bee61a26ab4f8a89651ead0a14fdcfe2c19|2025-06-08 21:51:51 +0200|dependabot[bot]|Build: Bump openapi-spec-validator from 0.7.1 to 0.7.2 (#13275)
d1027fc6456b7a98f6e421f259a4018b71796c05|2025-06-08 23:35:41 +0200|dependabot[bot]|Build: Bump datamodel-code-generator from 0.30.1 to 0.30.2 (#13274)
77c2f4484ef169872192eda20bf82c8d859d7104|2025-06-10 11:00:51 +0200|GuoYu|Flink, Spark: Backport ThreadPools introduce newExitingWorkerPool and newFixedThreadPool for clearer semantics to Flink 1.19 and Spark 3.4(#13265)
7b8bd29ce80bc78ed882f0613f7570e78e325988|2025-06-10 11:07:18 +0200|Ziyan|Spark: Port prefix listing option in remove orphan files to Spark 3.4 and Spark 4.0 (#13264)
76972ef77b96f864712bdde2749a170f9494b001|2025-06-11 17:52:56 +0200|Maximilian Michels|Flink: Dynamic Iceberg Sink: Add HashKeyGenerator / RowDataEvolver / TableUpdateOperator (#13277)
f5eab59c923ca262ab9a86d41e509a56afe6a421|2025-06-11 10:15:48 -0700|hsiang-c|View Spec: Fix engine-version key in the JSON example (#13292)
ee93ffb591a7a1e64179e2de38f1edf899b34d52|2025-06-11 20:09:06 +0200|dependabot[bot]|Build: Bump io.netty:netty-buffer from 4.2.1.Final to 4.2.2.Final (#13273)
e141ff73b8572522cefaeba182d4b802ec96d1a5|2025-06-12 12:55:55 +0200|Maximilian Michels|Flink: Backport dynamic Iceberg Sink: Add HashKeyGenerator / RowDataEvolver / TableUpdateOperator to Flink 1.19 / 1.20 (#13303)
a8d111eaa7bfb3f98a236578cee3b2ff14b7b338|2025-06-12 11:39:51 -0400|Raman Yelianevich|Docs: Fix list rendering and typos (#13214) (#13267)
26d5c1c4f856d15630898abc476ac8c6c191b4a2|2025-06-12 10:52:00 -0700|Kyle Lin|Docs: Fix broken links in Flink Configuration documentation (#13288)
62d9ff5d043a5571efe020b9177998ae763a41a0|2025-06-12 20:50:07 -0700|Hongyue/Steve Zhang|Spark: RewriteTablePath should filter returned content files by snapshotId (#12885)
17f9a9fd28bbcb37745f13ebfcd57cd5a96e0a5d|2025-06-13 12:08:33 -0700|Prashant Singh|REST: Add property for configuring user agent in http client (#13234)
a0d9f067283c6bd01b6c00ae26a59d0cbaa4e41b|2025-06-15 08:36:00 +0200|dependabot[bot]|Build: Bump software.amazon.awssdk:bom from 2.31.50 to 2.31.63 (#13316)
b196aeec0dd6b280376f666e7d5d8546103017d0|2025-06-15 09:11:27 +0200|dependabot[bot]|Build: Bump datamodel-code-generator from 0.30.2 to 0.31.0 (#13319)
24cb139b15e509dbd0864c8c5f90a77b1cea8503|2025-06-15 09:12:13 +0200|dependabot[bot]|Build: Bump org.xerial:sqlite-jdbc from 3.49.1.0 to 3.50.1.0 (#13318)
077af5fec20b662113beb42c1744e1ca79943204|2025-06-15 09:14:38 +0200|dependabot[bot]|Build: Bump jackson-bom from 2.19.0 to 2.19.1 (#13315)
d6b52149de1d3344a23a811a361b1e50060658f6|2025-06-16 09:25:36 +0200|dependabot[bot]|Build: Bump io.delta:delta-spark_2.12 from 3.3.1 to 3.3.2 (#13205)
d0b90c540d64112eff7cc856fddaccdd184bd91a|2025-06-16 09:30:08 +0200|dependabot[bot]|Build: Bump com.google.cloud:libraries-bom from 26.61.0 to 26.62.0 (#13317)
1456c69aa17fedc26717d67c1dc64c5888b8c986|2025-06-16 10:35:02 +0200|dependabot[bot]|Build: Bump io.delta:delta-standalone_2.12 from 3.3.1 to 3.3.2 (#13202)
7ceb7402ad076b671131ad0e757d7c9a5420ea84|2025-06-16 11:18:30 +0200|dependabot[bot]|Build: Bump net.snowflake:snowflake-jdbc from 3.24.0 to 3.24.2 (#13200)
3ed8184387e92af3b0bfdfc92f439dba9fe37b9d|2025-06-16 13:41:03 -0700|Rodrigo|Flink: If IcebergSink writeParallelism is not specified, defaults to the input source parallelism (#13260)
67f550e7ee7e11272e8e4c3fe18a4f1f68a95dc9|2025-06-16 23:50:31 +0200|Zach Schumacher|docs: Fix typo in `spark-procedures.md` (#13325)
7dc4a66b423d0b8d05e4c9d5f8669a92480ee11d|2025-06-16 14:53:47 -0700|Rodrigo|Flink: Backports #13260 to Flink 1.19 and 1.20 (#13326)
68651a34987ebd66422fe79ceaff9f987f32d6d6|2025-06-17 17:20:15 +0200|Maximilian Michels|Flink: Dynamic Iceberg Sink: Add sink / core processing logic / benchmarking (#13304)
0eb9728a466de3c419a5db68f80028b5c09ce76e|2025-06-17 11:06:14 -0700|ChaladiMohanVamsi|AWS, GCP: Fix double-checked-locking pattern in S3FileIO, GCSFileIO. (#13276)
5b50afe8f2b4cf16af6c015625385021b44aca14|2025-06-17 16:25:58 -0500|Prashant Singh|Core, REST: Add context aware response parsing (#13191)
81b74fc0b9c7cc9247588438f0740797d7c26e76|2025-06-18 16:06:19 +0200|Maximilian Michels|Flink: Backport dynamic Iceberg Sink: Add sink / core processing logic / benchmarking to Flink 1.19 / 1.20 (#13341)
cea7f9c8299970eb45cb7fad05a3c414e70b15e3|2025-06-18 16:10:23 +0200|Maximilian Michels|Flink: Dynamic Iceberg Sink: Rename method in DynamicRecordGenerator (#13342)
fa162de0151121adbec33cbbdd029e6f61da762b|2025-06-18 20:02:11 +0200|Denys Kuzmenko|Core: PartitionsTable#partitions returns incomplete list in case of partition evolution and NULL partition values (#12528)
e47351980fe8805769ffcaa07016c7fb79e12a5a|2025-06-18 22:03:29 +0200|Maximilian Michels|Flink: Backport dynamic Iceberg Sink: Rename method in DynamicRecordGenerator to Flink 1.19 / 1.20 (#13346)
cdd2b5bb3e396d8e9264c3d79d340be1ea85c848|2025-06-18 22:20:57 +0200|Rui Li|Core: Clean expired metadata even if there is no snapshot to expire (#13322)
e4dc658c199fe68b0a4f53712132735a70e4f7fc|2025-06-18 20:32:03 -0700|jingtao-firebolt|Docs: Add Firebolt to vendor-related documentation (#13350)
feeb045a73a315bd4e5104f770671108d44aef33|2025-06-18 21:14:39 -0700|Drew Gallardo|Spark 3.4: Backport #12836 for row lineage support in spark parquet reader (#13353)
40c0a73c6513711b2a58bb159cf8c562fe56c826|2025-06-19 08:12:07 -0700|Talat UYARER|GCP: Add Google Authentication Support (#13212)
c41fd6457fe8e747cbf7a938a5ca0cc67f1779ee|2025-06-19 16:10:57 -0700|Himadri Pal|spark 4.0: SPJ: add bucket reducer using gcd (#13167)
56d81e72ff138d026fc6c79575d280a6a9b0bf48|2025-06-19 18:51:38 -0700|Drew Gallardo|Spark 3.4: Backport UPDATE/MERGE logic for row lineage (#13344)
e5541de0fd1e850f188ff89cac1417b3ae3500a4|2025-06-19 21:02:11 -0700|Fokko Driesprong|Azure: Bump `AzuriteContainer` to 3.34.0 (#13321)
e86a6b9b5a8ec1f29f49548ee572079d2d496228|2025-06-20 17:41:33 +0200|Manu Zhang|Docs: Fix description of min-input-files option of Spark rewrite_data_files procedure (#13355)
c07ba83f13b04872a295a7e450fbbbd306602e89|2025-06-22 11:45:02 +0200|dependabot[bot]|Build: Bump datamodel-code-generator from 0.31.0 to 0.31.1 (#13362)
444fb9518ce4437fd901d9d9442a415391ade295|2025-06-22 11:45:21 +0200|dependabot[bot]|Build: Bump testcontainers from 1.21.1 to 1.21.2 (#13363)
6e432fcb24fd55c9024a3192b17a364623886047|2025-06-23 11:55:05 +0200|GuoYu|Flink: Revise the display of the task name in TableMaintenance to show the specific task name. (#13024)
d317ec40b68aa4f008f4db95e42ff9f076d0d9e4|2025-06-24 11:00:43 +0200|GuoYu|Flink: Backport revise the display of the task name in TableMaintenance to show the specific task name to Flink 1.20, 1.19 (#13372)
b7154119f97870608429d5a9950aaaad6d2a0276|2025-06-24 11:46:23 -0700|Anurag Mantripragada|Spark-3.5, 4.0: Add unit tests for ColumnarBatchUtil (#12275)
bcb68800e1a9946fced40c006c6b55ec02445c1c|2025-06-25 08:47:26 +0200|Ajantha Bhat|Core: Fix filed ids of partition stats file (#13329)
522de0fe839df2f22f4472241bce632995adc01d|2025-06-25 10:34:09 +0200|Liam Bao|Flink: Migrate Flink `TableSchema` to `Schema`/`ResolvedSchema` (#13072)
460736c182dcb0592d4e47ca57eee70b167fbb7b|2025-06-25 12:15:19 +0200|David Phillips|Build: Remove JSpecify annotations from bundled-guava (#13379)
8601bda6d97272baf7194141720823fd6f7ecc00|2025-06-25 12:28:44 +0200|Cheng Pan|Build: Use Java 17 to publish snapshot to Maven (#13369)
b2e564405ef19ca4a65bce36176e736b3538ded7|2025-06-25 15:42:06 +0200|Hongze Zhang|Build: Require JDK 17 / 21 for Spark 4.0 support (#13381)
ff5d1a1bc64215984f2ac451c9ad1fd314742eb2|2025-06-25 15:45:03 +0200|dependabot[bot]|Build: Bump calcite from 1.39.0 to 1.40.0 (#13203)
0dd3c2b632aadb2cf0f4df7c135b79e3f2b56b17|2025-06-25 16:58:47 +0200|Eduard Tudenhoefner|Build: Run CI actions with JDK 17 (#13385)
4278e91ddaafe7f95e29383c6604a6bbabf4fd77|2025-06-25 13:49:09 -0400|Eduard Tudenhoefner|Core: Fix API breakage introduced by #13191 (#13386)
4213a5014efabc32a161d70cdd1ecd8148ff2e69|2025-06-25 14:19:42 -0500|Eric Maynard|Arrow: Refactor APIs for Parquet Reading with V2 Encodings (#13290)
5845e1e02bf1078c485ff7fe917046e164ec64a3|2025-06-26 09:47:30 +0200|Alexandre Dutra|Core: Properly close resources when catalog initialization fails (#13384)
dec1aa5cf75d11ad6ef7592ead34c469a05d4122|2025-06-26 15:54:44 +0200|Liam Bao|Flink: Backports TableSchema migration to Flink 1.19 and 1.20 (#13392)
7443e54bbba011001988e02335508b8a50ac7ec8|2025-06-26 21:27:20 +0200|aiborodin|Flink: Dynamic Iceberg Sink: Optimise RowData evolution (#13340)
92d931b08af463fd1c022beed48ba9e940363bf8|2025-06-27 11:43:38 +0200|Yu-Chuan Hung|Build: Fix errorprone warnings (#13217)
fce069f1704fe5d1840b50014e8ed966377ee0b7|2025-06-27 11:09:53 -0400|Amogh Jahagirdar|Spark 3.5: Fix row lineage inheritance for distributed planning (#13061)
c151c2dfa6b7a98b0c2076e7a4d729e7373edd84|2025-06-27 18:04:47 +0200|aiborodin|Flink: Backport optimised RowData evolution to Flink 1.19 / 1.20 (#13401)
069a6128fd50e22eac404715ce83688b93867026|2025-06-27 18:40:16 +0200|Elphas Toringepi|Docs: improve structure for manifest entry fields (#13333)
6e8008963f5ec0c8de67d4deea693720a3f5675d|2025-06-27 09:44:38 -0700|Prashant Singh|Spark: Make maxRecordPerMicrobatch a soft limit (#12988)
83cc7d8749f2ba7ed7f0bff09e7bcf10d77785e8|2025-06-27 23:14:23 +0200|Claude Warren|Fix race condition in `JdbcCatalog` (#13345)
d4bb2a185c6ef27461b9d7116cb7036f46b71bbe|2025-06-30 07:45:12 +0200|dependabot[bot]|Build: Bump com.google.errorprone:error_prone_annotations (#13423)
3c993b7fc84388d1a6ca96829cd63fd04f3cbdd1|2025-06-30 07:45:55 +0200|dependabot[bot]|Build: Bump com.palantir.gradle.gitversion:gradle-git-version (#13422)
cce5a28cf79d8833e845aa431fe313c91c46c169|2025-06-30 07:46:21 +0200|dependabot[bot]|Build: Bump testcontainers from 1.21.2 to 1.21.3 (#13416)
084aa3823bbd29e90675bf10c4d1ce7492c26fd8|2025-06-30 07:46:42 +0200|dependabot[bot]|Build: Bump datamodel-code-generator from 0.31.1 to 0.31.2 (#13413)
3f104db715f63d7db9dc9b7f5a5a15f2089c8ba0|2025-06-30 09:32:31 +0200|dependabot[bot]|Build: Bump org.openapitools:openapi-generator-gradle-plugin (#13421)
18822b73cb7db9adce2eb93a29fb44f2681ea455|2025-06-30 10:16:24 +0200|dependabot[bot]|Build: Bump org.immutables:value from 2.10.1 to 2.11.0 (#13420)
b526e581f37f8f8b357557a34f831509264f46fa|2025-06-30 10:17:21 +0200|dependabot[bot]|Build: Bump com.gradleup.shadow:shadow-gradle-plugin from 8.3.6 to 8.3.7 (#13414)
a69af4985fee4d6be428ba6f60c9e8f0c07da8fb|2025-06-30 12:11:49 +0200|Yu-Chuan Hung|Docs: Correct typo in spec.md (#13427)
9d8751d50fcff3eeba0749ec63d4e501ae8674fc|2025-06-30 11:28:30 -0500|Devin Smith|AWS: Refactor S3FileIOProperties to use common builder interface (#13183)
e5ba73ec4b176e1e02a36ef4f64a8ea5cf0a1ff7|2025-06-30 23:12:56 +0200|dependabot[bot]|Build: Bump com.azure:azure-sdk-bom from 1.2.31 to 1.2.35 (#13201)
ff0904c3fde395403d13c56504832ecaa3fa8aeb|2025-06-30 17:13:20 -0700|Himadri Pal|spark 4.0 : SPJ : add hour to day reducer (#13166)
28b90ea1870643fcdb3afca5426656ab6caa8163|2025-06-30 21:20:58 -0700|Amogh Jahagirdar|Spark 3.4: Backport #13061 fix for row lineage inheritance in distributed planning (#13436)
dedba4568ee39e7fdf1f29eee3c33351fcc206c3|2025-07-01 08:55:43 +0200|Shubham Diwakar|GCS: Add Iceberg version to UserAgent in GCS requests (#13428)
45e3ae30b1ad6f80e20d6ca30163c342e7c9cd81|2025-07-01 11:51:37 +0200|Kevin Liu|REST-Fixture: Move `sqlite` backend from memory to file (#13367)
e73344323ddc26f9f45db15d50394e25069821d2|2025-07-01 16:18:57 +0200|aiborodin|Flink: Replace Caffeine maxSize cache with LRUCache (#13382)
e64181d99bc58d8482d629e7945ce2510287bf74|2025-07-01 10:42:16 -0700|Amogh Jahagirdar|Avro: Support row lineage inheritance for planned avro reader (#13070)
be577eeac631d77243beb57409e476bf197f79d7|2025-07-01 10:44:34 -0700|Russell Spitzer|Core: Maintain passed in ordering of files in Manifest Lists (#13411)
b1c8bc589e0caae3d0a1649e354c44d0fb23759c|2025-07-01 13:10:30 -0500|Prashant Singh|REST: Revert #12818 and additionally stop retrying on 502/504 (#13352)
8aa86db08fef9a23036075492b71bbcc2138afc4|2025-07-01 13:14:34 -0700|Amogh Jahagirdar|Spark 3.4: Backport tests from #13070 to 3.4 (#13440)
dfecabc76c5b82ecdde7d61abdf540d43ee14f59|2025-07-01 16:55:14 -0700|Prashant Singh|CP 12988 to Spark version (#13412)
f24f0c093e55743c291b5835cd19931d1ca787d0|2025-07-01 19:21:19 -0600|Szehon Ho|Spark 3.5, 4.0: Prevent unnecessary failure when executing DML queries with identifier fields (#13435)
97a1f3bbae0b7be8ecdc8c6c76a3479d38079a88|2025-07-02 08:28:42 +0200|aiborodin|Flink: Backport replace Caffeine maxSize cache with LRUCache (#13441)
404c8057275c9cfe204f2c7cc61114c128fbf759|2025-07-02 08:46:49 +0200|Eduard Tudenhoefner|Arrow, AWS, Azure, Core, GCP, Hive, Kafka, Snowflake: Rename test classes to use Test as prefix instead of suffix (#12879)
8134815a3a04f3139fccf55a7e02c336e7a1a6e8|2025-07-02 09:02:34 -0600|Fokko Driesprong|API, Core, Spark: Ignore partition fields that are dropped from the current-schema (#11868)
5634a2b06480dd2573241233b4c6a03d4e0b5d41|2025-07-02 18:17:49 +0200|dependabot[bot]|Build: Bump software.amazon.awssdk:bom from 2.31.63 to 2.31.73 (#13424)
21e6e41d8a70c45640836240f049bb3fbe40dbeb|2025-07-02 18:46:30 +0200|Yu-Chuan Hung|Build: Fix error-prone warning (#13447)
b86dc9e94c9778d3091fbf104015865973e1d319|2025-07-02 16:49:33 -0700|Szehon Ho|Spark 3.4: Prevent unnecessary failure when executing DML queries with identifier fields (#13448)
8033b32bc5b9c105f09ba1c7179eb7f3128466b9|2025-07-03 09:05:51 +0200|Eduard Tudenhoefner|Core, Spark: Propagate orphaned delete files when rewriting data files (#13245)
fc886142f8236346e32259ef64acd56977de8aee|2025-07-03 11:50:36 +0200|Claude Warren|Docs: Describe testcontainer failure workaround (#13454)
4b6852751606ec50d970535af801fac531cb304e|2025-07-03 15:39:51 -0600|Ajantha Bhat|Spark 3.5: Add spark action to compute partition stats (#12450)
81062ae83aff9a881b3223a34818f019d0d41406|2025-07-04 08:10:22 +0200|ccmao1130|Docs: update daft docs (#13463)
fb0af7e5fcb45fe69a80ae8cb11208fb7b36a956|2025-07-04 09:57:39 +0200|Yuya Ebihara|S3: Add LegacyMd5Plugin to S3 client builder (#12264)
f3b198de2304c01af9beedf47fcc6edfe8f4f1c7|2025-07-05 12:14:04 +0200|JB Onofré|Build: Upgrade to Gradle 8.14.3 (#13465)
586c02204e3c6bc7b093a5ecb0c84e29734783dd|2025-07-06 18:04:44 -0700|Jannik Steinmann|docs: Mark Rust ADLS FileIO as implemented in the status page (#13258)
e5274d278abd0f2d9abbb2fd8b0d32f128e0835a|2025-07-07 09:52:14 +0200|Ajantha Bhat|Spark 4.0: Add spark action to compute partition stats (#13478)
e0b62e622e8ffa0c0adc2056a6d59a624289e554|2025-07-07 09:52:41 +0200|dependabot[bot]|Build: Bump com.gradleup.shadow:shadow-gradle-plugin from 8.3.7 to 8.3.8 (#13476)
9d917a4d373631719b4dc32bee325c7c652d9e2a|2025-07-07 09:52:55 +0200|dependabot[bot]|Build: Bump software.amazon.awssdk:bom from 2.31.73 to 2.31.77 (#13475)
74acabfe9d240bbe60829fa1083ceba871ff31ea|2025-07-07 09:55:35 +0200|dependabot[bot]|Build: Bump org.xerial:sqlite-jdbc from 3.50.1.0 to 3.50.2.0 (#13468)
8a747abade0f1892afd0dc5662f61bf1dfd68da3|2025-07-07 11:09:56 +0200|dependabot[bot]|Build: Bump com.azure:azure-sdk-bom from 1.2.35 to 1.2.36 (#13474)
9f91295bf7453ce5c8d5b4f13f9dfa77db357920|2025-07-07 14:40:21 -0700|Ajantha Bhat|Core: Support DV for partition stats (#13425)
401ab27e1ea7c959119bb24f33ece3182c7391f8|2025-07-07 16:04:57 -0600|Amogh Jahagirdar|Spark: Throw unsupported for ADD COLUMN with default value (#13464)
30ee7e83cfa3e5559d8d3ba4b6380156accb43f1|2025-07-07 15:07:49 -0700|Cheng Pan|Spark 4.0: Migrate Iceberg Stored Procedures to Spark built-in implementations (#13106)
061ae58986db3495ff3af6f1932a96dd086e5fbd|2025-07-08 09:04:01 +0200|Eduard Tudenhoefner|Core: Keep track of data files to be removed for orphaned DV detection (#13222)
5d7d8c13c07a3f591058f5208826bfe79d39f1fa|2025-07-08 17:54:55 -0700|Talat UYARER|Add BigQuery Dependencies for Iceberg GCP Bundle (#13111)
9faf4311d71ce313e81dea07290b3aea9298422c|2025-07-08 18:48:08 -0700|Ajantha Bhat|Spec: Add DV information in overview (#13189)
f60591f9e9269f273c560a8a600f5a5981c69ae4|2025-07-09 08:06:49 -0700|Alexandre Dutra|AWS: Prevent excessive creation of auth sessions in S3V4RestSignerClient (#13215)
0d753dc6f6459553069867c4deb29ea48771fc95|2025-07-09 08:34:28 -0700|Amogh Jahagirdar|Spark 4.0: Port Avro lineage reader test changes from #13070 (#13496)
78cfad95b6dfb95f8d812f08e0864eb90590a743|2025-07-09 18:04:38 +0200|Manu Zhang|Build: Bump nessie to 0.104.2 skipping tests in JDK 11 (#13490)
3f2267735b80c49f3cfc3e22c29bb610d1183582|2025-07-09 12:01:18 -0700|NikitaMatskevich|Spark: Use native table FileIO instead of Hadoop to save file list in RewriteTablePath (#13459)
c71e3eb4d0b4674758d1ed3c196fac9aed3c9ac2|2025-07-09 13:23:03 -0700|Laurent Goujon|API, Flink: fix typos in javadoc (#13503)
09140e52836048b112c42c9cfe721295bd57048b|2025-07-10 00:29:16 +0200|Fokko Driesprong|Spark: Support Parquet dictionary encoded UUIDs (#13324)
5d938124848487e46a2703d25e8294953f53841a|2025-07-10 13:53:18 -0600|Yuval Yogev|Docs: Add Ryft to list of vendors and blog posts (#13504)
e9da855b94488e5090c9b437da62735d3eac1485|2025-07-11 08:06:56 +0200|Ajantha Bhat|Spark 3.5: Add procedure to compute partition stats (#13480)
26048839cb795a1e2c38ed592b45021fe37fdd51|2025-07-11 08:10:26 +0200|Angelo Genovese|Core: Fix a cast that is too narrow (#12743)
7ba8eeee9b0277b2d34ed0cd5968971d74fff736|2025-07-11 08:10:54 +0200|Raveendra Pujari|Build: Bump JUnit5 from 5.12.2 to 5.13.2 (#13280)
818b2168ba569df590666305456a53aad84c88a1|2025-07-11 09:02:44 +0200|Ajantha Bhat|Spark 4.0: Add procedure to compute partition stats (#13523)
20b2179bff881a3f2c3ebb3fbc850fdf87cce80f|2025-07-11 21:29:35 +0200|Anoop Johnson|Core: Make metrics reporting asynchronous (#13507)
5bda66bbb0b1c425e58e60cac8efb29fd1ff04de|2025-07-11 21:32:37 +0200|gaborkaszab|API, Spark: Expose cleanExpiredMetadata in expire_snapshots Spark procedure (#13509)
ae672a270dceea92fc56fc2ca51a1a9d03715122|2025-07-11 17:04:08 -0600|Anoop Johnson|Core: Implement close() method in CompositeMetricsReporter (#13535)
17563614ba2b59d3ab934e773494077fc1b1ae30|2025-07-14 09:18:18 +0200|david yuan|Docs: Add missing VIEW keyword in View creation DDL (#13539)
7c4793142d82091ba0fed50a676ee0672d5a5ef7|2025-07-14 09:19:48 +0200|dependabot[bot]|Build: Bump nessie from 0.104.2 to 0.104.3 (#13541)
ba3a4e8f21d4b967c48e9ce519e63abb49563dbf|2025-07-14 09:20:42 +0200|dependabot[bot]|Build: Bump com.google.errorprone:error_prone_annotations (#13542)
5440f696a555d26488d5ffa7960ff005aa002d04|2025-07-14 09:20:59 +0200|dependabot[bot]|Build: Bump software.amazon.awssdk:bom from 2.31.77 to 2.31.78 (#13543)
f70beba8f69be052747359b3cedb1134f78e401e|2025-07-14 09:21:16 +0200|dependabot[bot]|Build: Bump com.gorylenko.gradle-git-properties:gradle-git-properties (#13544)
bcf9c69c098b54d31cbd803d62a2609d3814c3df|2025-07-14 09:26:26 +0200|gaborkaszab|Docs: Document clean_expired_metadata parameter in expire_snapshots Spark procedure (#13516)
4920a0ca28f7bfa9113b9c4abcb54c402504e7f3|2025-07-14 19:31:50 +0200|gaborkaszab|Spark 3.4, 3.5: Expose cleanExpiredMetadata in expire_snapshots Spark procedure (#13553)
d94b0362de88bf0adf2d21fccd12d963cf1b2273|2025-07-14 13:31:38 -0700|Amogh Jahagirdar|Spark 4.0: Row Lineage support (#13310)
07afd84080b323c37cb11cbc657fb719891ed91c|2025-07-14 14:58:56 -0600|ChocZoe|Docs: Add BladePipe to list of vendors and blog posts (#13510)
6a6c5b8061ca67750159a674bd9e361fc8d8a3ca|2025-07-15 08:54:06 +0200|Yu-Chuan Hung|Enforce that test classes start with "Test" (#13466)
ccb11598544bc06c6c4d8e2e2296676ac1e8f052|2025-07-15 12:11:24 +0200|Robin Moffatt|[docs] Add two Iceberg blogs (#13493)
44c02ad6bf5f1704c15bde6b0206f4bf2ee618bd|2025-07-15 12:11:39 +0200|Robin Moffatt|Hardcode BSD sed if running on MacOS (#13501)
ed98c6f249a59cda847530de27f2563ca3764e6e|2025-07-15 12:12:42 +0200|Robin Moffatt|Tabular no long exist as a company (#13511)
aea3e2833eb619bc3e91494320bb0b8d09bd6ecb|2025-07-15 12:39:37 +0200|Hussein Awala|Data: Fix typo in TestDataFileIndexStatsFilters (#13540)
d3d5662aee19dd1799fd12740c64eadcb7f8da8b|2025-07-15 16:26:42 +0200|Robin Moffatt|[docs] Add Confluent to vendors page (#13512)
31daaedd13daf0e7ee4781fa5e768f9fe5ba5dc9|2025-07-16 09:42:02 +0200|Anoop Johnson|Core: Add Schema evolution test with initial defaults (#13537)
e213258bb60cfd4f738b2e13560f7960c3555f1f|2025-07-16 15:02:50 -0700|Prashant Singh|Site: Updates for 1.9.2 Release (#13578)
5ffc529e17126e44cedaf958bd9ce575094e2e85|2025-07-16 16:42:17 -0600|Fokko Driesprong|Spark 4: Support Parquet dictionary encoded UUIDs (#13573)
026374b530eeea46429cef61a99ba9321e0587b6|2025-07-16 16:54:21 -0700|Prashant Singh|INFRA: Add 1.9.2 to latest (#13577)
04b9033a83591dffb1b354f84ca8be1a77a89359|2025-07-17 09:12:06 +0200|Anoop Johnson|Core: Add Schema evolution test with partition transform on a field with default values (#13570)
cea1093592e77ba4f9027b13a8dff5f7e1cfc6b5|2025-07-17 09:58:30 +0200|Yuya Ebihara|Docs: Fix indentation of 1.9.2 release note (#13583)
41c0b17a20c522e4df519bcc429f413e6a2855e5|2025-07-17 08:57:45 -0700|liko|kafka-connect: resolve CVE-2025-48734  (#13561)
c9154bd55e085e066e1405e36e138a3a73f3313a|2025-07-17 11:16:27 -0700|Ajantha Bhat|Docs: Document compute_partition_stats procedure (#13532)
71629c12d2c609ae2473defdb5954e149f9f72e8|2025-07-17 12:54:23 -0600|Eduard Tudenhoefner|API, Core: Avoid boxing of integer in evaluators / simplify ManifestReader (#13589)
9922e6dc4c76c8c3d4ec396b3932b57f48a1d468|2025-07-17 11:56:09 -0700|Tom Tanaka|Docs: Fix the default value of use_caching to false in the rewrite_manifests and add where parameter to rewrite_position_delete_files (#13549)
aca6f2ae5980e6be335ca0d027552217bcb98b7a|2025-07-17 18:09:32 -1000|Yuya Ebihara|Core: Add 'google' auth type to auth manager (#13564)
2e5a4f2b0bb4131c5a455288cabba797005b6e53|2025-07-18 09:28:54 -0700|Prashant Singh|Docs: Add creating release from passed RC tag (#13595)
29a87e7a0e1171a6437a464505cbaa1cd4f1c022|2025-07-18 09:33:27 -0700|Robin Moffatt|[docs] Tidy up left-hand navigation (#13491)
77f1f5ba47f0e5250b8af4e16cbe6febc8244ee5|2025-07-19 06:18:24 -0600|Adam Szita|AWS: KeyManagementClient implementation that works with AWS KMS (#13136)
0cede57526968a6f8051594a5f2d0d13d2e380cf|2025-07-21 09:12:09 +0200|dependabot[bot]|Build: Bump io.netty:netty-buffer from 4.2.2.Final to 4.2.3.Final (#13605)
f7441e414b557415dd3b57a3f611497971fa9dc6|2025-07-21 09:12:44 +0200|dependabot[bot]|Build: Bump org.immutables:value from 2.11.0 to 2.11.1 (#13603)
6bbbbf6f6f9ba6dc8cb273f8dcd00be1b5dfc399|2025-07-21 09:13:34 +0200|dependabot[bot]|Build: Bump org.xerial.snappy:snappy-java from 1.1.10.7 to 1.1.10.8 (#13601)
9a23420592e2b8be5f792c8e6eb32a64e92e4088|2025-07-21 12:34:35 +0200|Manu Zhang|Spark: Fix flaky testParallelPartialProgressWithMaxFailedCommitsLargerThanTotalFileGroup (#13598)
4c7726429603c15be68bc00aa751fa67f8975dad|2025-07-21 12:58:09 -0500|Manikandan R|API, Core: Use short string in Variant when possible (#13284)
df66d9b7e36a401de4689c88e3a6e37b1bb321d7|2025-07-21 20:51:35 +0200|Manu Zhang|Spark 4.0: Rename SparkCatalogConfig#SPARK to SparkCatalogConfig#SPARK_SESSION (#13607)
378479bd21ddc5de7c08dcfec1595196dd8f4a78|2025-07-21 13:46:33 -0600|Eduard Tudenhoefner|Spark: Unimplement WithAssertions from test classes (#13610)
7a9079bee04bedb72037bc8f2189c810150e0f6c|2025-07-22 07:57:51 +0200|slfan1989|Docs: Fix spelling errors in v3 spec (#13622)
e37731dcaa6b4fd8ed4acec9532f237fb4f2cd1b|2025-07-22 12:31:40 +0200|Manu Zhang|Spec: Add manifest fields to Snapshot Summary metrics (#13238)
e986e7d039b874a786d3c543716b3fefdc79c361|2025-07-22 12:35:58 +0200|Nikita Ryanov|Core: Make SnapshotRefType public (#13621)
85cc58aa8acda999926809b3c67bbc3452689490|2025-07-22 07:14:06 -0600|Hongyue/Steve Zhang|Spark: Use bulk deletion for manifests when importing files to an Iceberg table (#13620)
3e0f7a1bfb167c4d18ebdc9d0f69afe0f4754512|2025-07-22 15:26:25 -0600|Amogh Jahagirdar|Spark 4.0: Preserve row lineage information when compaction is run (#13555)
13871b2502fd8e6d271e5d39638eb05b5503887f|2025-07-23 07:20:33 +0200|Yuya Ebihara|Test: Simplify collection and optional assertions (#13613)
398635c39db91342edb2e453400f45d3fd398fc1|2025-07-23 07:22:23 +0200|Liam Bao|Build: Bump com.google.cloud:libraries-bom from 26.62.0 to 26.64.0 (#13632)
39e8568b511601a32671fb3cd3174054c664448d|2025-07-23 12:06:02 +0200|pvary|Build, Flink: Add timeout and print more logs (#13627)
8dfd9de791ac28d2f349aa016f1846a95576b2c3|2025-07-23 12:56:23 +0200|pvary|Core: Implement Map comparator (#13626)
ae7636c402bf25937df28f89789d88d8034bc071|2025-07-23 14:53:23 +0200|Maximilian Michels|Flink: Dynamic Sink: Ensure parent for newly added struct is resolved from current schema (#13639)
926142a45224d2955ed95b493a2c6dcc3baaaa72|2025-07-23 09:16:00 -0600|Amogh Jahagirdar|Spark 3.5: Backport #13555 for preserving row lineage on compaction (#13637)
6e361a657b1b295be0aab93c368c196d066c2f7d|2025-07-23 18:11:30 +0200|dependabot[bot]|Build: Bump jackson-bom from 2.19.1 to 2.19.2 (#13600)
8e2dc047c25da64aeed0fb7f2bb9faefe5cde480|2025-07-23 10:29:11 -0600|Amogh Jahagirdar|Spark 3.4: Backport #13555 for preserving row lineage on compaction (#13641)
a40ab7ad475b7a1df590109d58cd6c73f0b5d10e|2025-07-23 13:58:31 -0700|Steven Zhen Wu|Flink: fail file rewrite for V3 tables as row lineage not supported (#13646)
8b694d121599150c7444e2eaccf993ef23fd58be|2025-07-23 15:21:40 -0600|Kevin Liu|Spark 4: Port vectorized reader tests for row lineage from #12928 (#13649)
badd36d5ef750c92132d3da0c96245b4f5898af2|2025-07-23 15:22:52 -0600|Kevin Liu|Spark 4: Port tests to verify that dropped fields referenced in older partition specs are ignored (#13648)
36ad08c9607fcc0ccf35c979b10c4a96300bfbfe|2025-07-23 15:27:42 -0600|Kevin Liu|Spark 3.5: Backport rename SparkCatalogConfig#SPARK to SparkCatalogConfig#SPARK_SESSION (#13650)
5fdc4cf8990140adc95d3a2b8ba1c878ac47ecd9|2025-07-23 21:26:29 -0700|Manu Zhang|Docs: Move links to other implementations out of Java docs (#13618)
494b27e0d9663c88756ec9b5a73b10b8934c3b1e|2025-07-23 21:50:54 -0700|NikitaMatskevich|improve error logging in ADLSFileIO (#13517)
1efd6c9887721dd0451c4aee4f0af619b349290c|2025-07-24 09:28:46 +0200|Steven Wu|Flink: backport PR #13646 to 1.20 for fail compaction on V3 tables
98b7df377fcf84f8b82dde5ee687d63435ee23a8|2025-07-24 09:28:46 +0200|Steven Wu|Flink: backport PR #11485 from 1.20 to 1.19 for maintenance actions with DVs
53ba1cfbade47de21fda777bffc5c0e7360919d7|2025-07-24 09:28:46 +0200|Steven Wu|Flink: backport PR #13646 to 1.19 for fail compaction on V3 tables
7d40d328a8ddc06795ec931b63fda3f3f98875ef|2025-07-24 09:33:02 +0200|Steven Zhen Wu|Core: backport PR #13100 from 1.9 to main branch that partially revert 12670 by sending single snapshot rather than in bulk  (#13647)
a8c3a591c597a94a461481a6918bb63c4fa7c961|2025-07-24 10:56:21 +0200|Maximilian Michels|Flink: Clean up UpdateSchema instantiator method in TestEvolveSchemaVisitor (#13640)
8047c6b8444b2f940133c9d6a77ffabc32f561be|2025-07-24 11:20:11 +0200|Rodrigo|Flink: Add support for SpeculativeExecution for IcebergSink (#13642)
bc154539a96b819bcba970cc208b8ec089af9cd6|2025-07-24 12:58:25 +0200|GuoYu|Flink: Adjust the configuration precedence for the dynamic sink (#13609)
60edd9befaa0eb10e833328ecae1814fdf16a69d|2025-07-24 15:14:39 +0200|Maximilian Michels|Flink: Dynamic Sink: Ensure parent for newly added struct is resolved from current schema (#13656)
be4db9023e1828c805f33509060ca755f5c2df39|2025-07-24 16:14:05 +0200|Maximilian Michels|Flink: DynamicSink: Convert existing required fields to optional when missing in the data schema (#13659)
a5bae2fcad2ef8deb81f3b1e8f0722137a406dd4|2025-07-24 16:14:45 +0200|Maximilian Michels|Backport: Flink: Clean up UpdateSchema instantiator method in TestEvolveSchemaVisitor (#13658)
036dddd7a390987fc3bd7061a7a668f13e16acda|2025-07-24 16:16:55 +0200|Eduard Tudenhoefner|Build: Statically import Assumptions.assumeThat() (#13655)
16012afb3f6fe822318315fe1475fc1acf6d4770|2025-07-24 17:11:15 +0200|Maximilian Michels|Flink: Backport: DynamicSink: Convert existing required fields to optional when missing in the data schema (#13660)
bfa9172525fa48acfc46a2fab18055e2fb99e90b|2025-07-24 22:05:10 +0200|Rodrigo|Flink: Backport: Adds support for SpeculativeExecution for IcebergSink (#13663)
43bd9c386d49597caaec4742277c83706cb34f40|2025-07-24 21:38:58 -0700|Jayce Slesar|REST-Fixture: Ensure strict mode on jdbc catalog for rest fixture (#13599)
d22cc9c6413c5637fcfad9deeabb66ed5f62fd01|2025-07-24 22:04:35 -0700|Kevin Liu|docs: add subpage for REST Catalog Spec in "Specification" (#13521)
c7e367494d1646505b7c162886ca1b1c45a33306|2025-07-25 09:34:46 +0200|Hongyue/Steve Zhang|Core: Use Bulk deletion for cleaning up uncommitted files in BaseTransaction (#13653)
fb81fcf3827fa14302507da04820f5858f834bfd|2025-07-25 10:19:44 -0600|Bruno Volpato|Core: Use zero-copy wrapper for equalityFieldIds (#13668)
02978169527aa6ee6686a3f19d5ec96fde3eb5e8|2025-07-25 13:33:30 -0500|Manikandan R|API: Improve test coverage for 1-5 byte header string primitive in Variant (#13629)
e3763f1288a371667fffe356bd782863c502289f|2025-07-25 13:08:08 -0600|Drew Gallardo|Core: Prevent empty Puffin file creation in DV writer (#13666)
360f87326d4ccf67512a0240e529035801d9db2b|2025-07-25 15:07:03 -0700|Russell Spitzer|Core: Allow retries for Idempotent Requests with Certain Codes (#13449)
d365ce3ff1bb01d3d59b42a382ef16509eb3f50b|2025-07-27 08:59:54 +0200|dependabot[bot]|Build: Bump datamodel-code-generator from 0.31.2 to 0.32.0 (#13688)
dc88aad3daf0a04e0b674ef2aa394ecf95e19068|2025-07-27 09:00:19 +0200|dependabot[bot]|Build: Bump mkdocs-material from 9.6.14 to 9.6.16 (#13689)
62cc9525a6379f8c5b046b95c2b86d02d515a219|2025-07-28 09:03:06 +0200|dependabot[bot]|Build: Bump junit from 5.13.2 to 5.13.4 (#13684)
7e9a1bc9d3e06aed8ebfd4ac98ffa8c807189fdb|2025-07-28 09:03:27 +0200|dependabot[bot]|Build: Bump com.google.errorprone:error_prone_annotations (#13683)
bb7113a88c19e2afcdcf6da12b71e58eacf431ce|2025-07-28 09:18:35 +0200|dependabot[bot]|Build: Bump org.xerial:sqlite-jdbc from 3.50.2.0 to 3.50.3.0 (#13686)
57dbed55714c222a7dbbc1f13a30d52774029c5d|2025-07-28 09:18:49 +0200|dependabot[bot]|Build: Bump software.amazon.awssdk:bom from 2.31.78 to 2.32.9 (#13687)
ce63292ebad9cfdcff3f2a8ab90bbf505302bbe1|2025-07-28 10:17:41 +0200|dependabot[bot]|Build: Bump junit-platform from 1.13.2 to 1.13.4 (#13682)
d0361be73688d23f0e03ee11bb1a378f2383a80a|2025-07-28 12:32:07 +0200|Anoop Johnson|Core, Data, Parquet: Cleanup unit tests by delegating file cleanup to JUnit (#13590)
f7e6a2775bd5a9e202465e6281c56d8c41fd7f0e|2025-07-28 12:21:20 -0600|Amogh Jahagirdar|Core: Fix incorrect selection of incremental cleanup in expire snapshots (#13614)
571056929091f1e62412500045f71e5ba6ea00ad|2025-07-28 20:29:23 -0600|Aihua Xu|Spark: Add Variant read support for Spark Iceberg tables  (#13219)
d6f22d5a51500848bfb1b6feb515ebe3a2e8cd34|2025-07-29 17:21:33 +0200|GuoYu|Flink: Add support for filter in RewriteDataFiles (#13669)
83da920b3abcb1206559034362e08127b6954dea|2025-07-29 17:39:56 +0200|GuoYu|Flink: Add test for adjust the configuration precedence in the Dynamic Sink (#13662)
ffeb7a2a7aedebd66c0f55b9a37f4cce9f45259e|2025-07-30 08:07:58 +0200|Aihua Xu|Spark: Use hasSameSizeAs in collection size assertion (#13701)
a519cb295183f3f0e59d4f62bce3734a1684f26b|2025-07-30 16:12:59 +0200|dependabot[bot]|Build: Bump orc from 1.9.6 to 1.9.7 (#13470)
c3d50e177ce17a45f4dd3af7593350dd6724ca8f|2025-07-30 10:07:25 -0500|Eric Maynard|Arrow, Parquet: Add support for DELTA_BINARY_PACKED Parquet encoding (#13391)
a73b48bf52e97bde22bb62c1030416edbb4775d7|2025-07-30 17:48:05 +0200|GuoYu|Doc: Flink: Add doc for the dynamic sink (#13608)
09301c149715f6d561df6dc80855c37576fcca07|2025-07-30 17:49:08 +0200|GuoYu|Flink: Backport RewriteDataFiles support filter in plan (#13702)
b7b56fd90c2178a5cc1a6b4314b63446b1c1c0ec|2025-07-30 15:08:37 -0700|Steven Zhen Wu|Flink: disable flaky testRangeDistributionStatisticsMigration() (#13711)
1bd8d5e2de56d05180030b856ce2c50c66ef1f13|2025-07-31 07:36:33 +0200|Smith Cruise|Spec: Fix wrong type for snapshot-id in table statistics (#13513)
15351e6ab06cbfa2cbf771fe81512268c22bd75d|2025-07-31 13:28:49 -0700|Aihua Xu|Core: Fix decimal type for variant (#13692)
95a578d7ad96aa3c82dccd305f556c83b3360528|2025-07-31 16:29:30 -0600|Tobias Riemenschneider|Core: Fix case-insensitive validation of fields in schema evolution (#13697)
a8fdb23682a7c083ea6ff9873f1531dd9d465aa7|2025-08-01 13:50:10 -0700|Hongyue/Steve Zhang|Core: refactor BaseTransaction for extensibility (#13631)
19b9eaebb9500d86315600791109ba3a9a6be080|2025-08-04 10:21:18 +0200|Nándor Kollár|Arrow: Test FIXED type (#13700)
76b2f875ff14f0ddeb80bfa63e819eeec3047975|2025-08-04 10:34:48 +0200|Alexandre Dutra|Core: introduce shared authentication refresh executor (#12563)
7fefc46e95040e96f199d1c8e4d025047ac1bbc6|2025-08-04 12:56:50 +0200|Chun Wei Lu|Coerce UUID to String in `readable-metrics` (#13087)
c23b341ea4398c2513fe2495a44fc6f23e4d72ef|2025-08-04 13:44:40 +0200|gaborkaszab|Flink: Expose cleanExpiredMetadata for snapshot expiration (#13569)
d2b5ea636e8f62f1d3668988416f9cb30035ecb8|2025-08-04 18:03:51 +0200|dependabot[bot]|Build: Bump software.amazon.awssdk:bom from 2.32.9 to 2.32.14 (#13721)
bb7ee6768c8247505ec9b1b3cb6592f74fff83a0|2025-08-04 18:04:16 +0200|dependabot[bot]|Build: Bump com.google.cloud:libraries-bom from 26.64.0 to 26.65.0 (#13722)
be55a5d4e73e71aac5bcc1bdd14568895ab72e86|2025-08-04 18:16:30 +0200|gaborkaszab|Flink: Backport expose cleanExpiredMetadata for snapshot expiration (#13729)
e227f330d2ae93c0ea0f938fd950df30bf5b138b|2025-08-04 09:22:03 -0700|Steven Wu|Revert "Flink: disable flaky testRangeDistributionStatisticsMigration() (#13711)"
5d64360cc80f829cbd9330aefb772c7f09575bb1|2025-08-04 09:22:03 -0700|Steven Wu|Flink: fix testRangeDistributionStatisticsMigration flakiness by adjusting the setup
33a6dd13c1a8294080752486acb1ef2c271ca580|2025-08-04 18:30:30 +0200|dependabot[bot]|Build: Bump net.snowflake:snowflake-jdbc from 3.24.2 to 3.25.1 (#13685)
2876b959d2c01ef60dc4da97a8dcf1b2d405414c|2025-08-04 11:37:34 -0700|Hongyue/Steve Zhang|Core: make BaseRowDelta public (#13643)
de22fd0f998ed464251acbe31b976b4bb9669312|2025-08-04 13:41:08 -0700|lnc|Doc: Add Databricks to vendors.md (#13734)
32f469b985ee8b886d02df9f37c27bcd2a861a14|2025-08-05 08:14:46 +0200|Eduard Tudenhoefner|API, Core: Preserve original Type for upper/lower bounds in Metrics (#13695)
acecf3cb697a7fa6bfcb1b58fc5d7d70914436e7|2025-08-05 09:29:58 +0200|Manu Zhang|Spark: Print unknown catalog type in exception when configuring validation catalog (#13588)
ded11105fb1d038ce03793e2a5c1144e408da260|2025-08-05 11:07:16 +0200|gaborkaszab|Spark: Use default cleanExpiredMetadata from Java API (#13731)
34b377e0d08043e7a1c23b43aab361e5fb901e71|2025-08-05 11:42:20 +0200|dependabot[bot]|Build: Bump org.apache.commons:commons-compress from 1.27.1 to 1.28.0 (#13723)
c12a724cd962c2dafc263de79a319dbd50b73548|2025-08-05 11:51:11 +0200|Alexandre Dutra|AWS: Fix OAuth2 additional params inclusion (#13718)
fa80ba787af776f516e772f27bf746756de93b70|2025-08-05 12:19:10 +0200|GuoYu|Flink: Fix DynamicCommitter use ThreadPools deprecated method (#13728)
357020aa69333795598c7740dd0e303ad0b87b56|2025-08-05 11:32:29 -0700|kumarpritam863|Close resources only if initialised to avoid rare case NPE (#13670)
7ffc718d2857c1f4e4e7e1d70eebc8662020d6bd|2025-08-05 11:55:32 -0700|Mustafa Elbehery|Core, Spark: Preserve the relative path in RewriteTablePathUtil on staging
270e2bc6fdb2e175b0bfaeaa07b4812e2ebf61c6|2025-08-06 07:54:22 +0200|hsiang-c|Spark: Use ORC batch for orcBatchReadConf() (#13748)
772c8275598e43d2c5ef029bfe83aeaa6c713e8a|2025-08-06 07:59:02 +0200|suhwan|Build: Bump com.azure:azure-sdk-bom from 1.2.36 to 1.2.37 (#13743)
dd8f5e3f37696473e66eca17346e6384846d7044|2025-08-06 10:49:29 +0200|Robin Moffatt|Doc: Flink can now add/drop/modify columns (#13617)
5ce63abdb0d11e79f4ade9294e34966e9b03b0bc|2025-08-06 17:34:10 +0200|Marcus Sawyer|Azure: Fix concurrency issues in Azure credential refresh. (#13730)
1ea9dbe4047f073151ad1aeaf50b52db9b7ab86a|2025-08-06 17:37:47 +0200|Fokko Driesprong|Revert "Coerce UUID to String in `readable-metrics` (#13087)" (#13754)
64a7ca518b4457e19d1a152cd17c33cf2597ba1d|2025-08-06 08:57:32 -0700|Ryan Blue|API: Fix timestamp(9) with identity partitioning. (#13746)
9ac8b2bcb33f8834e51e523d709cdcc23121929a|2025-08-06 09:04:24 -0700|Ryan Blue|API: Add expression factory methods for timestamp literals. (#13747)
05dbcae8c15b2ad2d3ecb06ea5f6f9f28964f842|2025-08-06 12:00:05 -0700|kamijin_fanta|AWS, Aliyun: Fix memory leak by removing deleteOnExit() calls (#13749)
aca97753e68ad3c5bea16969efe3efb2b7e1a58c|2025-08-06 16:23:49 -0700|Manu Zhang|Docs: Add V3 types to Spark/Flink type conversion table (#13744)
6eeb92484f619a2e389b656accd7dc619fcadcd3|2025-08-07 18:30:24 +0200|Yuya Ebihara|Core: Remove redundant V2TableTestBase (#13757)
1b0e4b3a5f6df535828e6c40d381777b1f456df3|2025-08-07 12:27:02 -0700|Joshua Kolash|Core: Fix metrics column limit with nested columns (#13039)
136df9f65b5cdc6ec26c07b5b92072daf7ade0e5|2025-08-07 15:15:15 -0600|Eduard Tudenhoefner|Core: Use ResourcePaths instead of hard-coded resource paths (#13759)
c9a2459465e9c32c21d805f942f116f7db573751|2025-08-08 12:32:33 +0200|Yuya Ebihara|Core: Support timestamp nanos in single value parser (#13487)
44dff0d853a555ff91b69a366e48c355bbba7487|2025-08-08 05:59:01 -0700|Mickael Maison|Docs: Update the Kafka Connect readme (#13484)
2b186b80a5ffaaa25398a2a2064362939f782b3c|2025-08-08 15:15:39 +0200|Blake Smith|OpenAPI: Correct type annotation in TableMetadat#encryption-keys field (#13762)
252a4d034c47def12399a83b517fed7ca378385b|2025-08-08 08:00:52 -0700|Mickael Maison|Kafka Connect: Add manifests for the transformations (#13531)
de93196ab5eb0ddb9d00189fb8f10072927350a3|2025-08-09 08:33:37 -0600|Eduard Tudenhoefner|Core: Deprecate unused methods in  OAuth2Util (#13767)
c8c61a3f6b60499f09e5047c5c9d8a3c02d9fb72|2025-08-09 09:50:00 -0700|Danica Fine|Docs: Meetup Guidelines (#13520)
4ae61621c1b5e7f245961b3de48d6d8a3856d012|2025-08-09 12:07:08 -0700|Huaxin Gao|core: remove duplicate lines (#13770)
679fa66cd2857eb2113fef21dc605e0fc4b1a6ca|2025-08-10 21:22:13 +0200|dependabot[bot]|Build: Bump com.gradleup.shadow:shadow-gradle-plugin from 8.3.8 to 8.3.9 (#13776)
0be91dce702de8707fdecfa6fd909cf0d8dae8c9|2025-08-10 22:14:11 +0200|dependabot[bot]|Build: Bump org.immutables:value from 2.11.1 to 2.11.2 (#13779)
1e4eeecf08adb029e1e8e6d7fdfaf36beb37384e|2025-08-10 22:57:30 +0200|dependabot[bot]|Build: Bump software.amazon.awssdk:bom from 2.32.14 to 2.32.19 (#13778)
68a241615e104d97a86c932c381d7dfac802d769|2025-08-10 22:57:53 +0200|dependabot[bot]|Build: Bump org.assertj:assertj-core from 3.27.3 to 3.27.4 (#13777)
3a4215dbb714477c89681ab94f1197b6ebcbdfff|2025-08-11 19:29:21 +0200|GuoYu|Spark, Core: Refactor Delete OrphanFiles by moving common code from Spark to core (#13429)
f7b52a9f2cfd02963b0a9a8b543311851eaff1ab|2025-08-12 16:44:01 +0200|Eduard Tudenhoefner|Spark: Remove unused code (#13790)
e8c9a110b983f647d5360839a56dc9864ab4db23|2025-08-12 08:48:36 -0700|GuoYu|Spark: Backport #13429 to Spark 4.0 and 3.4 (#13789)
49890ed38d59a28b85e750d81ecf96403b2a6ca9|2025-08-12 10:25:51 -0700|JiHo Kim|Parquet: Fix incorrect JavaDoc parameter descriptions in TripleWriter (#13784)
b5de305e111c315a9c3b331cf19c13aa0540b5d7|2025-08-12 11:12:33 -0700|Kevin Liu|site: reorganize navbar so that "community" is top level (#13774)
e6676705f74f7c1e6974afc86f103848e0fab8bd|2025-08-12 12:06:07 -0700|Eric Maynard|Add golden file tests for vectorized Parquet reads (#13450)
d38cdf38dd7aa4c3142405b4753d67883331ed17|2025-08-12 12:07:19 -0700|Manu Zhang|Spark: Remove unused parameter in RewriteTablePathSparkAction#rewritePositionDeletes (#13792)
159d2535346190af8ba1164427f9abae677ae91f|2025-08-12 15:26:20 -0600|Gabriel Igliozzi|Core: Batch load new files when validating replaced partitions (#13556)
226f9dbea70a1c54351857fc22dfec0fc5b2baba|2025-08-13 08:34:06 +0200|Fokko Driesprong|nit: Make style consistent (#13794)
86389ba52234b78aca6414a5ad232810b5c040c5|2025-08-13 09:50:59 +0200|slfan1989|Flink: Replace `assertThrows` with `assertThatThrownBy` (#13772)
42c740092713b50978297fa6a41818ff5bf65c4f|2025-08-13 08:48:23 -0700|Manu Zhang|Docs: Fix community links in footer (#13796)
7c1d5af380691e4f5748a53d5a0ec6b9cf6d21c0|2025-08-13 10:08:48 -0700|Kevin Liu|Update community.md (#13806)
efbfb7ef9addeb33e72208c927936e50b92d3357|2025-08-13 13:09:28 -0500|Anurag Mantripragada|Spark 4.0: Add configuration to disable executor cache for delete files (#12893)
3f55cf1f5e5cccfbeec0b144b8e914ffe78d8407|2025-08-13 21:10:48 -0700|slfan1989|Docs: fix typo in JdbcLockFactory Javadoc (#13811)
54f8e58fc845cb82af70750d748ac7b3dee25365|2025-08-14 09:28:04 +0200|Fokko Driesprong|Spark: Prune dead branch (#13808)
ed7330b0675f605a0256f4c13eb6e4319bfe713a|2025-08-14 12:51:14 -0700|Anurag Mantripragada|Spark 3.5, 3.4: Add configuration to disable executor cache for delete files (#13817)
757b8e1fd5513c6b4b5d6ba03145bd366e0910ef|2025-08-14 14:57:08 -0700|guixiaowen|Core: Use ResourcePaths instead of hard-coded resource paths in RESTCatalogAdapter #13814 (#13815)
d005d7bf9c935ed8f02b1400d4a2e41945653532|2025-08-15 12:59:39 +0200|slfan1989|Docs: Update testing guidelines to reflect full JUnit 5 migration and AssertJ usage. (#13822)
a01c349f3e3dba456c14bb25c03b92437dfd926b|2025-08-15 13:20:05 +0200|dependabot[bot]|Build: Bump software.amazon.s3.analyticsaccelerator:analyticsaccelerator-s3 (#13545)
b1f686c3957f5b12d534b30d2fb36edda5e46ef4|2025-08-15 14:10:50 +0200|Eduard Tudenhoefner|Docs: Minor improvements to Variant sections (#13828)
af82d34e78d82690892127d46b7f2937b29f362f|2025-08-15 08:14:04 -0700|Daniel Weeks|Core: Allow disabling token exchange as refresh (#13809)
24447bfbec9c1ab4acb64b2b98e3e58d15d16006|2025-08-15 14:49:54 -0500|Anurag Mantripragada|Spark 4.0: Disable executor cache for delete files in RewriteDataFilesSparkAction (#13820)
d5476cae1b4e9b560f0126b7b9117630da9a37ca|2025-08-15 14:11:40 -0600|Prashant Singh|Core: Request/Response models and parsers for REST Scan Planning  (#13004)
3685b5558fa9e1c3d9b96aebb5937462f4cd2d07|2025-08-15 20:45:09 -0700|GuoYu|Flink: Fix hash code comparison for requesting global statistics in DataStatisticsCoordinator (#13827)
0b599bc37e39b3893e443393136c7fddc8391d6d|2025-08-16 09:19:08 +0200|GuoYu|Flink: Backport fix hash code comparison for requesting global statistics in DataStatisticsCoordinator (#13830)
187c7ad5b34d029ef676744704417b4ca85ec548|2025-08-17 23:53:11 +0200|dependabot[bot]|Build: Bump mkdocs-macros-plugin from 1.3.7 to 1.3.9 (#13846)
a8e3a2f712ec1af7a421344862b4fa41f4e990a7|2025-08-18 00:01:00 +0200|dependabot[bot]|Build: Bump mkdocs-material from 9.6.16 to 9.6.17 (#13845)
a0ef46355b809d33b83f3e28eec2795051c4578d|2025-08-17 21:02:16 -0700|slfan1989|Flink: Fix ResultSet resource leak in JdbcLockFactory.initializeLockTables(). (#13821)
54c8af1d9e4e8ef70004e6c4974a23b4e3c2f382|2025-08-17 22:06:08 -0700|GuoYu|Flink: Fix schedule data file size incorrect in RewriteDataFilesConfig (#13848)
090f3ef2c3bd6270d940db8dc963b7ee09f407b1|2025-08-17 22:34:22 -0700|dependabot[bot]|Build: Bump software.amazon.awssdk:bom from 2.32.19 to 2.32.24 (#13843)
88a7194302fedb96ea75eb573c5803aeb0f3e749|2025-08-17 22:36:23 -0700|dependabot[bot]|Build: Bump org.immutables:value from 2.11.2 to 2.11.3 (#13839)
82cad78a9ad6e413a2047bef33b08ae8bfcc856f|2025-08-17 23:51:04 -0700|slfan1989|backport #13821. (#13849)
3dc3237ae6396c8ca0574ae277dcba74b871b1fe|2025-08-18 09:35:23 +0200|dependabot[bot]|Build: Bump datamodel-code-generator from 0.32.0 to 0.33.0 (#13844)
ab9219317074b22634d3b16218950ecd48e5c924|2025-08-18 09:35:38 +0200|dependabot[bot]|Build: Bump net.snowflake:snowflake-jdbc from 3.25.1 to 3.26.0 (#13842)
4b0fecd371ea4278c6d59e3c3d8c0fd339b9ad3a|2025-08-18 09:35:52 +0200|dependabot[bot]|Build: Bump com.google.cloud:libraries-bom from 26.65.0 to 26.66.0 (#13841)
43fa85598e3cf4295c04bab0552acd96740192f3|2025-08-18 09:36:09 +0200|dependabot[bot]|Build: Bump io.netty:netty-buffer from 4.2.3.Final to 4.2.4.Final (#13840)
389c04cfb0d97c34d8321439f501f9b1c0f7d72d|2025-08-18 09:36:22 +0200|dependabot[bot]|Build: Bump jetty from 11.0.25 to 11.0.26 (#13838)
0d26e1f1eec1ff67d4633b4bc38cd7ceb65a99a2|2025-08-18 13:23:49 -0700|Manu Zhang|Spark 4.0: Add removed_delete_files_count to result of RewriteDataFilesProcedure (#13657)
84172252a1f2537549e52b174299cbf715138760|2025-08-18 14:18:45 -0700|Filipe Regadas|Add planWith to FindFiles to leverage ParallelIterable (#13836)
856cbf6eb8a85dee01c65ae6291274b700f76746|2025-08-18 15:07:28 -0700|Hongyue/Steve Zhang|Core, Docs: Update write.metadata.metrics.max-inferred-column-defaults documentation and add benchmark (#13785)
6017fec2b67884424f152e497424e48414c4a4f3|2025-08-18 22:14:28 -0700|Manu Zhang| Spark 3.5, 3.4: Add removed_delete_files_count to result of RewriteDataFilesProcedure (#13862)
2c42237a732d195b21226f9988c91e9f1c171d7b|2025-08-18 22:42:23 -0700|Itamar Weiss|feat: make RESTCatalogServer catalog name configurable (#13750)
ede5b5a2faa074bc8054f0a29efbe53dde3f3f3e|2025-08-19 08:35:41 +0200|Kevin Liu|Azure: Support access token authentication via the new `adls.token` property (#13825)
c588d8d516500290a26619e5b48bdcab6ee37b6e|2025-08-19 11:37:47 +0200|Yuya Ebihara|Revert "Docker: Pin QEMU version temporarily (#12262)" (#13861)
0478ff7dc8e4c048e0a1101df11656a00b9f81cd|2025-08-19 16:11:53 +0200|Maximilian Michels|Docs: Fix table of contents in Flink docs (#13864)
65301261052da712f8d3140bee12c052afb7b03d|2025-08-19 09:48:44 -0700|Manu Zhang|Docs: Add removed_delete_files_count to rewrite_data_files output (#13865)
88500ecb457299cd46c5e075d29556ffdd5eaad5|2025-08-19 09:49:57 -0700|Anoop Johnson|Core: Rewrite the Iceberg Arrow schema translation to use the visitor pattern (#13699)
3e443d582ecd2fd03e998840e45aead3f329bdcd|2025-08-19 22:15:49 +0200|Gabriel Igliozzi|Hive: Throw `NoSuchViewException` when loading an Iceberg table as a view (#13847)
83df4dde388087fc5e2a74cf2ee72a5cce8036f7|2025-08-20 12:41:34 +0200|Yujiang Zhong|Core: Deprecate TableMetadataParser#read with unused file io parameter (#13871)
2e30452826fce5e7c55e4e6ad74e35d212979036|2025-08-20 16:17:03 +0200|Robin Moffatt|Docs: Add exactly once semantics note to Flink docs (#13875)
07c088fce9c54369864dcb6da16006e78206048b|2025-08-20 10:00:22 -0500|Zach Dischner|API, Spark 3.5: Adding new rewrite manifest spark action to accept custom partition order (#12840)
d5e3a56b3150b0e97adf52673526104d01e3aaa6|2025-08-20 12:20:03 -0700|Fokko Driesprong|Spark 3.4: Support Parquet dictionary encoded UUIDs (#13877)
2012f661a19e613abec2ef0024d7b340c9620f14|2025-08-20 15:25:23 -0700|Anurag Mantripragada|Spark 3.5, 3.4: Disable executor cache for delete files in RewriteDataFilesSparkAction (#13868)
efc27f9deed0511653ffb94612a8bfcd1489df42|2025-08-21 14:40:11 +0200|Nándor Kollár|Arrow: Add nanosec precision timestamp (#13562)
7d220eb93815c8e5a0947571005a251f3deadd49|2025-08-21 16:52:54 +0200|GuoYu|Flink: Supports delete orphan files in TableMaintenance (#13302)
0cb18a79295e3b2a45e0d57e05f7029e5af5a64a|2025-08-21 19:01:21 +0200|GuoYu|Flink: Move state import in SkipOnError from v2 to v1 (#13888)
7816de0f50d29923492158f4622eb5f85e81ec33|2025-08-21 22:03:53 +0200|GuoYu|Flink: Backport supports delete orphan files in TableMaintenance to 1.19 and 1.20 (#13887)
8ce6b9529bc466f7d8e0677e0d9e9485a770e361|2025-08-21 13:16:37 -0700|Swapna Marru|Flink: support source parallelism config via property or hint (#13878)
75ef4940dfb8a05dea55d067f2b038f656fd468c|2025-08-21 15:27:43 -0700|Zach Dischner|Porting custom spark manifest rewrite order to spark 3.4 and 4.0 (#13893)
c205503864b8dc0cf9562b30f47c3168f1cd86c9|2025-08-21 15:59:30 -0700|Prashant Singh|Spec, Core: Mark 503 as non retryable error code for Update Table (#13619)
fd5d46982e48252fecaf186531660ac509b43bbe|2025-08-21 17:27:57 -0700|Swapna Marru|Flink: Backport#13878 custom source parallelism (#13894)
36bb82675ff68ac0ed059d4db62550d30aa35760|2025-08-22 06:46:12 +0200|Yuya Ebihara|Spark: Fix errorprone warnings (#13896)
32b86f34df7add9b6667e66d6110854df2186e78|2025-08-22 11:40:11 +0200|Yuya Ebihara|Spark 3.4, 3.5: Fix errorprone warnings (#13897)
86665c9b868bae8953ff819b183735a68e6f39cc|2025-08-22 15:59:29 +0200|slfan1989|Flink: Refactor ZkLockFactory to improve code readability and maintainability. (#13795)
b82dac4858fb2d15929a797660252c50f8e00ed8|2025-08-22 11:33:02 -0700|Anurag Mantripragada|Spark 4.0: Fix source location in stats file copy plan in RewriteTablePathSparkAction (#13881)
0e6633bce644faf0fed189229bc2145e48f183ec|2025-08-22 14:33:12 -0700|Anatoly Popov|Fix S3InputStream.readFully connection leak (#13899)
bfaafa7eefde8f24272b192d381ff874afb8aa80|2025-08-22 14:45:58 -0700|Kevin Liu|spec: be explict about nullability of `LoadTableResult`'s `metadata-location` field (#13904)
b7effe8df607fe482a2cc6db0ac331dcbdc1bce3|2025-08-22 14:47:33 -0700|Kevin Liu|update REST spec to clarify `AssertRefSnapshotId`'s `snapshot-id` field as required (#13902)
6f0ecfc092380db180dbf92ce8b6fbebe93f00e0|2025-08-24 08:58:43 +0200|slfan1989|Flink: Backport Refactor ZkLockFactory to improve code readability and maintainability. (#13906)
1e9739de255dcfc3a3c7b3f45ce0e46b09ea8ab5|2025-08-24 09:18:20 +0200|dependabot[bot]|Build: Bump nessie from 0.104.3 to 0.104.5 (#13910)
adc02fd0684a6d69b9098a1ed98af2edb86534c1|2025-08-24 09:19:58 +0200|dependabot[bot]|Build: Bump software.amazon.awssdk:bom from 2.32.24 to 2.32.29 (#13911)
4e71502ef1922e053aa324d73fd2de9f3481f9b7|2025-08-24 09:20:24 +0200|dependabot[bot]|Build: Bump mkdocs-material from 9.6.17 to 9.6.18 (#13912)
59226cac9ef3fc301f4644ce30acbbdcbdad99d5|2025-08-25 09:23:31 +0200|ayushjariyal|Docs: Update API docs and remove `iceberg-hive3` reference (#13898)
9c7ed05846c12b542c8c90c9fe6d5dad379f7319|2025-08-25 12:39:29 +0200|dependabot[bot]|Build: Bump software.amazon.s3.analyticsaccelerator:analyticsaccelerator-s3 (#13909)
56fa9e5ebbde6d9432ec1ed1c6a52e7d81a1c634|2025-08-25 15:08:49 +0200|Adam Szita|GCP: KeyManagementClient implementation that works with Google Cloud KMS (#13334)
8f180d62cd7ed95a645e0c4436d96cdb24683b29|2025-08-25 07:00:12 -0700|Anurag Mantripragada|Spark 3.4, 3.5: Backport #13881 to fix source location in stats file copy plan in RewriteTablePathSparkAction
360fb21d96b381ee4bc7b9594e2c4ed242f08754|2025-08-25 08:05:22 -0600|Anatoly Popov|AWS, Azure: Fix S3InputStream and ADLSInputStream connection leaks (#13905)
2df7dc760a63622c0ecd884155e471b27989191d|2025-08-25 16:28:23 +0200|JeonDaehong|Docs: Add docs for Table Maintenance in Flink (#13853)
ec3052b178e2f0c3116ba5f4a4e4f8de3a9e30ef|2025-08-25 10:58:36 -0500|Shreyas|Docs: Add dltHub to list of vendors (#13920)
5d5e0a3559946a94be2979f3ff9a09f3b8e67f19|2025-08-25 13:01:29 -0700|Eric Maynard|Test both vectorized and nonvectorized readers in Parquet golden file tests (#13890)
9f266917b658931f3b704cd9c50b3f5d0da90cb7|2025-08-26 07:19:13 -0700|Steven Zhen Wu|Spec: clarify the partition-spec metadata for Avro manifest file (#13895)
9b5327295d4c564ca441ff29a659cf401c2ab893|2025-08-27 10:11:13 -0700|hsiang-c|Spark: (unit test) Order query result deterministically (#13891)
2b66fc553acc0e7ddc9edcdb26095daf4e8a04c2|2025-08-27 13:23:38 -0700|ismail simsek|Docs: Add Memiiso Debezium to third party integrations (#13773)
28555ad8fbad77a4067b6ee2afbdea15428dea26|2025-08-27 20:37:25 -0600|gtrettenero|Core: Parallelize determining of files to cleanup in IncrementalFileCleanup (#13926)
1128040efeec7d3190f528d266e07342dec67e0a|2025-08-28 13:11:56 -0700|Steven Zhen Wu|Flink: add unit test to check skewness across tasks for range partitioner (#13900)
55159939b0a98dd43fe3db9b9f875db836a55c5c|2025-08-28 14:37:46 -0700|slfan1989|Flink: Improve ConfigOption Descriptions for Flink Table Maintenance Configs. (#13832)
4294e9746dd3de05bfe6f52e4a055e59353eb2f0|2025-08-28 18:53:52 -0500|Badal Prasad Singh|Docs: OLake added to Vendors (#13931)
a8726d3e14f1f11ceab53d5216d2e2a42759f28b|2025-08-28 18:54:23 -0500|Russell Spitzer|Arrow, Spark: Fix Direct Memory Leak on Vectorized Parquet Mixed Encoding Pages (#13935)
07982104caff495cf5de20f7c0de3cd215a4ff29|2025-08-28 17:01:20 -0700|Fokko Driesprong|Spark 4: Read and write UnknownType (#13445)
f2e5839e8957c1936ca35b1007237aaad4856ced|2025-08-28 20:41:59 -0700|slfan1989|Flink: Backport Improve ConfigOption Descriptions for Flink Table Maintenance Configs. (#13944)
87cade9cfcf5256248e525256118a865bb1923c5|2025-08-28 21:14:04 -0700|Steven Zhen Wu|Flink: backport PR #13900 for adding unit test of skewness for range partitioner (#13943)
f3e906240ed920205b0bfa4625420a09bf0c6c6a|2025-08-28 22:59:32 -0600|JB Onofré|REST Spec: Update the max allowed table format version to 3 (#13505)
f82cdd4ccf1bbd7c94ea12be4f465525d29935a7|2025-08-29 07:25:49 -0700|Fokko Driesprong|Build: Release with JDK17 (#13946)
10fad0c7a8620af858c2d338d5ddf30a6e9c4968|2025-08-29 13:05:55 -0500|Badal Prasad Singh|Docs: Add OLake (ELT) (#13929)
65dd3de4ae5fd9ee5244893ed8e05f2f5679dd71|2025-08-29 11:22:31 -0700|Raghav Mahajan|Only warn if OAuth2 server URI is not set (#13741)
ecf0ac7595dbcd045a65b3c9db048dfdf469a0ee|2025-08-29 11:23:39 -0700|yguy-ryft|Docs: metadata deletion doc fix (#13432)
9ca03da2c8d807a2a0215b92d403fb11c91aaa39|2025-08-29 22:37:32 +0300|GuoYu|Doc: Flink Maintenance add Delete OrphansFiles part (#13923)
256a3a06e77f446f7a8c060a8f4500a95102bb59|2025-08-30 17:02:25 -0700|Steven Zhen Wu|Build: add spark 4.0 to stage-binaries.sh (#13948)
80809ce59a7f8ab95f82146ba7955628b580d271|2025-08-31 10:30:46 -0700|Steven Zhen Wu|Build: add gradle options --no-parallel and --no-configuration-cache to stage-binaries.sh (#13958)
eb36ea62abfbb7a9accd36ae08ae2c64800fbab6|2025-09-01 05:11:50 +0200|dependabot[bot]|Build: Bump software.amazon.awssdk:bom from 2.32.29 to 2.33.0 (#13955)
01774476510d5317a82079978346fdd2530635ae|2025-09-01 05:12:07 +0200|dependabot[bot]|Build: Bump net.snowflake:snowflake-jdbc from 3.26.0 to 3.26.1 (#13950)
d8767f1b56a4de379d3d49a5c2f02bab4b0e330f|2025-08-31 22:32:04 -0700|Kevin Liu|Release: add link to verify release (#13960)
76ff67c658066bd7d05ce4ce54a1d6340ee0a899|2025-09-01 21:21:29 -0700|Peter Nguyen|Update nessie version in docs to 0.104.5 (#13969)
3c8da4f172ec23b50bf24421db4151d1f3be9e81|2025-09-02 12:30:43 -0500|Russell Spitzer|Test, Spark: Use Single Splits to Improve the Speed of Rewrite Tests (#13947)
8bcfa610a2a742ce66d480b87cbd583f27d555d5|2025-09-02 12:38:05 -0500|Russell Spitzer|Data, Flink, Spark: Use TestHelpers for FormatVersion (#13880)
fdd04c9706379241b3615d77e1080f7f05a4b841|2025-09-02 16:41:56 -0700|Steven Zhen Wu|Infra: update how-to-release.md doc on potential multiple staging repositories in a corp network with floating IPs for outbound requests (#13978)
12ab7fc3d6d53534da02decdab99133853b36dfd|2025-09-03 06:54:53 -0700|Fokko Driesprong|Parquet: Bump Parquet-Java to 1.16.0 and use logical annotation for variant type (#13941)
170189e17ca0fd423e690d0de52380fa092177fd|2025-09-03 09:59:05 -0700|Robin Moffatt|[docs] Add Kafka->Iceberg blog post to blogs.md (#13965)
be03c998d96d0d1fae13aa8c53d6c7c87e2d60ba|2025-09-03 17:50:03 -0700|jackylee|Core: Use safeContainsKey to avoid NPE for CountNonNull (#13980)
2a33050420ac7e9f92985dd5d8b983ce38ee7029|2025-09-04 11:07:03 -0500|Huaxin Gao|Arrow: Add a precondition check in allocateFieldVector (#13949)
c64c89fbb5390c7c796e022b939118539c7195e1|2025-09-04 09:31:18 -0700|emkornfield|[SPEC] Add implementation note about schema evolution (#13936)
8a6b56474037f846878a3a6e24f48c1fce4cc004|2025-09-04 09:58:31 -0700|Anatoly Popov|Cleanup TestS3OutputStream integration tests by delegating file cleanup to JUnit (#13983)
a22d08c23e6471ff91048cfea4da09221d59167f|2025-09-04 10:38:29 -0700|Steven Zhen Wu|Spark: use lookback address for spark session in tests to work with more restrictive firewall env on dev machines (#13993)
173d4c32840e1be1efb559a174e8b97a0e62fb98|2025-09-04 12:34:46 -0700|Steven Zhen Wu|Spark: backport PR #13993 to use loopback address for spark driver in tests (#13994)
7c9556b7c0f7bcaba0c2ec66f9edb4d23580920c|2025-09-04 19:32:24 -0700|jackylee|REST: Fix port binding problem with TIME_WAIT for RESTCatalogServer in test fixture (#13992)
2114bf631e49af532d66e2ce148ee49dd1dd1f1f|2025-09-05 10:53:00 -0700|JB Onofré|Fix versions in LICENSE and NOTICE files. (#14001)
57ec535d0ed749d93c93f8dba085ee70ad6eee84|2025-09-05 13:00:07 -0700|emkornfield|Revert "[SPEC] Add implementation note about schema evolution (#13936)" (#14002)
7b9ea75ebe93801eaa908c28e9ef18ab205ffb80|2025-09-06 15:09:38 -0700|Anatoly Popov|Fixing AssertJ assertions in TestS3FileIOProperties (#14005)
dd35839a762c0d858c54bda4fb0663d74bc471d8|2025-09-07 20:07:48 +0200|dependabot[bot]|Build: Bump io.netty:netty-buffer from 4.2.4.Final to 4.2.5.Final (#14008)
bd15ba551f821aba22265d31ad541d9d1ed7b222|2025-09-07 20:44:28 +0200|dependabot[bot]|Build: Bump com.azure:azure-sdk-bom from 1.2.37 to 1.2.38 (#14010)
b9014648dbe5ab42c7f7cec601313dd2a57a0811|2025-09-07 22:14:44 +0200|dependabot[bot]|Build: Bump com.google.cloud:libraries-bom from 26.66.0 to 26.67.0 (#13952)
485c2651e8fb73a2d4192885dbfd77d7368c2d92|2025-09-07 14:18:30 -0700|dependabot[bot]|Build: Bump software.amazon.awssdk:bom from 2.33.0 to 2.33.4 (#14009)
c8541db1c905e05891596ffe157c12392e38c93c|2025-09-07 16:12:20 -0700|drexler-sky|Bump Spark version to 4.0.1 (#14019)
f0a030a7cf89de3d4f5ddbb8f257b413fe504da5|2025-09-08 08:39:48 +0200|Manu Zhang|Site: Bump up mkdocs-monorepo-plugin to 1.1.2 (#14015)
76f21d8ac7c2219b3bd59c22113611b3ceef612d|2025-09-08 13:54:31 +0200|Robin Moffatt|[docs] Move third-party integrations to root level of left-hand nav, add more catalogs (#13753)
9ea3b136c2d06af1d5167900b7253e7b850db9f4|2025-09-08 14:00:06 +0200|gaborkaszab|Core: Extended header support for RESTClient implementations (#12194)
f35e88da47705430b96cfa777b77dda22d1949b7|2025-09-08 17:14:12 +0200|Manu Zhang|Revert "Site: Bump up mkdocs-monorepo-plugin to 1.1.2 (#14015)" (#14022)
300532cd3b45812d60c621d6fc5d1801b295e4b6|2025-09-08 17:29:27 +0200|dependabot[bot]|Build: Bump org.openapitools:openapi-generator-gradle-plugin (#14011)
bc56756f651c66350ad92949f9d1d3f37aeddf10|2025-09-08 08:30:49 -0700|slfan1989|Spark 4.0: Add Support for PartitionStatistics Files in RewriteTablePath. (#13956)
4f48b51666a3fe43f519eaa1fffc05835396a39f|2025-09-08 08:33:25 -0700|Fokko Driesprong|docs: flink: Fix updated link (#14024)
8871bbcf4ffce83be7d1be8d75bf06e5ce7b36e4|2025-09-08 19:59:18 +0200|Manu Zhang|Build: Add Docs Build CI (#14025)
d731489b436179b38fc322e89bb42a24b31851ac|2025-09-08 13:59:23 -0700|Alex Prosak|Spark 3.5: Support Trigger AvailableNow in Structured Streaming (#13824)
ea2071568dc66148b483a82eefedcd2992b435f7|2025-09-09 10:47:21 -0500|Yuya Ebihara|Test: Avoid running redundant tests (#14036)
24ca356fb4ecd48d593949fd25c852c21bc87d53|2025-09-09 10:13:25 -0700|Alex Prosak|Spark 4.0, 3.4: Backport #13824 to Support Trigger AvailableNow in SS (#14026)
720ef99720a1c59e4670db983c951243dffc4f3e|2025-09-09 20:16:06 +0200|Fokko Driesprong|Remove BladePipe due to broken links (#14033)
a5f6f449b31dc5cf3da2d8e5e192250b2008f1a5|2025-09-11 11:23:27 +0200|Maximilian Michels|Flink: Fix flaky tests for Iceberg sink and improve assert description (#14044)
d1771207c9040f1c8b6886665b56d1a972fe402a|2025-09-11 14:10:57 +0200|Maximilian Michels|Flink: Backport fix flaky tests for Iceberg sink (#14050)
46ab802cdc6ff39c05a3fecc608a721b26aece7f|2025-09-11 18:18:48 +0200|gaborkaszab|Core: Rename `resp` to `response` in RESTCatalogAdapter (#14051)
3448ca228b889822b4afa97fb38bd8f1b6376627|2025-09-11 11:27:10 -0700|Steven Zhen Wu|Site, Build: finalize 1.10.0 release with notes and update revapi and links (#13996)
cced19af0fbdcb6719db2e09be3025d7e6e3d591|2025-09-11 11:35:02 -0700|kumarpritam863|Compulsorily close coordinator if task is stopped by the connect framework. (#13756)
4e154bd4efc2bb4ef0a8a8d14e436e7737ed582a|2025-09-11 14:46:09 -0500|JeonDaehong|Docs: Fix style of row-level deletes in spec
7a62efe3e35c55b8887e5374e11af97957080281|2025-09-11 22:01:28 +0200|Fokko Driesprong|docs: Add link to BladePipe (#14047)
b5ca14757f0d466e3cf06abb806754a50885d849|2025-09-11 15:45:55 -0700|Steven Zhen Wu|Site: fix up 1.10.0 release notes (#14055)
38b5d7a820d31d512918ea6d09d538be64551098|2025-09-11 17:43:24 -0700|Raveendra Pujari|Docs: Remove extra `\` in Kafka Connect Configuration docs (#13240)
723d0998d69f254822efd6f8939e71c0723aaab2|2025-09-12 15:26:48 +0200|Maximilian Michels|Docs: Update supported Flink versions (#13611)
05cd8b52e7d06d0d246475bd11f138d25947fd13|2025-09-12 19:54:14 +0200|Christian|fix: Make TableMetadataV3ValidMinimal actually v3 (#14061)
f084616eddb40404db6bafc9c700a9c00bffccd4|2025-09-14 18:43:24 +0200|dependabot[bot]|Build: Bump io.netty:netty-buffer from 4.2.5.Final to 4.2.6.Final (#14075)
023fa3e03d96e000bf3f31d72b6a3deb3ef30a4d|2025-09-14 18:50:31 +0200|dependabot[bot]|Build: Bump software.amazon.awssdk:bom from 2.33.4 to 2.33.9 (#14073)
b806966ecb6e1855a4d6c8ee3e7182b0d52f7c53|2025-09-14 19:58:06 +0200|dependabot[bot]|Build: Bump mkdocs-material from 9.6.18 to 9.6.19 (#14074)
dec44392c0afcf02e8d13a413d5fbbea9d1ae89a|2025-09-15 08:51:19 +0200|Nándor Kollár|Arrow: delete outdated comment (#14068)
5112ec998722fdcae0600d3fe929d70adf332dc8|2025-09-15 08:56:13 +0200|Yuya Ebihara|Core: Don't copy stats of delete files in DeleteFileIndex (#13161)
4e9f9ccac9d418a779aec883fde2d47c9471828f|2025-09-15 09:54:40 +0200|gaborkaszab|Core: Move properties of REST catalog into RESTCatalogProperties (#13991)
e0da08ca5017eb44ea0dbb9c7f4ae5bc21528a7a|2025-09-15 10:04:41 +0200|pvary|Spec: Deprecate Position delete files with row data (#14045)
088efad2327b617a697d02dd9bfd8cf652269dd4|2025-09-15 10:15:34 +0200|smaheshwar-pltr|Azure: Don't fetch credential from endpoint if properties contain a valid credential (#13966)
3e1ea48d36531fc4956d370b51e341da2b5e3f6f|2025-09-15 14:38:33 -0500|Manikandan R|API: Enables sanitizing Variant data type #11479 (#13137)
754679ddccdf81a97dc65d40f1a2a6fb9f6ee9b0|2025-09-15 15:31:08 -0700|Kevin Liu|docs: use * for path expansion instead of hardcoding version (#13989)
b38423d614d819268040ce9f48e4a4593220ba8d|2025-09-15 17:37:51 -0700|Steven Zhen Wu|Infra: update how-to-release doc and site scripts on releasing versioned doc and javadoc based on learnings from 1.10.0 release (#14066)
96040dc600c5ff122cf8774c8a5d3fd75404f6a2|2025-09-15 18:19:16 -0700|Steven Zhen Wu|Site: change default remote name back to origin. otherwise, site CI could fail. (#14086)
9cc4f5b9620d06cbb411ff73fd50e1a9ef17c8a8|2025-09-15 18:47:41 -0700|Steven Zhen Wu|Infra: add .sdkmanrc to .gitignore file (#14085)
3bbdee97b0f33794df091c3292de8d54a05dcc1e|2025-09-16 09:08:14 -0700|slfan1989|Spark 3.4: Backport: Add procedure and action to compute partition stats. (#14034)
b8c3e20722728c8b16555e385d2c326d70a5d989|2025-09-16 09:51:35 -0700|Alex Prosak|Docs: Update Spark Structured Streaming docs for Rate Limiting & Triggers (#14030)
ee90c10e39cec0ccceb9425e03a3e0b5690daf3b|2025-09-16 12:35:42 -0500|fivetran-caseykarst|Site: Updates vendors.md adding Fivetran (#14088)
b7ee7c0748a41dabbfaa954629ccf9af6e2620c7|2025-09-17 07:29:01 -0700|Eric Maynard|Backport Parquet encoding tests for Spark 3.5 (#13859)
ade12635baf7345e6a367899ff61f73a971aeaff|2025-09-17 09:44:24 -0700|jackylee|Core: Add CountNull Aggregation Support (#13981)
87fce5fbe92de69ac3dfd5ca122535417ef6b072|2025-09-17 09:59:15 -0700|Gabriel Igliozzi|Core: Allow reading metadata table when scanning table with dropped partition source field (#14089)
7eef46da0d00edb79b20d24cb7806f6ea8da4000|2025-09-17 10:15:26 -0700|slfan1989|Spark 3.4, 3.5: Backport Add Support for PartitionStatistics Files in RewriteTablePath. (#14032)
7a4b69fff4e3359df831008b5a5722a531e51af9|2025-09-17 23:27:06 -0400|Hang Chen|Add StreamNative to the vendor list (#14097)
1d558a9d3afcfef80a7e4632dfad71b091e453f1|2025-09-17 20:43:32 -0700|Steven Zhen Wu|Spec: bring back added-rows in snapshot fields (#14048)
345140e9f7d428fcc3b4fcc639a690084a698b76|2025-09-18 16:35:17 -0600|Doğukan Çağatay|AWS, Core, Data, Spark: Remove deprecations for 1.11.0 (#14059)
c05f6c98d66a5a05ec5dca0b7a1c28036187317d|2025-09-19 08:53:17 +0200|Dejan Gvozdenac|API: required nested fields within optional structs can produce null (#13804)
2de7a7a911c8cb5e621a6440409148e5e79c5740|2025-09-19 11:09:49 +0200|Yuya Ebihara|Core: Make deprecated methods package-private in PartitionStats (#14119)
8d88846ec46bfca60d73d239e8bb34a740f8f0ce|2025-09-19 11:11:02 +0200|Ron Kapoor|Docs: Add Spark 4.0 to lifecycle status (#14116)
ded2d0a945eb04234e592f18dba748681facc223|2025-09-19 07:36:48 -0700|Maximilian Michels|Flink: Move Flink v2.0 to v2.1 directory
f4d892e2cbdf766a4d15df5e387659791676282c|2025-09-19 07:36:48 -0700|Maximilian Michels|Flink: Add back v2.0 directory
58da08695b8595cd93847a7f3133edcc82a9ca5f|2025-09-19 07:36:48 -0700|Maximilian Michels|Flink: Adjust build scripts for Flink 2.1
c56f497992702d75a26853fdac09932cc309f90a|2025-09-19 07:36:48 -0700|Maximilian Michels|Flink: Code changes for Flink 2.1
487ea1ae9a449324fcadde900f9e2c36d1bbe5cf|2025-09-19 07:36:48 -0700|Maximilian Michels|Flink: Remove support for Flink 1.19
804dd865e2fb6aee7988d8c56127f236099bdb0f|2025-09-19 09:03:18 -0700|Robert Stupp|Add "stop signs" for sensitive information/issues to all issue templates (#14103)
a73a5c0915eb339464453a720d01cf437152fe7b|2025-09-19 09:05:09 -0700|Robert Stupp|Add "stop signs" for sensitive information/issues to all issue templates (#14103)
998eb87ee295cb82e02107ca25d147c31a29256c|2025-09-19 13:46:19 -0700|Thomas|BigQuery: Add table validity check for BigQueryMetastoreCatalog (#14113)
b53d97d3bf14f0c334e5af488959ba01d2c6e53e|2025-09-19 14:10:43 -0700|Hongyue/Steve Zhang|[Core] Add mergeAppendTest to ensure consist distribution of data files in manifests (#14111)
b99caa4aaf53bb30eebcb478743d3845e76ccf4c|2025-09-20 10:01:08 -0600|Prashant Singh|Core: Fix Scan Plan API resource paths (#14120)
29802c3c97a4d48a9f130b35e67b0117876b3952|2025-09-20 10:36:55 -0700|slfan1989|Build: Bump hadoop from 3.4.1 to 3.4.2. (#14125)
fb63af014c39f687f3016a1b3c8bde4a494e9a4a|2025-09-20 12:09:10 -0600|Drew Gallardo|Parquet, Data, Spark: Fix variant type filtering in ParquetMetricsRowGroupFilter (#14081)
91f457e0cde5d6e51c23f8df73fe3f4cf2c371c8|2025-09-20 22:31:58 -0700|dependabot[bot]|Build: Bump software.amazon.awssdk:bom from 2.33.9 to 2.34.0 (#14133)
de8c10632d1d02368197c218dde9bff5b9f153a2|2025-09-20 22:32:19 -0700|dependabot[bot]|Build: Bump mkdocs-material from 9.6.19 to 9.6.20 (#14131)
4cb98f22dc225fe217945ce1fd303d55e86e3597|2025-09-20 22:33:48 -0700|dependabot[bot]|Build: Bump org.assertj:assertj-core from 3.27.4 to 3.27.5 (#14130)
11f3dcb3011fe5e37a4ec57fbc7a0c859ad5f24e|2025-09-22 08:46:34 -0700|ggershinsky|Manifest list encryption (#7770)
16fa673782233eb2b692d463deb8be3e52c5f378|2025-09-22 10:58:12 -0700|Manu Zhang|Flink: Add support for Flink 2.1.0 follow-up (#14156)
6b80e5c42beb856be5c84c00b9f96d7ff268a7d7|2025-09-23 10:11:20 +0200|dependabot[bot]|Build: Bump guava from 33.4.8-jre to 33.5.0-jre (#14128)
6829c3e3db31c4881556998a2d87b129aa9a8654|2025-09-23 15:11:43 +0200|GuoYu|Flink: add _row_id and _last_updated_sequence_number readers (#14148)
a71f521d276f01b1b8a1e72fbf17068a149a31d7|2025-09-23 09:15:49 -0600|Fokko Driesprong|Spark 4.0: Pass `format-version` when creating a snapshot in table migration actions (#14163)
2034b79dfd33519e292d52e711f4cf44c09b8a06|2025-09-23 09:34:15 -0600|GuoYu|Flink: Backport add _row_id and _last_updated_sequence_number readers to 2.1 and 1.20 (#14168)
76f7c812a183bff02ad76c1411683432e3f86221|2025-09-23 21:55:01 +0200|Fokko Driesprong|Spark 3.5: Pass format-version when creating a snapshot in table migration actions (#14169)
d09815b0ecd4c0a80411df89908898be9fafb70b|2025-09-23 21:55:12 +0200|Fokko Driesprong|Spark 3.4: Pass format-version when creating a snapshot (#14170)
1ed0a755f7097b8b70375a45b9ad5b4447a7f6a6|2025-09-24 00:30:27 +0200|dependabot[bot]|Build: Bump com.google.errorprone:error_prone_annotations (#14132)
5f30e4fae80fc8dc589e477cfe76b63d3f08b80b|2025-09-24 17:46:42 +0200|slfan1989|API, Spark 4.0: Add create_file_list option to RewriteTablePathProcedure. (#13837)
16c9dd6c07d3288ef2b3d504c6af7ba817159d48|2025-09-24 17:48:10 +0200|slfan1989|Spark 4.0: Refactor Spark procedures to consistently use ProcedureInput for parameter handling. (#13913)
ce85b8f74ffd288daadcd8b3f0879a3788304e41|2025-09-25 08:24:27 +0200|Piyush Dubey|Docs: Add REST catalog authentication properties (#14065)
317ebe53ea295e92e440913c6369189a664691db|2025-09-25 08:26:40 +0200|slfan1989|Docs: Enhance RewriteTablePath procedure documentation with parameter details. (#14181)
fbb7136fa9c0605ed2553053606276857c306f99|2025-09-25 16:27:30 +0200|slfan1989|Spark 3.5: Refactor Spark procedures to consistently use ProcedureInput for parameter handling. (#14179)
df01d88c9360cda398c40493eb4135181a8976c5|2025-09-25 13:44:45 -0600|Denys Kuzmenko|Parquet: Expose variantShreddingFunc() in Parquet.DataWriteBuilder (#14153)
ccef3f4f46726188ecbb8849698c047f4fca94ac|2025-09-25 17:12:18 -0700|slfan1989|Spark 3.4: Refactor Spark procedures to consistently use ProcedureInput for parameter handling. (#14185)
e8f0855db92a1f61812c4bc126c4b31591630c92|2025-09-25 23:55:26 -0700|Manu Zhang|Spark 3.5: Upgrade to Spark 3.5.7 (#14114)
85724f89d77c84c8424151a4f6e11292d09deea9|2025-09-26 14:22:17 +0200|Rodrigo|Flink: Adds uid-suffix write option to prevent operator UID hash collisions (#14063)
d9f096d2065f66f247359596bcc6a1167b2e342c|2025-09-26 08:45:58 -0700|slfan1989|Spark 3.4,3.5: Backport: Add create_file_list option to RewriteTablePathProcedure. (#14180)
2a49d93e53145906f8c6a6cadb91a331bdb1071d|2025-09-26 13:41:51 -0700|Christian|REST: Add missing "added-rows" field to snapshot metadata (#14177)
582d63b52f9e583bc5cb0eb933eb03b32d10aa32|2025-09-27 12:19:30 -0700|Marius Grama|Add reference to the Starburst connector (#14188)
69b5caaa9776f3dbb8903a6ce358c74485bf8d11|2025-09-28 12:28:40 +0200|Rodrigo|Flink: Backport add uid-suffix write option to prevent operator UID hash collisions (#14193)
5a05c79a05d5c52781e2f13dbd4b639a88696957|2025-09-29 08:58:03 +0200|dependabot[bot]|Build: Bump org.immutables:value from 2.11.3 to 2.11.4 (#14205)
29920daf522184438914e69da9e7c680b612edc1|2025-09-29 08:58:23 +0200|dependabot[bot]|Build: Bump org.apache.httpcomponents.client5:httpclient5 (#14202)
f0b34c0e0c110c6bb8dc0d32abf1979604a1c558|2025-09-29 08:58:39 +0200|dependabot[bot]|Build: Bump org.assertj:assertj-core from 3.27.5 to 3.27.6 (#14201)
124d29ef7ad26a0c291d0caeb66a31e51ed1da6f|2025-09-29 09:00:13 +0200|dependabot[bot]|Build: Bump software.amazon.awssdk:bom from 2.34.0 to 2.34.5 (#14206)
1f72ec14da28a5ed59e4e805323558bfc923c281|2025-09-29 09:00:36 +0200|dependabot[bot]|Build: Bump nessie from 0.104.5 to 0.105.3 (#14204)
c95dbef9a679a858da225e1fbddc8e5da100ac38|2025-09-29 14:00:09 +0200|Alessandro Nori|Docs: Document max-files-to-rewrite in Spark rewrite_data_files (#14211)
3860284b763a3a744e9ebb3b58278c4ba91f1f5d|2025-09-29 14:29:10 +0200|Maximilian Michels|Flink: Ensure DynamicCommitter Idempotence in the presence of failures (#14182)
9281c1b6ee18629adec1ec775644ff240eeb7efa|2025-09-29 15:29:18 +0200|Manu Zhang|AWS, Spark, Flink: Remove `org.jetbrains.annotations` (#14192)
6ee8252be487fd0e5242ce50cd443e47f347135c|2025-09-29 15:41:45 +0200|gaborkaszab|Core: Implement refs snapshot mode in reference IRC (#14060)
441597e22ef3ec1ea03fd837cbc1e5dffce899a4|2025-09-29 08:55:34 -0700|Maximilian Michels|Flink: Backport #14182: Ensure DynamicCommitter Idempotence in the presence of failures (#14213)
0442339856c5cb4990854b6376fe568b23df24d9|2025-09-29 13:19:48 -0700|dependabot[bot]|Build: Bump mkdocs-macros-plugin from 1.3.9 to 1.4.0 (#14203)
f9a41688e3ad67d30962b0d093698622b69cb0d9|2025-09-29 23:04:01 -0500|Russell Spitzer|Parquet, Core: Allows Internal Parquet Readers to use Custom Types (#14040)
8ae75596c8ba68b37d05ebd0647c8ba4e3a76cbf|2025-09-30 08:24:55 +0200|S N Munendra|Azure: Add support to specify token credential provider (#14136)
d1fddd8d6300438711ed4b0bb2a0efa329e162cb|2025-09-30 07:53:42 -0700|Russell Spitzer|Site: Remove Blogs and Talks From Site (#14110)
a2ac14180ecb8e38bb8172e715172b26194b763d|2025-09-30 08:21:24 -0700|stubz151|core: Adding read vector to range readable interface and adding mappe… (#13997)
00d18e38feb5439f715ee3c13e206e9445ed2faa|2025-09-30 08:50:19 -0700|Yubo Xu|Core: Handle unpartitioned check for a spec with all void transforms in replace partitions (#14186)
5c6629ef915061967fa67e4b981b0151cf8d42d4|2025-09-30 17:03:14 -0600|Daniel Weeks|AWS: exclude logging classes from bundle (#14225)
2b9a7e3fd42c8ab82d053760bced09cdbf82a1cf|2025-10-01 08:34:43 +0200|Владислав Самороков|BigQuery: Add iceberg-bigquery dependency to spark and flink build scripts (#14221)
6d5951149f5bd49d80141502ebb5b80c41cb29f7|2025-10-01 22:39:22 -0600|Alexandre Dutra|REST, OAuth2: Remove deprecated RefreshingAuthManager (#14229)
6fd5e29f3ef4b0fe62ab2805861bfcf3973f79c8|2025-10-02 08:02:58 +0200|Hugo Wong-Berard|Spark: Log failed catalog load in Spark3Util::catalogAndIdentifier (#14183)
a6ea2e38ab7c2ae98cbe85a65095c8abe82d2b8d|2025-10-02 09:30:56 -0700|Kevin Liu|infra: add analytics for iceberg.apache.org (#14158)
042f01a240439691ac67c6d67bd51cf5a4167dd2|2025-10-02 13:50:53 -0700|slfan1989|Build: Bump runner image from Ubuntu 22.04 to 24.04. (#14240)
990ceca865d53ba7ebb99879c5ee4801bd2a7ec2|2025-10-04 23:10:14 -0700|dependabot[bot]|Build: Bump software.amazon.awssdk:bom from 2.34.5 to 2.35.0 (#14252)
4f0f9f397c18d4b34a3c247fe36b8a393473fed7|2025-10-04 23:11:06 -0700|dependabot[bot]|Build: Bump org.openapitools:openapi-generator-gradle-plugin (#14253)
859edb6b2090ce56fd278c2dd9eb34fbe8f3beaf|2025-10-04 23:12:02 -0700|dependabot[bot]|Build: Bump mkdocs-material from 9.6.20 to 9.6.21 (#14255)
a9a237fd7aece1e5ec23553d32a84109026a085f|2025-10-05 09:33:12 -0700|dependabot[bot]|Build: Bump com.azure:azure-sdk-bom from 1.2.38 to 1.3.0 (#14257)
fa93604c8503ec5e02c48b403cbd7ec905c0af4c|2025-10-06 14:27:40 +0200|Yuya Ebihara|Build: Bump jackson-bom from 2.19.2 to 2.20.0 and jackson-annotations to 2.20 (#13961)
840497e3d73c45665610cb2e897d6f3eb53fd9f5|2025-10-07 07:43:59 -0700|Kevin Liu|Spark 3.4: Deprecate support (#14099)
620892cd70b5403e2571c1d119ce095887a0dfa5|2025-10-07 18:41:05 -0700|Tom Tanaka|Core, Spark: Deprecate `write.metadata.path` and use `location` to customize view location (#14212)
8bb66f7071cacfb69f37d72807836b5a841df0ea|2025-10-08 08:20:35 -0700|Eduard Tudenhoefner|Core: Deprecate Namespace Joiner/Splitter and use separate methods (#14274)
533a75c8a50a4c9ade7f22e03b61f2828e91e742|2025-10-08 08:41:55 -0700|Huaxin Gao|OpenAPI: Fix inconsistent error example names (#14248)
e70832cbd85700843020d49401db22fe27e32ae9|2025-10-08 17:46:46 +0200|dependabot[bot]|Build: Bump com.google.cloud:libraries-bom from 26.67.0 to 26.68.0 (#14134)
9be7c1820c5e27cc029590af1dfca470dbbeb8b7|2025-10-08 23:10:28 -0600|Aihua Xu|Parquet: Handle NPE for VariantLogicalType in TypeWithSchemaVisitor (#14261)
ca8fd16c4c3fb8c4f622d8758727e069ed8ccec5|2025-10-09 00:02:55 -0700|Shohei Okumiya|Docs: Mention Hive 4.1 (#14282)
9ee4d023f85d70e0a0c14431f2561af479508640|2025-10-09 07:16:23 -0700|Manu Zhang|Build: Upgrade datafusion-comet to 0.10.1 (#14273)
7f411135562e682916f8f411bfc7455e3f79956d|2025-10-09 16:20:21 -0700|André Rosa|Parquet,Docs: Add new table property to configure bloom-filter ndv (#14244)
a473b1c6e03f43afa2006fb7e8fc4d2ee969b751|2025-10-10 16:56:33 -0700|Eduard Tudenhoefner|API: Detect whether required fields nested within optionals can produce nulls (#14270)
77bc1d08ecd46b1d62a3fb51ad7d1935788f30be|2025-10-11 10:16:29 -0700|Thomas Powell|Make KMS endpoint configurable via kms.endpoint AWS property (#14246)
0fc9d7dde33711200fab69a643a2f972d2c94235|2025-10-11 22:20:16 -0700|dependabot[bot]|Build: Bump org.scala-lang.modules:scala-collection-compat_2.13 (#14303)
6ad5dd8188bfeb551b543a1cae47cfe936893d55|2025-10-11 22:21:42 -0700|dependabot[bot]|Build: Bump software.amazon.awssdk:bom from 2.35.0 to 2.35.5 (#14302)
765cf8d79ce2c920f65301ef288b46a21a95f50e|2025-10-11 22:23:05 -0700|dependabot[bot]|Build: Bump org.immutables:value from 2.11.4 to 2.11.6 (#14301)
06ebf07e671c3ee2b0d0add1c4dc849ab9cbf630|2025-10-11 22:24:02 -0700|dependabot[bot]|Build: Bump com.google.cloud:libraries-bom from 26.68.0 to 26.70.0 (#14298)
0e04429c4b36c116bd5bd124d96677665a426121|2025-10-12 08:08:50 -0700|dependabot[bot]|Build: Bump nessie from 0.105.3 to 0.105.4 (#14299)
acd3e4657d2f4e6bfe4d092fa88dd362bb50fedc|2025-10-12 09:39:52 -0700|dependabot[bot]|Build: Bump net.snowflake:snowflake-jdbc from 3.26.1 to 3.27.0 (#14304)
70101aad06acf22bce7a70f223f17a34b71db7da|2025-10-12 16:14:31 -0700|dependabot[bot]|Build: Bump datamodel-code-generator from 0.33.0 to 0.35.0 (#14300)
c67fda1d1970f48f815f4a3afc3a8109ff392046|2025-10-13 10:18:25 +0200|Yuya Ebihara|Test: Fix package of TestParquetPartitionStatsHandler and TestOrcPartitionStatsHandler (#14307)
59344e83dfa61ce5bd834d5a6de9a51dc04b9b6b|2025-10-13 11:51:08 +0200|GuoYu|Flink: Clear globalStatisticsState in init to avoid duplication (#14294)
6ca4009297483eaf6a66c865bb0498d778000b1a|2025-10-13 13:25:24 +0200|GuoYu|Flink: Backport clear globalStatisticsState in init to avoid duplication (#14315)
df563c589c40f49767a0f42b2c3c4f4071ff5e70|2025-10-13 09:20:34 -0600|gaborkaszab|Core: Refactor: Separate Route from RESTCatalogAdapter (#14313)
88349d239fe5c47872d37d356d1afe6a4c2301f3|2025-10-13 09:53:29 -0700|jackylee|[SPARK][MIRROR] Removed the unused imports for scala (#14311)
58940f3cace188f0f90c47749f187e00f65ec546|2025-10-13 09:55:39 -0700|Yuya Ebihara|Test: Remove unused methods and fix typo (#14305)
02fdf38cad61a64cce8e01a09d38b300f3fa8635|2025-10-14 09:28:19 +0200|pvary|Flink: Move write from AppenderFactory to FileWriterFactory (#14271)
a704de7a2b1c00cb125537436f0049fae73ac4b6|2025-10-14 08:23:11 -0700|pvary|Flink: Backport move write from AppenderFactory to FileWriterFactory (#14325)
f94fa138a8c5e675983dfd97dc97742543568f58|2025-10-14 09:53:58 -0700|Kevin Liu|add onelake to docs (#14331)
e9b9ef84b5f907f39d1b0bc94b74011612565c54|2025-10-14 19:01:19 +0200|Raghav Mahajan|Spark: Refactor to use ArrayUtil (#14291)
8342cbedd576142f55cbdfac33c4d339471b7832|2025-10-14 11:27:42 -0700|Szehon Ho|Spec: Clarify restrictions for geometry types in V3 (#14250)
34096a7a2abe89c5794087b86c856bb0e57afacf|2025-10-14 16:03:40 -0700|Trivedhi|Hive : Fixing the trailing slash issue for the database paths in HMS (#14295)
c7df5200df462764ba0b3e81484243532c941caf|2025-10-14 16:27:34 -0700|guillesd|add DuckDB to vendors.md (#14327)
ef4007964e364566d6b8ee4951dd3eb7ea70a8c9|2025-10-15 17:05:40 +0200|Andre Luis Anastacio|Data, Parquet: Fix UUID ClassCastException when reading Parquet files with UUIDs (#14027)
d831673c2ccba4213de9e1d859045526e3b2e333|2025-10-15 17:46:41 +0200|pvary|Kafka Connect: Use GenericFileWriterFactory instead of GenericAppenderFactory (#14328)
03ebc8cc90cc0469b9815d9b1a354e1193ef3d6d|2025-10-15 16:51:04 -0700|Huaxin Gao|Spark 4.0: Add variant round trip test for Spark (#14276)
e34ec248495cdee6259c35c2f44807b2d910dc4e|2025-10-16 07:11:33 +0200|pvary|Core, Flink, Spark: Further deprecations for the positional deletes with row data (#14210)
f6b627ca1762dbd594c6c1bfe753139c61889124|2025-10-16 08:38:46 -0700|Yuya Ebihara|Core: Explicitly close SeekableInput in the AvroIterable (#14322)
e667f64f5bddbacb1a641ac8ea67fc21a76e434d|2025-10-16 11:37:01 -0600|przemekd| Core: Fix for respecting custom location providers in SerializableTable #12564  (#14280)
6d7111b5ccc29513a530a02014556d5a272b6350|2025-10-16 10:49:12 -0700|Alex Stephen|Add Google Cloud vendor description (#14338)
e8e97636e37ebebf19074fd32e5055dcc521aa37|2025-10-16 16:43:05 -0700|Yuya Ebihara|Data: Replace LongMath.checkedMultiply with Math.multiplyExact (#14346)
03f2af8ab465d4a5238753be206bcf366130f9a0|2025-10-17 13:52:06 +0200|pvary|Core: Deprecate and remove GenericAppenderFactory from tests (#14353)
2f947eb30222cbd4a52074322a54531c95368ffa|2025-10-17 17:03:55 -0700|Huaxin Gao|Parquet: Treat VARIANT like nested for eq/in in ParquetMetricsRowGroupFilter (#14279)
5a5ba0d473086266fde00f3cbb1e2415ebe8cc6a|2025-10-17 17:04:49 -0700|Yuya Ebihara|Parquet: Fix UnnecessaryParentheses warning (#14361)
e23cf65e9ee0c4f8c5d5677a7ab95eaff2f295c5|2025-10-18 12:04:36 -0600|Amogh Jahagirdar|API, Core: Fix byte buffer conversion for Variant in bounds (#14362)
80e59d1a3c23f821123f11de5e9f15d1c1879115|2025-10-18 16:22:45 -0700|sullis|Build: bump testcontainers from 1.21.3 to 2.0.1 (#14366)
d0df806c92444077e49545b039fd4910d9e3f02b|2025-10-18 21:13:30 -0700|dependabot[bot]|Build: Bump mkdocs-material from 9.6.21 to 9.6.22 (#14371)
9eded8add2ce62e0d1f3b5ef41c97bc3e9d19768|2025-10-18 22:21:45 -0700|Manu Zhang|Build: Don't override checkstyle version in baseline-checkstyle plugin (#14365)
42fcc14124e5f3e3ecc0739263dc650047a450ea|2025-10-18 22:22:48 -0700|dependabot[bot]|Build: Bump software.amazon.awssdk:bom from 2.35.5 to 2.35.10 (#14368)
a539c3f2d33380ba0084d2c25dbddefc591bf5f8|2025-10-18 22:45:04 -0700|dependabot[bot]|Build: Bump io.netty:netty-buffer from 4.2.6.Final to 4.2.7.Final (#14372)
4cea662253f440366e0358d1cadae36004d883b5|2025-10-18 22:45:41 -0700|dependabot[bot]|Build: Bump org.apache.avro:avro from 1.12.0 to 1.12.1 (#14369)
b987e60bbd581d6e9e583107d5a85022261ff0d8|2025-10-19 07:26:02 -0700|dependabot[bot]|Build: Bump nessie from 0.105.4 to 0.105.5 (#14370)
1a1945be5a46a981c20eb3a66b95084a2630bac9|2025-10-19 19:15:59 -0700|Huaxin Gao|REST: Reconcile on CommitStateUnknown for simple update (#14320)
8c44cccf0dc3e7dcd9df53b5c1e663aaf82f46d6|2025-10-20 08:29:51 +0200|Tom Tanaka|Spark 3.5,4.0: Fix test parameters (#14376)
c0250c745d29ddcf892a06294a35019762f51686|2025-10-20 12:37:47 +0200|s-sanjay|Hive: Fix lock selection during table creation to respect table properties (#14236)
911a486b0eb8f55c2a44c5aa7fe62c2ca23b1d75|2025-10-20 15:16:39 +0200|Maximilian Michels|Flink: Prevent recreation of ManifestOutputFileFactory during flushing (#14358)
b2ede556d91ab593830e76cbffe7b54b51b2eca9|2025-10-20 18:36:34 -0700|jackylee|Build: Add unused imports check for scala code (#14344)
30ca573fe4a7fbbe86a7ca8bd2c0fcab5c025c13|2025-10-20 18:39:10 -0700|ggershinsky|Encryption integration and test (#13066)
9ffea7f0b263f09de2cc966c96dbab5c7b7fc0d2|2025-10-20 20:12:44 -0700|Huaxin Gao|Hotfix: adapt HMS tests to HiveTableOperations ctor (add KeyManagementClient) (#14384)
fa4890e0f923ae1f9fbf0065d2430e21e77174f3|2025-10-21 12:02:19 +0200|Maximilian Michels|Flink: Backport Prevent recreation of ManifestOutputFileFactory during flushing (#14385)
17cb11b7c503fe39a9905a6142f829e0c8a80306|2025-10-21 15:04:24 +0200|slfan1989|Flink: Add maxSleepTimeMs and retryPolicyName to ZkLockFactory to support multiple retry policies. (#14243)
b6747f8cf6313fa4c53c5596bf75b675d721c8d2|2025-10-21 16:25:45 +0200|GuoYu|Flink: Support writing DVs in IcebergSink (#14197)
e160bb89c949b73685d908823b439b416bec272e|2025-10-21 17:49:47 +0200|GuoYu|Flink: Backport Support writing DVs in IcebergSink to Flink 2.0 and 1.20 (#14390)
81cd5b5e3f71412e1580b7fda19e27fc988845a3|2025-10-21 09:12:00 -0700|Steven Zhen Wu|Flink: add serializer test for StatisticsOrRecord (#14381)
c8732b88a829e1acf29d64610a41f7de1cfe9aef|2025-10-21 10:07:58 -0700|Steven Zhen Wu|Flink: backport PR #14381 for TestStatisticsOrRecordSerializer (#14393)
c0745bd53dbc3ac3dfc0f4e214067f285f53bdc3|2025-10-21 11:11:24 -0600|Amogh Jahagirdar|Core: Remove duplicate test assertion in delete file index tests (#14382)
6b86a75d3a0f0123d1a19f2db0b266bef05c2a5b|2025-10-21 10:22:22 -0700|gaborkaszab|Core: Remove usage of deprecated TableProperties.MANIFEST_LISTS_ENABLED (#14347)
f6632e98f8b603822b8e656b2b9bf7d9d03b35c8|2025-10-22 10:25:48 +0200|slfan1989|Flink: Backport add maxSleepTimeMs and retryPolicyName to ZkLockFactory to support multiple retry policies. (#14389)
cd097eb7e94686854f8b0cb42c77d3d1362a9ab8|2025-10-22 08:05:24 -0700|Yuya Ebihara|REST: Remove deprecated allowEmptyValue from REST spec (#14364)
29468f0731a97594b0a1230e8ccd259d152de492|2025-10-23 14:38:14 +0200|aiborodin|Core, Flink: Remove dependency on Hadoop Sets, Lists and Preconditions classes (#14405)
de213af146d174ccad30183d2956aa4001756d80|2025-10-23 17:12:29 +0200|wineandcheeze|Docs: Add note about packaging uberjars (#14292)
0b3021742120c7483d2e63d10e2259dfc01d1287|2025-10-23 09:10:11 -0700|Yuya Ebihara|Docs: Remove expired Tabular links (#14399)
e7bd3fa214db616cab22243f8b8a6ec01ad5afdf|2025-10-24 12:40:09 -0700|emkornfield|[SPEC] Removing trailing whitespace (#14416)
2f719657a9a36f2d69b3e6e63294e1ae51aabac1|2025-10-24 14:54:09 -0700|Kurtis Wright|[Doc Update] Iceberg type to Spark type table (#14413)
1ed200317767d37af376e8c134756975a277e168|2025-10-25 23:35:15 -0700|dependabot[bot]|Build: Bump com.google.errorprone:error_prone_annotations (#14418)
8dc411afdd3f8d6bc526941c9984d0a5f636d21f|2025-10-25 23:35:36 -0700|dependabot[bot]|Build: Bump nessie from 0.105.5 to 0.105.6 (#14419)
6ffc8a9658762970b6cdb15a784d272d55a22950|2025-10-26 00:05:14 -0700|dependabot[bot]|Build: Bump software.amazon.awssdk:bom from 2.35.10 to 2.36.2 (#14420)
68e555b94f4706a2af41dcb561c84007230c0bc1|2025-10-26 00:05:31 -0700|dependabot[bot]|Build: Bump mkdocs-macros-plugin from 1.4.0 to 1.4.1 (#14421)
867835e2829f5ee5ecbd84ae8098d484cf9eed0e|2025-10-27 14:39:14 +0100|chenjian2664|Core: Use time-travel schema when resolving partition spec in scan (#13301)
f631298fd43c7425dc08f23c5b85a91d8c373aa2|2025-10-27 09:30:48 -0600|gaborkaszab|Core: Return 304 from reference IRC (#14035)
7eb13e2757e87cfbb1d314ff6da3f0f535c61159|2025-10-27 10:24:55 -0700|Yuya Ebihara|Spark: Deprecate unused methods in SparkTableUtil and SparkSchemaUtil (#14308)
d5979670cffa740a3ceeb97947ea8f2a71fc9ef6|2025-10-27 11:43:02 -0700|Steven Zhen Wu|Flink: add jmh benchmark for StatisticsOrRecordSerializer (#14394)
6a0d4a0f37a22a885ef43b37353bee258ca93068|2025-10-27 12:58:30 -0700|Manu Zhang|Docs: lint markdown files in site build (#13977)
fa62ec1df2d4e56f06c18c42e96264abaf756deb|2025-10-28 09:50:23 -0700|Adam Szita|[Hive] Fix newly added encryption keys getting lost in transactions (#14427)
c4e480da64e516d712055c5f16e13773b4b5b8a8|2025-10-28 13:05:51 -0700|Eduard Tudenhoefner|Core: Fix view version ID deduplication with schema ID assignment (#14434)
d1a518f8457f4debd2698b8eda1d7a5ce04c21e8|2025-10-29 09:14:05 -0700|ggershinsky|Auto rotation of key encryption keys (#14396)
a99dc4f2faa3b52140f3f1432187f5e575bb32bd|2025-10-29 13:02:52 -0600|Drew Gallardo|Spark 4.0: Add schema conversion support for default values (#14407)
92ae3d9da2afba3fa6fa0f74af6d78d773a6ab26|2025-10-29 23:39:23 +0100|Yuya Ebihara|Core: Fix failure when not finding a column during time travel (#14438)
57ff27cd1037d52982428f7efdb5143550bfae56|2025-10-30 09:25:26 -0600|Amogh Jahagirdar|API: Add exception definitions for scan planning (#14442)
bd1b8900ad17a0625349aec3f73c87e79ad2af66|2025-10-30 14:00:44 -0700|Ron Kapoor|Spark: Fix Z-order UDF to correctly handle DateType  (#14108)
8685985a039de97ff1ac834be2095e8c08be2482|2025-10-31 08:39:56 +0100|gaborkaszab|Core, Spark 4.0, 3.5, 3.4: Remove usage of deprecated avro/DataReader class (#14387)
b211c8b82d0f52207497e7e4db1004db9f18abfa|2025-10-31 19:27:20 -0700|Kevin Liu|site: use jinja comment in header.html override (#14459)
0ce9b16280b9c496b97557b3bf7973d627b337bc|2025-11-01 16:35:13 -0700|Kevin Liu|infra: cleanup remove unused functions from site/ script (#14466)
aa14aae0111d757f8cded70b87c1d58da3fe272c|2025-11-01 16:37:22 -0700|majian|Spark 4.0: Support recursive delegate unwrapping to find ExtendedParser in parser chains (#13625)
1875a300108ed54a025c366738bb04c122a5d76f|2025-11-01 21:25:04 -0700|dependabot[bot]|Build: Bump pymarkdownlnt from 0.9.32 to 0.9.33 (#14473)
1c3c5c8ea8ce095f2f47902a363714f1e223e459|2025-11-01 21:25:42 -0700|dependabot[bot]|Build: Bump mkdocs-material from 9.6.22 to 9.6.23 (#14474)
7d7a90538891742c5a3e4d3b22b95798f15d66a4|2025-11-01 22:15:20 -0700|dependabot[bot]|Build: Bump junit-platform from 1.13.4 to 1.14.1 (#14469)
b68725e47128bab1992efd88f2ad247f3abb4a4f|2025-11-01 22:29:55 -0700|dependabot[bot]|Build: Bump net.snowflake:snowflake-jdbc from 3.27.0 to 3.27.1 (#14468)
9bbe4cfdfcf47554713e7d3b42232e37384b0926|2025-11-01 23:10:09 -0700|dependabot[bot]|Build: Bump calcite from 1.40.0 to 1.41.0 (#14470)
e6da0f77d81f20551cd61dc0d6d832499670b147|2025-11-01 23:10:30 -0700|dependabot[bot]|Build: Bump jackson-bom from 2.20.0 to 2.20.1 (#14471)
47a7e20d052700a2a3f204c3421030c9af0a936a|2025-11-01 23:11:12 -0700|dependabot[bot]|Build: Bump com.google.cloud:libraries-bom from 26.70.0 to 26.71.0 (#14475)
6b03be4025c1126d8561dae7645307cf511675e5|2025-11-02 12:29:05 +0530|dependabot[bot]|Build: Bump junit from 5.13.4 to 5.14.1 (#14476)
74e2ea7b140c2a18c6013bc81840e3a151b15e19|2025-11-02 12:29:24 +0530|dependabot[bot]|Build: Bump org.openapitools:openapi-generator-gradle-plugin (#14477)
115531403fb6d74ccb7a3e25497528d1f2f9ab06|2025-11-02 17:58:26 -0800|Kevin Liu|site: use virtualenv and add make lint (#14428)
13ed6670e5f3c7b79830ea1e697c9c15bcb3286b|2025-11-02 21:15:26 -0800|majian|Spark 3.5: Support recursive delegate unwrapping to find ExtendedParser in parser chains (#14483)
d6ac00c5a8dcea7cc3251ff6323edbd130843b91|2025-11-03 09:10:32 +0100|Eduard Tudenhoefner|Core: Prevent dropping namespace when it contains views (#14456)
94d9287b7a3b7474aa0776c315ec000fc97de329|2025-11-03 07:45:18 -0800|Eduard Tudenhoefner|Core: Minor code improvements (#14489)
3ccb29624283bbb70cb7c70abf6855a61c29d232|2025-11-03 12:29:41 -0800|Kevin Liu|faster make lint (#14492)
de1eab8df77c493275c5f66846a1d5b7317184e3|2025-11-03 17:43:05 -0800|Yuya Ebihara|Test: Verify variant logical type annotation of Parquet writer (#14306)
f17f34bce65567fd1479607038221bcccb594b29|2025-11-03 17:45:05 -0800|Yuya Ebihara|Core: Check table UUID in RESTTableOperations (#14363)
329a9014875f1c4ee9fc5071639cf12f281f20de|2025-11-04 08:33:32 +0100|Prashant Singh|Core: Restrict visibility of spec-by-id API for scan planning responses (#14485)
e268df62feaf52a72b9ed52ce24593d59eb41ea0|2025-11-04 08:37:09 +0100|Yuya Ebihara|Core: Fix overflow due to default value on timestamp nanos (#14359)
c235305c985e2f4427fa735a1a7460252da8005d|2025-11-04 11:27:52 -0800|Fenil Doshi|Kafka Connect: Don't check that consumer group is stable for coordinator leader election (#14395)
34b03f5e6fc1d3cd3b6b4817e27a6c6b334dfae4|2025-11-04 17:45:12 -0800|Huaxin Gao|Spark: Implement ArrayData.getVariant for row-based Parquet readers (#14349)
ccc3e14df9a3a76be5c7b469c8a662d2da363400|2025-11-05 16:37:35 +0100|roryqi|Spark: Improve namespace existence verification logic (#14507)
caa42f6175e4535c462eeab8abb8c82509699775|2025-11-05 18:26:59 -0800|majian|Follow-up: Optimize support recursive delegate unwrapping to find ExtendedParser in parser chains (#14497)
99ccfc4b7bba2cd53eac8b8519cc81f7e418c8de|2025-11-06 12:19:44 +0100|Arif Azmi|Spark: enable stream-results option for remove orphan files (#14278)
4e68ff008002eeb323c0c90321f6fbf867b02aa2|2025-11-06 12:24:14 +0100|GuoYu|Flink: Preserve row lineage in RewriteDataFiles  (#14149)
4b7286cf0f0e8ce48104835ba747941883ac1570|2025-11-06 14:27:51 +0100|GuoYu|Flink: Backport Preserve row lineage in RewriteDataFiles to Flink 2.1 and 1.20 (#14520)
8cefa386f8ed53585f024e729e33fd3d194712f3|2025-11-06 07:54:49 -0800|Talat UYARER|Add Fast Mode for Documentation Builds (#14267)
ebc6b669293d5e10979adf2ac8f50c6ec604634b|2025-11-06 08:53:06 -0800|Ron Kapoor|Docs: 2.13 scala runtime addition to multi-engine support page (#14288)
bbf5b8a9060932931275160d262af314c5c1f336|2025-11-06 09:58:07 -0800|Gea Linggar Galih|Docs: add Delta Lake Migration to nav (fix #14309) (#14323)
17e76f8f80d41ecc10ad47e631846f1a29d41561|2025-11-06 13:14:31 -0800|Arif Azmi|Spark: Backport stream-results for remove orphan files to 3.4 and 4.0 (#14522)
91565517130b2879ee033c5ff9917bb1ff70da7e|2025-11-06 15:15:35 -0800|roryqi|Spark: Improve the table, view, and function existence verification logic (#14457)
de9b8fdc4909ae5a550bab401fe24bfdbc9719df|2025-11-06 16:11:34 -0800|Bryan Keller|Kafka Connect: add task ID snapshot property (#14493)
d2551a6670efabec958eb97c4bc28ffbba587633|2025-11-06 17:28:27 -0800|Daniel Weeks|Add SnapshotUpdateValidator to validate snapshots on commit (#14509)
843bb46e27773e0e18df7ce3bd377a0b56f35074|2025-11-07 07:47:59 +0100|James Faulkner|Core: Support reading Avro logical timestamp-millis (#14401)
8da07dcae8ccf5ce1a0c61a7456413c1ce3b65fd|2025-11-07 07:55:15 -0800|Daniel Weeks|Merge control topic and last persisted offests (#14525)
08d9ee02092f6fd59f8103c1c4de1a7f1e9fa1fe|2025-11-07 14:57:55 -0800|Alexandre Dutra|AWS, S3 Signing: Fix leaked credentials when contacting multiple catalogs (#14178)
6b28b0edc88a533476ceabcf0c21028506702efa|2025-11-07 16:14:57 -0800|Daniel Weeks|Kafka Connect: validate offsets for refreshed table state on commit (#14510)
7e28be434c64afb9675c743335734bb8217c1df5|2025-11-08 20:41:33 -0800|Huaxin Gao|support StructInternalRow.getVariant (#14379)
a53811b9138f31759f07609e5b9f649989ef7aee|2025-11-08 22:15:05 -0800|dependabot[bot]|Build: Bump nessie from 0.105.6 to 0.105.7 (#14535)
2d4c6c6f10123da0a99e1283e0cfa56a3a553b74|2025-11-08 22:17:19 -0800|dependabot[bot]|Build: Bump org.xerial:sqlite-jdbc from 3.50.3.0 to 3.51.0.0 (#14536)
72c4d9a021be8058440c6ee9222835bcfe307317|2025-11-08 22:18:04 -0800|dependabot[bot]|Build: Bump com.google.errorprone:error_prone_annotations (#14538)
25bddb0a42364d4a2f4651af619adf5e3f1c0a2c|2025-11-08 22:18:46 -0800|dependabot[bot]|Build: Bump com.azure:azure-sdk-bom from 1.3.0 to 1.3.2 (#14539)
0d2bee45b81a20b71a426318b95ecf1ad9d816bc|2025-11-09 08:05:18 -0800|Yuya Ebihara|Build: Bump org.apache.hadoop.thirdparty:hadoop-shaded-guava (#14542)
b3f89215bd35a82d210a4767a395d12ff655ce3d|2025-11-09 15:58:18 -0800|Yuya Ebihara|Build: Bump software.amazon.awssdk:bom from 2.36.2 to 2.38.2 (#14541)
ae4f5c1f8893f199b633f3ccbc6ddd94170db596|2025-11-09 16:12:16 -0800|Yuya Ebihara|Test: Remove redundant String.format for AssertJ (#14544)
c22bac8b170aa5e5c931c11c4c393c27245b20b9|2025-11-10 09:57:01 +0100|Eduard Tudenhoefner|Core, Spark: Handle unknown type during deletes (#14356)
e762cd4e9eaee245d4afd002064e569fcf145e95|2025-11-10 09:09:17 -0800|Enes Yesil|Docs: add missing pages (about, benchmarks, fileio, security) to site (#14481)
54815073b1bf0335b9747d9cb85015ab6a586d90|2025-11-10 10:11:43 -0800|jackylee|Doc: Remove Spark 3 specific wordings in docs (#14357)
f8dff223bb8256e85c7477c8f6aacd7607c36686|2025-11-10 10:31:57 -0800|Wing Yew Poon|Spec: minor corrections (#14495)
b81ddb6c5f0a27e6df5b94be308b512121d044b6|2025-11-10 10:48:38 -0800|Marc Cenac|Update docs to refer to table format-version in spec definition (#14410)
59bc4635806f27aa2cb633270ce1a1bfac4cdc46|2025-11-10 12:53:24 -0800|Kevin Liu|docs: remove hidden spark-runtime-jar link (#14555)
4aca8fda8df2494d4b7c3b86370c1e5dd55e723e|2025-11-10 12:53:52 -0800|Kevin Liu|site: remove site/docs/about.md (#14554)
059310ead702814e5d95116210b9af77b29f6b94|2025-11-10 15:42:23 -0800|Manu Zhang|Build: Restore JVM 11 for build-checks and build-javadoc (#14534)
7368e5990d8ba52401c681bd9dfaf03a6b1e7016|2025-11-11 10:15:28 -0800|Eduard Tudenhoefner|Core: Fix validation of PlanTableScanRequest (#14561)
0a92386de954632f79f7be04368f64bb80d1f67e|2025-11-11 17:45:50 -0800|hsiang-c|core: Use EncryptionUtil's classloader (#14452)
0ce14b7ffd77337a4aee3de5cd19e697e731c19e|2025-11-11 19:45:34 -0800|Eduard Tudenhoefner|Core: Fix PlanTableScanResponse validation (#14562)
2899b5a75106c698ea8e59fe0b93c4857acaadee|2025-11-12 07:47:53 +0100|Eduard Tudenhoefner|API, Core: Introduce classes for content stats (#13933)
d2046a7d9e7a94745e7cad610817df6b761dd085|2025-11-12 08:46:26 +0100|adawrapub|Core, Spark: Preserve DV-specific fields for deletion vectors (#14351)
966003c47b92a2a6f735a72f36f405f69463f469|2025-11-12 04:27:16 -0800|Amogh Jahagirdar|Core: Add server-side implementation of remote scan planning to RESTCatalogAdapter (#14480)
67e1975ac65e2690fc9599d0f5a91c2f0563e337|2025-11-12 14:10:58 +0100|GuoYu|Flink: Fix writeDataFiles with hardcoded formatVersion (#14570)
53c046efda5d6c6ac67caf7de29849ab7ac6d406|2025-11-12 05:52:34 -0800|Prashant Singh|Core: Increase visibility of ParserContext (#14572)
dc217b09ddf7824c125d580f42501de36307e9cf|2025-11-12 19:03:12 +0100|ajreid21|Core: Fix RESTFileScanTaskParser to handle empty delete file references list (#14568)
a6c4e6aef06103db38be064534b7b0be09b3ebca|2025-11-12 13:51:40 -0800|Nándor Kollár|Spec: minor clarification, Parquet int type is int32, long is int64 (#14546)
571b696106f4748d3edee9ee641e214377ddcb16|2025-11-13 16:13:54 +0530|Prashant Singh|REST: Fix serde of tasks with multiple deletes (#14573)
788463b1fb7c7208d603ff316e5034a0dcec245b|2025-11-16 00:00:16 -0800|dependabot[bot]|Build: Bump testcontainers from 2.0.1 to 2.0.2 (#14595)
3873f6e2f0e40d84f9434a64653fe50621474f53|2025-11-16 00:00:37 -0800|dependabot[bot]|Build: Bump software.amazon.awssdk:bom from 2.38.2 to 2.38.7 (#14596)
de042cf840cf11db4770ca446853e9243019ccec|2025-11-16 00:00:57 -0800|dependabot[bot]|Build: Bump software.amazon.s3.analyticsaccelerator:analyticsaccelerator-s3 (#14597)
700575f6e58c655ba680a0e5cc25d5a88c225d3c|2025-11-16 00:01:15 -0800|dependabot[bot]|Build: Bump mkdocs-macros-plugin from 1.4.1 to 1.5.0 (#14598)
31fe60b9036718bb805d9ca86906cbd2bc6a4a19|2025-11-16 22:42:52 -0800|Owen Zhang|Spark: Custom snapshot property from session configuration (#14545)
31ce47b8b3640be43ca9ac602798f931774b25a8|2025-11-17 14:03:51 +0100|Jordan Epstein|Flink: Set table properties/location on DynamicIcebergSink table creation (#14578)
8de302bf48a57ea7220c613d0526e01a66b3aab7|2025-11-17 10:31:33 -0800|Kristin Cowalcijk|API: Add geospatial bounding box types and implement intersects checking (#12667)
87f0563ff514d3dbec36d7770d478b8aefc4afd1|2025-11-17 21:37:29 +0100|Jordan Epstein|Flink: Backort add TableCreator interface to set table properties/location to 2.0 and 1.20  (#14607)
ea8eb86008c8bbc1b957e354e53c1011bfd0a50a|2025-11-17 19:02:10 -0800|Yuya Ebihara|Core, Flink: Use helper method to filter by prefix (#14610)
8c7ffec48ffd8d51e0ec7c8eb12d9aaeee214212|2025-11-17 21:10:46 -0800|yingjianwu98|Refactor: populate writeOptions in extraSnapshotMetadata using common util (#14604)
c02d4676f38b834d6c672bb53abd34b07ebfddb9|2025-11-18 07:57:54 +0100|Maximilian Michels|Core: Classify RowDelta with data files only as APPEND (#14581)
cdf4723e49a54fe725b1e92f4e95e127ae7b2957|2025-11-18 17:45:26 +0100|bezdomniy|Flink: Add test to ensure that append commits are created in dynamic iceberg sink when possible (#14559)
b6b89268de26b119817db9ce20b540baa349c541|2025-11-18 10:39:14 -0800|Tamas Mate|Add variant type support to ParquetTypeVisitor (#14588)
8796f8a2d01e6d7d712d79dc27a9fb5b4b0720a1|2025-11-19 07:41:41 +0100|Eduard Tudenhoefner|OpenAPI: Add planId as query param to /credentials endpoint (#14519)
b2379e5f60e792b581d41d441aea7616966c1a85|2025-11-19 09:38:25 +0100|Shubham Baldava|Arrow: Fix vectorized reads for Parquet TIMESTAMP_MILLIS types (#14499)
2fe4495e978f02513b1348652bf2e87aca317a4e|2025-11-19 09:41:40 +0100|aiborodin|Flink: Fix commit duplication in DynamicIcebergSink (#14517)
4ee507d5788e31c74d5ef77204ef126ae0105981|2025-11-19 09:44:00 +0100|GuoYu|Flink: DynamicSink support dvs (#14414)
3615fae6158e76e1ccf61c03ca5e91f5cfc538dd|2025-11-19 13:47:45 +0100|GuoYu|Flink:Backport DynamicSink support dvs to Flink 2.0 and 1.20 (#14623)
bec6793af822cb791fa5975b41b8936631556c46|2025-11-19 09:38:04 -0800|ggershinsky|Encryption clean up (#14579)
cc38966a84775a369bb4e35e8158845a0e8a54a6|2025-11-19 19:06:06 +0100|Eduard Tudenhoefner|Build: Upgrade setup-java to v5 (#14616)
f60b582eb24e74af9e8b583def3cb4c2f55a03b6|2025-11-19 16:03:40 -0800|Huaxin Gao|REST Spec: Add Idempotency-Key to OpenAPI (#14196)
6e873baa7db22429fa231d552a696248f64ea1f7|2025-11-19 16:18:27 -0800|Yuya Ebihara|Test: Avoid deprecated AvroParquetWriter.builder(Path file) (#14620)
11274f65dc5972a9d260b3c64e7026ab97fd08f0|2025-11-20 10:00:39 +0100|aiborodin|Flink: Backport fix commit duplication in DynamicIcebergSink (#14637)
51d5b0963b8aeb86794bad35e8a882cf33655df4|2025-11-20 10:02:39 +0100|Maximilian Michels|Build: Allow overriding the default test parallelism of 1 and update parallelism for Flink test (#13675)
7fc886ad751eaf4f53915ca0da69bdb8c2c1e72b|2025-11-20 15:55:13 +0100|ajreid21|OpenAPI: Add storage-credentials to CompletedPlanningResult (#14563)
f045d5a38ed12cc8b2ffd39709a458d9d9a64f0c|2025-11-20 07:09:23 -0800|Prashant Singh|REST: Make plan status consistent with the SPEC (#14642)
06c1e0a0be75b2dd419b2a97fcb47676cf4da279|2025-11-20 09:05:15 -0800|Jordan Epstein|Move deleted files to Hadoop trash if configured (#14501)
0d4d3a562ffd339faae7e1db41c2068dc77920e8|2025-11-20 11:47:12 -0700|Prashant Singh|Core: Fix Async Planning handling in RESTCatalogAdapter for Remote Scan Planning (#14629)
c06ab662d2652aa900f66f9e7b5592a6d7ab693e|2025-11-21 12:55:45 +0100|ajreid21|OpenAPI: Add min-rows-requested field to PlanTableScanRequest (#14565)
f09dc3c108b746852a3febda49978ae1546797e8|2025-11-21 12:56:24 +0100|Eduard Tudenhoefner|Core: Add min-rows-requested to PlanTableScanRequest (#14614)
b6650141d45c6cbe97b86ffea89635f33ce7880d|2025-11-21 13:24:26 +0100|Maximilian Michels|Flink: Update Flink 1.18 status to 'End of Life' (#14152)
9d7213db4875688dcc582729d0aeea61e4b08e73|2025-11-21 04:24:30 -0800|Prashant Singh|SPEC: Mark plan-id as required for submitted status
fb52fdef4fdcaa3cb5779e4d5b1b9f1ea7522e73|2025-11-21 04:24:50 -0800|Prashant Singh|REST: Mark plan-id as required on CompletedPlanningWithIDResult result
ece6b8e7734cdcb7aeca6c59085fe2cce5216c79|2025-11-21 08:20:55 -0800|pvary|Core: Deprecate PositionDeleteReaderWriter.writer with rowSchema (#14651)
5cc19891a25f314971bcbc3ee9d6d4fa52d942de|2025-11-21 14:04:05 -0800|Hongyue/Steve Zhang|Core, API: Support cleanupMode in snapshot expiration (#14287)
452221817882335fc1afd98ac6f302a269cb08a3|2025-11-22 12:20:08 +0530|Drew Gallardo|Align PlanTableScanRequest filter expression with OpenAPI spec (#14657)
3e45527bebca8a316e2722e0b2a55b6b41f6b7ee|2025-11-22 18:57:46 -0800|Eduard Tudenhoefner|Core: Add storage credentials to PlanTableScanResponse (#14518)
fe40f5db6c82b300f408fbf5b588edaee4efa8cc|2025-11-22 23:25:17 -0800|dependabot[bot]|Build: Bump software.amazon.awssdk:bom from 2.38.7 to 2.39.2 (#14666)
3c7505df7130705e1d0a31daac3053a9c538599b|2025-11-22 23:25:47 -0800|dependabot[bot]|Build: Bump org.immutables:value from 2.11.6 to 2.11.7 (#14665)
9dfb2c197197c7cd9928f8ef4a4c5d663ba2c846|2025-11-22 23:26:14 -0800|dependabot[bot]|Build: Bump com.gorylenko.gradle-git-properties:gradle-git-properties (#14664)
8b55ac834015ce664f879ecfe1e80a941a994420|2025-11-22 23:26:26 -0800|dependabot[bot]|Build: Bump com.google.cloud:libraries-bom from 26.71.0 to 26.72.0 (#14663)
9c1dd3b3a51aded4a6a079dfd49d0f94ec88f3cd|2025-11-24 15:36:13 +0100|Adam Szita|Core: Wrong reported length of encrypted Puffin files (#14645)
f154dafb22676d69667f3b2380b2e9473601d4ae|2025-11-24 15:59:04 -0800|Prashant Singh|Core: Support incremental Scan in RESTCatalogAdapter for RemoteScanPlanning (#14661)
a3c538f647a113cf61dbfd7855d9c71da8c722ba|2025-11-24 16:11:04 -0800|Tamas Mate|Fix NameMapping loss in ParquetUtil.footerMetrics (#14617)
47d5f5009eafbbb526e6e2c9cbeac3105bf34670|2025-11-25 10:26:49 -0800|Yuya Ebihara|Docs: Add gc.enabled table property (#14676)
6a54bc1c379d5af78a2dc746fa66c5f0706d0838|2025-11-25 15:00:13 -0800|Huaxin Gao|Core: Add idempotency-key-lifetime to ConfigResponse (#14649)
078fbeb1050bc22a665513b5a20a5742d690660e|2025-11-26 07:29:40 +0100|Manu Zhang|Build: Don't ignore major version upgrade for GH actions in dependabot (#14687)
790a82065ca30ccf23a97b5a22497a42ed19c7df|2025-11-25 23:33:57 -0800|dependabot[bot]|Build: Bump actions/labeler from 5 to 6 (#14689)
5e166b5d77fe6021aba4954c72273db17af0d041|2025-11-25 23:34:34 -0800|dependabot[bot]|Build: Bump actions/setup-python from 5 to 6 (#14690)
b7549da63b4bb5cc6d2604058bff08042c8a1cd9|2025-11-25 23:35:14 -0800|dependabot[bot]|Build: Bump actions/stale from 9.1.0 to 10.1.0 (#14692)
0846ed515691461545ea635cb871fd7f06176e9f|2025-11-25 23:42:38 -0800|dependabot[bot]|Build: Bump software.amazon.awssdk:bom from 2.39.2 to 2.39.4 (#14693)
87174fcbd4f3130d4b863458011467eab42b0224|2025-11-25 23:48:54 -0800|dependabot[bot]|Build: Bump actions/upload-artifact from 4 to 5 (#14688)
fe6f78b32839bfb3ef6153fc84d836e68b447581|2025-11-26 15:39:16 +0100|Tamas Mate|Core: Allow overriding view location for subclasses (#14653)
cd8d2a3345cb387f1d735763ff3914ac4e2617e2|2025-11-26 10:01:29 -0700|Drew Gallardo|Core: Fix server side planning on empty tables in CatalogHandlers (#14660)
42719ef41eefc56968b528c51550f3ac63682eb2|2025-11-27 14:57:09 +0100|dependabot[bot]|Build: Bump actions/checkout from 3 to 6 (#14691)
cf27769762d678a8a790481318b6346c2dd480ff|2025-11-27 17:41:34 -0800|Eduard Tudenhoefner|Spark: Fix scala warnings in View code (#14703)
d2d4135724b844107b6a0cc117c1776abbcf69d9|2025-11-28 14:15:55 -0800|Kevin Liu|infra: notify on github workflow failure (#14609)
784f1f4693713b922ebfe43e055135fb3a8441c0|2025-11-28 22:55:15 -0800|Yuya Ebihara|Docs: Fix package of iceberg.catalog.io-impl (#14711)
8a38d6e389758d372af63c4d56619c5a18832d2f|2025-11-29 10:01:58 -0700|Alessandro Nori|Spark 4.0: expire-snapshots with cleanupLevel=None (#14695)
52c176df681cd6381ccf4d7f58ef1815ef5db19e|2025-11-29 09:13:21 -0800|Kevin Liu|Use non-deprecated del_branch_on_merge (#14710)
b9a8c31c048a03a29f2014ecea01cac4b5078c33|2025-11-29 23:41:16 -0800|dependabot[bot]|Build: Bump software.amazon.awssdk:bom from 2.39.4 to 2.39.5 (#14718)
3a1177645af8f75c9ed5e3a33a229f1dd5a49ade|2025-11-29 23:42:05 -0800|dependabot[bot]|Build: Bump datamodel-code-generator from 0.35.0 to 0.36.0 (#14716)
46d766ae48597d09cfdc26d3f502b2bbfaf6edcc|2025-11-29 23:42:29 -0800|dependabot[bot]|Build: Bump com.google.errorprone:error_prone_annotations (#14715)
65c667da2f7231bdfa571864e0436868bfbd4918|2025-11-30 00:04:45 -0800|Sreesh Maheshwar|Nit: Move unchecked suppression down to violating assignment in `ParquetMetricsRowGroupFilter` (#14013)
f3949cea069abd9339a150e6e8df8b90ee9f6675|2025-11-30 09:11:23 -0800|dependabot[bot]|Build: Bump com.azure:azure-sdk-bom from 1.3.2 to 1.3.3 (#14717)
b35c7ec1b03e3897da68960cd556d635b2f5ae54|2025-12-01 09:45:09 +0100|Huaxin Gao|Core: Fix NAN_VALUE_COUNTS serialization for ContentFile (#14721)
3747965e9d750cdf0cba65e5367a75dbc3d132e1|2025-12-02 07:11:25 +0100|Yuya Ebihara|Core: Use `@TempDir` in TestTableMetadataParser (#14732)
16e84356dae1975fa04d8c3ecce30a90df18ca9f|2025-12-02 09:46:37 +0100|Huaxin Gao|Core: Add UUIDv7 generator (#14700)
166a6ebb343cbad85e5cc892c4fe9e880bdc0fb7|2025-12-02 08:49:58 -0800|Xianyang Liu|Build: Apply spotless for scala code (#8023)
29a144adca05344de2a8aab05e2b3385c4053c8f|2025-12-02 09:41:32 -0800|aiborodin|Refactor SnapshotAncestryValidator (#14650)
9896e8cccac2b245ed20bfae602b29fc640dcd36|2025-12-02 10:33:02 -0800|Drew Gallardo|Core: Align ContentFile partition JSON with REST spec (#14702)
da76b873fad9b87c76eed1e91185e7b9fcb9a7f8|2025-12-02 19:49:07 +0100|Kevin Liu|open-api: use uv and python virtual env (#14684)
35d66a3fe8ad76e1c76b39a898d9477f1da023ae|2025-12-02 13:06:29 -0800|Rulin Xing|Core: Support Custom Table/View Operations in RESTCatalog (#14465)
fac485c56b6e24b9081fed9e001077632945613c|2025-12-03 07:19:41 +0100|jbewing|Spark: Analyze but don't optimize view body during creation (#14681)
74a11607435ec332e557323b78c51726a7ef2fdf|2025-12-03 07:32:55 +0100|Eduard Tudenhoefner|Spark 4.0, Core: Add Limit pushdown to Scan (#14615)
fc7cd7db00132b32cfd75f609d98916d83032209|2025-12-03 11:21:10 +0100|Eduard Tudenhoefner|Spark 3.4,3.5: Add LIMIT pushdown to Scan (#14741)
bfe06a540d9d31d89b5161b20dcdcf6b1b6e2ef4|2025-12-03 14:03:40 +0100|pvary|Spark: Move DeleteFiltering out from the vectorized reader (#14652)
8626ef5137024c1a69daaff97a832af6b0ae37ea|2025-12-03 14:27:52 -0800|ggershinsky|Docs: encryption (#14621)
52d6a79e93f2f820787ad27e67ac795991ff8fa4|2025-12-03 23:03:46 -0800|Sreesh Maheshwar|Nit: Prefer `Preconditions` in `StandardEncryptionManager` (#14753)
65280c0153ec53f5a1a9ff1b2a608a75018dc147|2025-12-04 10:14:36 +0100|pvary|Spark: Backport move DeleteFiltering out from the vectorized reader (#14745)
667bc595476c6e991fba2c1544e72926dd82fc42|2025-12-04 10:26:02 +0100|Maximilian Michels|Flink: Dynamic Sink: Document writeParallelism and fail on invalid configuration (#14191)
86e53a7e83d1604b25535cf8ce34c39e8fd4fa1f|2025-12-04 11:25:41 +0100|Maximilian Michels|Flink: Backport: Dynamic Sink: Document writeParallelism and fail on invalid configuration (#14758)
4c0ad422624eb7e2b3b196a4ea77ee8ad83a69e9|2025-12-04 09:37:21 -0700|Drew Gallardo|Core: Align ContentFile enum serialization with REST Spec (#14739)
d7f8950ab4a74ece5b02a5a76741a01e61df3b7d|2025-12-04 16:30:14 -0800|ggershinsky|Exception on encryption key altering  (#14723)
ba983470e7caf03290933402cdc6f15d883e1073|2025-12-04 17:19:34 -0800|Huaxin Gao|Docs: fix rendering issues in encryption doc (#14756)
8db3d2115d948ab8b150cd0ca7ae3fe1a17aa1d3|2025-12-05 09:07:23 +0100|aiborodin|Flink: Fix cache refreshing in dynamic sink (#14406)
c4ba60d27b02d8618621ad701e52d51b9a98d0d5|2025-12-05 09:08:30 +0100|aiborodin|Flink: Backport fix cache refreshing in dynamic sink (#14765)
55bfc7e82d03b5038bc5d0da852bd16615486926|2025-12-05 08:39:28 -0800|Kevin Liu|OpenAPI: use yaml linter  (#14686)
73f8ab814dd37ac4590c20ded26e96dc739ad767|2025-12-05 08:41:53 -0800|gaborkaszab|Core: Reference IRC to return 204 (#14724)
7bac8650f65279c470d7d2c005c40a858933134a|2025-12-05 09:23:37 -0800|Huaxin Gao|Core: Send Idempotency-Key on mutation requests when advertised (#14740)
4c908314ec3a81a04544784d8a1b69f76fc395e5|2025-12-05 19:33:15 +0100|pvary|Spark: ORC vectorized reader to use the delete filter (#14746)
9632a2f76061643a6cc51a29acb5d1f4c08cf2d3|2025-12-05 12:42:44 -0800|Anurag Mantripragada|AWS: Configure builder for reuse of http connection pool in SDKv2 (#14161)
885bcbb9fc98d8f4da3350261deb3bec11e1a181|2025-12-05 12:48:45 -0800|Fokko Driesprong|site: Update Slack link (#14772)
1c024d7c4e66a0654118d30d04a0d9c0c5ab4de3|2025-12-05 13:04:03 -0800|Kurtis Wright|Update configuration.md (#14771)
fc434997fbc63a3f1f47481c0878073b1ccf6359|2025-12-06 05:17:17 -0800|Manu Zhang|Revert "Update configuration.md (#14771)" (#14780)
3b1ec481a564ae8bce608a1044a6156c4f49ede1|2025-12-06 23:32:08 -0800|dependabot[bot]|Build: Bump actions/stale from 10.1.0 to 10.1.1 (#14784)
faabc46f955924667dbcb0cc43b8a0da3ec56169|2025-12-06 23:32:41 -0800|dependabot[bot]|Build: Bump nessie from 0.105.7 to 0.106.0 (#14785)
786d1645c78f13fbd627e1d8a9785c6960d44798|2025-12-06 23:33:39 -0800|dependabot[bot]|Build: Bump org.xerial:sqlite-jdbc from 3.51.0.0 to 3.51.1.0 (#14786)
6735edd8494257af8cbfe92f38072136a2f97715|2025-12-06 23:43:51 -0800|dependabot[bot]|Build: Bump software.amazon.awssdk:bom from 2.39.5 to 2.40.3 (#14788)
19b4bd024486d9d516d0e547e273419c1bc7074e|2025-12-07 22:01:06 -0700|Yuya Ebihara|Core: Disallow encryption table properties in v1 and v2 (#14668)
0c194502b802630dde71120e5e48a074a0552ee8|2025-12-08 10:15:03 +0100|Fokko Driesprong|OpenAPI: Use `PrimitiveTypeValue` rather than `object` (#14184)
a739cb3db89ad94a3525443cef9357ccb1897d3f|2025-12-08 12:23:24 +0100|Maximilian Michels|Flink: Dynamic Sink: Add support for dropping columns (#14728)
01b29dd6403c8cc1fad084c3e11f2cb4fe88177e|2025-12-08 14:57:20 +0100|Yuya Ebihara|Build: Bump datamodel-code-generator from 0.36.0 to 0.41.0 (#14791)
a9482bd6a51965648e3b856f130445b0490d339e|2025-12-08 16:23:12 +0100|Maximilian Michels|Flink: Backport: Dynamic Sink: Add support for dropping columns (#14799)
642b852487c9396448334afd1a277286ee885ae8|2025-12-08 16:40:54 +0100|Eduard Tudenhoefner|OpenAPI: Make namespace separator configurable by server (#14448)
8901269a21853199e7b297756308cd9e208a0342|2025-12-08 08:37:42 -0800|Prashant Singh|OpenAPI: Add idempotency key for the mutating plan endpoints (#14730)
bd8d2895847bdce71b119f4cb7a83b2e1a58ea73|2025-12-08 09:42:44 -0800|Adam Szita|Hive: Metadata integrity check for encrypted tables (#14685)
344adf9d123cfb45a14d8d0812c1d299753bee76|2025-12-09 10:09:13 +0100|Eduard Tudenhoefner|Core: Make namespace separator configurable (#10877)
b2f3a4ce7bcb21b966cd3928ae964cc98b9cbdf5|2025-12-09 13:31:27 +0100|pvary|Spark: Backport ORC vectorized reader to use the delete filter (#14794)
0547af078c9d21b8642a4efcb3cbc85756547f22|2025-12-09 15:56:28 +0100|GuoYu|Flink: Fix write unknown type to ORC exception and add ut for unknown type (#14761)
7e41316832458217548c9b5ff296da28d3e0ce33|2025-12-09 17:02:46 +0100|GuoYu|Flink: Backport fix write unknown type to ORC exception and add ut for unknown type (#14806)
c8f4d5fee230dc9f240149938ecad84a9a979b5e|2025-12-09 20:30:53 +0100|pvary|Spark: Add comet reader test (#14807)
03415dff66c7ba4efd34cea2bb7f3dbcb40bb67e|2025-12-09 15:13:05 -0800|pvary|Spark: Backport add comet reader test (#14809)
c6ba7a4c48cf1280eeff35829492fd7e6a5f6787|2025-12-09 15:48:18 -0800|Beerelly Prudhvi Maharishi|GCS: Integrate GCSAnalyticsCore Library (#14333)
0cc337ace306033dff1db2775a8046c1a58214f5|2025-12-10 07:34:26 +0100|Prashant Singh|Core: REST Scan Planning Task Implementation (#13400)
122c4408b101bcf846440348040caef016e16626|2025-12-10 13:26:27 +0100|Raunaq Morarka|API: Reduce 'Scanning table' log verbosity for long list of strings (#14757)
11188387fd8e9b8f6944b760d294f262bc7bff32|2025-12-10 14:10:08 +0100|Maximilian Michels|Flink: Dynamic Sink: Handle NoSuchNamespaceException properly (#14812)
482d850c252c38f507476233227d1f2cc0e69eda|2025-12-10 18:02:01 +0100|Eduard Tudenhoefner|Spark: Test all simple types in TestSelect (#14804)
cbd35799dc70e989528b1c14d640fe91cdafa52d|2025-12-10 09:16:23 -0800|Sreesh Maheshwar|Encryption: Simplify Hive key handling and add transaction tests (#14752)
361131336622223c546187ff5369512343414a03|2025-12-10 09:47:28 -0800|Thomas Powell|Handle SupportsWithPrefix in EncryptingFileIO (#14727)
d894a0283e137c44d910acfc4a77119d9df2a005|2025-12-10 20:07:58 +0100|Eduard Tudenhoefner|Core: Align CharSequenceSet impl with Data/DeleteFileSet (#11322)
36940952929af15fc204cc8548d374932cbc70a0|2025-12-10 15:42:18 -0800|Vladislav Sidorovich|Throw CommitFailedException when BQ returns FAILED_PRECONDITION. (#14801)
5025d581ac292b04cbaa99fbe660277ddbceb9f1|2025-12-10 15:51:25 -0800|Xianyang Liu|Build: Improvements around applying spotless for Scala (#14798)
23dc32e5f1130c9d79d71cbf0be5b85162d8976c|2025-12-10 23:20:46 -0800|Prashant Singh|REST: Implement Batch Scan for RESTTableScan (#14776)
f5317674e2f7ce8eac54fb062073d33f833750ff|2025-12-11 09:33:10 -0800|Manikandan R|Support for TIME, TIMESTAMPNTZ_NANO, UUID types in Inclusive Metrics Evaluator (#13195)
fc981b499a09cef352f123daa70668d765dfe282|2025-12-11 19:33:05 +0100|aiborodin|Flink: Log on cache refresh in dynamic sink (#14792)
7418f4986de820efe04570b28392a0db2f640ec9|2025-12-11 15:12:14 -0800|Prashant Singh|Core: disable flaky test for batchScan RemoteScanPlanning (#14826)
e90b06cc5f07b948a56021d129f128dd8b81123c|2025-12-11 18:41:14 -0800|Maximilian Michels|Flink: Backport: Dynamic Sink: Handle NoSuchNamespaceException properly (#14812) (#14819)
cc02655c7f70f1ac04273070835c4616bbb56d5f|2025-12-12 08:54:40 +0100|aiborodin|Flink: Backport: Log on cache refresh in dynamic sink (#14828)a
c68f0418774782f73abca8d9e9c366198910c101|2025-12-12 12:40:26 +0100|gaborkaszab|Core: Expose the stats of the manifest file content cache (#13560)
849f218d8d9a6783ba04d2d4eafc07754ec3885c|2025-12-12 12:44:52 +0100|MehulBatra|Docs: Add Apache Fluss integration link (#14829)
41b5af3e8a9ffaa709f08171113a8abcd201d765|2025-12-12 07:51:16 -0800|Nándor Kollár|Azure: KeyManagementClient implementation for Azure Key Vault (#13186)
baff19fa94b562402d9119683c42585c9ac66619|2025-12-12 14:02:58 -0800|Danica Fine|Docs: Update community meetup guidelines (#14770)
9a048825fc8d83982ca6d4ea27c07c1c573cd8a6|2025-12-12 15:07:03 -0800|Hongyue/Steve Zhang|Spark, Flink: replace deprecated cleanExpiredFiles in expireSnapshots (#14832)
bc23a774a3cb3b06a63289e445dbf91beb8b5254|2025-12-13 09:09:08 +0100|gaborkaszab|Core: Adjust namespace separator in TestRESTCatalog (#14808)
9daef17156613ba9a0e5c23f0047cbdd072ee7c7|2025-12-13 23:38:45 -0800|dependabot[bot]|Build: Bump software.amazon.awssdk:bom from 2.40.3 to 2.40.8 (#14843)
83b8afa31a426af40317e4d685af99ad075ea1be|2025-12-14 00:02:58 -0800|Yuya Ebihara|Build: Bump datamodel-code-generator from 0.41.0 to 0.43.1 (#14845)
837df74d6b88561a5a8d761e7883e081fab44b72|2025-12-14 06:57:52 -0800|dependabot[bot]|Build: Bump org.immutables:value from 2.11.7 to 2.12.0 (#14844)
abd1d7741aca1688477270a3eafad2413d60ace9|2025-12-14 06:58:24 -0800|dependabot[bot]|Build: Bump io.netty:netty-buffer from 4.2.7.Final to 4.2.8.Final (#14841)
b6e262d144ea3a76f41d48bc5b7a9aaa3b348eb0|2025-12-14 06:58:39 -0800|dependabot[bot]|Build: Bump actions/upload-artifact from 5 to 6 (#14840)
69b4191eb32969afdb41a4df020e863db96d9fff|2025-12-14 07:12:48 -0800|dependabot[bot]|Build: Bump actions/cache from 4 to 5 (#14839)
831b4ea108b9def6ae92258a7382aab096d87ed2|2025-12-15 14:02:24 +0100|gaborkaszab|Core: Change removal of deprecations to 1.12.0 (#14392)
ba28a3365a1a0e3cd64875c5d76191080799e8bf|2025-12-15 09:30:26 -0800|Amogh Jahagirdar|Core: Deprecate scan response builder deleteFiles API (#14838)
90bfc3dff5f40f9ba886832ba9ccaa7b42298e9a|2025-12-15 14:07:19 -0800|Prashant Singh|SPEC: Add NoSuchPlanId to cancel endpoint (#14796)
f2449550c72e8d744b43438ef332716121af2c6b|2025-12-16 10:01:26 +0100|GuoYu|Flink, Core: RewriteDataFiles add max file group count (#14837)
d5bfcaf7ca518d70a4cb47167c948a4a367df9e3|2025-12-16 08:33:38 -0800|Vamsi Krishna|Docs: Add schema selection example for time travel queries (#14825)
baee8877117b10b761c1c9c261512b255ac7e739|2025-12-16 10:57:13 -0800|Huaxin Gao|fix typo in assert message (#14855)
b23f13f71e7aa39b728ba0af5aa7e157f20e498b|2025-12-16 11:24:11 -0800|Prashant Singh|Core: Address Race Condition in ScanTaskIterable (#14824)
60b42ec0550bcb31c1a05000f34b5ca24016221a|2025-12-16 20:54:46 -0800|Yuya Ebihara|API: Remove redundant } from Transforms javadoc (#14866)
26cb7cdd2eff04b5cc7a88b899ee37e7d7f32f18|2025-12-17 12:23:21 +0100|GuoYu|Flink: Backport RewriteDataFiles add max file group count (#14861)
9ca8029b4f7932ca2c22b034a0abc0edf8972975|2025-12-17 11:51:33 -0800|Ajay Yadav|GCS: bump up gcs-analytics-core version from 1.2.1 to 1.2.3 (#14873)
33cab35b67e3f58d06fc17f8f1ba8c3a99622c94|2025-12-18 16:07:06 +0100|Eduard Tudenhoefner|Spark: Enable remote scan planning with REST catalog (#14822)
8ea92ff5e1e164324950512bd8fde522976c58b4|2025-12-18 10:32:27 -0700|Eduard Tudenhoefner|Core: Simplify handling of the current planId in client side of remote planning (#14883)
05998edb8808ae21739072cca17b621925a2081a|2025-12-18 11:22:46 -0800|Prashant Singh|Fix: Enable metadata tables support for REST scan planning (#14881)
00bf964f1df2454b24f93bbe7d36278ec229fb48|2025-12-19 14:53:33 +0100|Eduard Tudenhoefner|Spark: Order results to fix test flakiness with remote scan planning (#14894)
2a006ba8d0f9b668efcfbc6c523c87ceddf35b94|2025-12-19 08:44:00 -0800|Eduard Tudenhoefner|Core: Close planFiles() iterable in CatalogHandler (#14891)
59280a106ca5f378edfd47d3576c4d10011e5e80|2025-12-19 18:02:45 +0100|wuya|Hive: Update view query in HMS when replacing view (#14831)
554a3c1d2ad3faf1397f763c8ae9b1e69c9bb55d|2025-12-19 14:16:55 -0800|Joy Haldar|GCP: Add service account impersonation support for BigQueryMetastoreCatalog (#14447)
0fb1e3cac5fcae43b3b2f7c77ff26457f5d715dd|2025-12-19 14:44:29 -0800|Christian|OpenAPI: Etag for CommitTableResponse (#14760)
76fcd47ff00254b7079224a5960a49d906343cdf|2025-12-20 21:55:32 -0800|dependabot[bot]|Build: Bump io.netty:netty-buffer from 4.2.8.Final to 4.2.9.Final (#14897)
da67268ee4d83fabcbdc8ab4ce9b790772efab8c|2025-12-20 21:55:52 -0800|dependabot[bot]|Build: Bump testcontainers from 2.0.2 to 2.0.3 (#14898)
73c2aa2d1cce7a563c32c2e668bd7234cf5bfd55|2025-12-20 21:55:59 -0800|dependabot[bot]|Build: Bump software.amazon.awssdk:bom from 2.40.8 to 2.40.13 (#14904)
830cbc9b6840d233889a64d09260913a315f9464|2025-12-20 21:56:14 -0800|dependabot[bot]|Build: Bump net.snowflake:snowflake-jdbc from 3.27.1 to 3.28.0 (#14899)
e8f6e90f67e2cf25e4bc330fde781fad6d2b6138|2025-12-20 21:56:29 -0800|dependabot[bot]|Build: Bump com.google.cloud:libraries-bom from 26.72.0 to 26.73.0 (#14902)
d6d44a7803b218e7da6d514e96ad98282f22a2b6|2025-12-20 21:56:57 -0800|dependabot[bot]|Build: Bump org.apache.httpcomponents.client5:httpclient5 (#14900)
1c5bb017c2161aa568d75e17a4de7f42bcb37d02|2025-12-22 17:03:51 +0100|Yuya Ebihara|Build: Bump datamodel-code-generator from 0.43.1 to 0.46.0 (#14905)
f4005868942a929436576389ac764be9841ec128|2025-12-22 14:15:46 -0800|Huaxin Gao|Site: Updates for 1.10.1 Release (#14907)
f1e02730c04bbb33f9bfd4bcf2602d7cb5951ceb|2025-12-22 16:29:52 -0800|Huaxin Gao|Issue template: add 1.10.1 to version dropdown (#14916)
752a2820cd774600a5e803ef12732c2596a2b303|2025-12-22 16:52:45 -0800|Huaxin Gao|Site: correct release time for 1.10.1 (#14918)
3149892438ec7d4114fc2d79e970188dd3c90a44|2025-12-22 19:14:53 -0800|manuzhang|Spark: Move 4.0 as 4.1
ddea5658ece8ba5aff6f22d8e3477a05064175d1|2025-12-22 19:14:53 -0800|manuzhang|Spark: Copy back 4.1 as 4.0
317968426afb0a254ee3b8cd930578c774ac4fdb|2025-12-22 19:14:53 -0800|manuzhang|Spark: Initial support for 4.1.0
ed26fd7acae713d4197f4823e86b0da4e0cec8e5|2025-12-22 21:16:35 -0800|Huaxin Gao|DOAP: add release 1.10.1 (#14917)
0069c5e09617d99a3ddce33a4a093fe288243eeb|2025-12-23 10:15:34 -0800|Prashant Singh|INFRA: Skip running CI for doap.rdf file (#14919)
026ec35b7969539b535af03944fae53d059cd233|2025-12-23 19:32:01 -0800|Amogh Jahagirdar|Core: Small cleanup in MergingSnapshotProducer cleanUncommittedAppends (#14923)
0651b8913d27c3b1c9aca4a9609bec521905fb36|2025-12-24 10:02:23 -0800|nhuantho|[doc] Add highlight note for Hadoop S3A FileSystem (#14913)
53044611e25313e11e732ddf98fd2a6eae1aa923|2025-12-27 21:01:11 -0800|dependabot[bot]|Build: Bump datamodel-code-generator from 0.46.0 to 0.49.0 (#14938)
b26009c5cc3a47be4fda062ac1cc0efa5f78d72f|2025-12-27 21:01:19 -0800|dependabot[bot]|Build: Bump pymarkdownlnt from 0.9.33 to 0.9.34 (#14937)
63c923e6bc78e72bb78adb0ba60ab3c6bf3884c9|2025-12-27 23:24:00 -0800|Prashant Singh|fix test regex (#14939)
4db39095867843d4031cf5a2f04b878e930de13b|2025-12-27 23:25:45 -0800|dependabot[bot]|Build: Bump org.openapitools:openapi-generator-gradle-plugin (#14934)
4632f3133efbf6b8232ed9526de7142fd50e1aa6|2025-12-27 23:26:04 -0800|dependabot[bot]|Build: Bump software.amazon.awssdk:bom from 2.40.13 to 2.40.16 (#14936)
9c3bed6a651f20fc06b1a4c329e40910bd6eb36a|2025-12-30 12:16:19 -0800|Varun Lakhyani|Docs: Fix MERGE INTO example in Getting Started (#14943)
00046005889c66ffc860bae012d7fc560e8f040a|2026-01-01 20:11:51 -0800|Dan LaRocque|Spec: fix impl note about snapshot ID generation (#14720)
e131329a07fb5d726bc33177d9f0cd23aaebd2fb|2026-01-03 08:24:26 -0800|Huaxin Gao|Spark: Add ordering to TestSelect to remove flakiness (#14956)
01b59d37f562295de6064f3898f6241639e1817e|2026-01-03 23:48:37 -0800|dependabot[bot]|Build: Bump software.amazon.awssdk:bom from 2.40.16 to 2.41.1 (#14961)
64b7b66222b1f59eaf0c4ce09350665d590271ae|2026-01-03 23:50:08 -0800|Yuya Ebihara|Build: Bump datamodel-code-generator from 0.49.0 to 0.52.1 (#14962)
3048d772aed6572bce28abbddae661d441058f74|2026-01-05 14:22:39 +0100|Maximilian Michels|Flink: Dynamic Sink: Fix serialization issues with schemas larger than 2^16 bytes (#14880)
4bd1fb8632ecde781fdf7e444137f0981c0e86bb|2026-01-05 14:45:28 +0100|aiborodin|Flink: DynamicSink: Report writer records/bytes send metrics (#14878)
4bc934b9d3c4394566658cb2b11639f4daef7c8c|2026-01-05 08:18:22 -0800|Prashant Singh|Spark 3.4 | 3.5: Enable remote scan planning (#14963)
bc7bfa5de4743853d9647ad095322ba71e304221|2026-01-05 17:49:48 +0100|Maximilian Michels|Flink: Backport: Dynamic Sink: Fix serialization issues with schemas larger than 2^16 bytes(#14967)
8f2ed2068967e9cadb7ae4e263cfef490c844b8e|2026-01-06 10:06:56 +0100|aiborodin|Flink: Backport: DynamicSink: Report writer records/bytes send metrics (#14971)
42cac92c4847407b8b56f976b83a0602d80dce0b|2026-01-06 13:26:31 +0100|GuoYu|Flink: Fix equalityFieldColumns always null in IcebergSink (#14952)
4fe8ae2d3688fab62270b24dd8c45fb36cef6cd6|2026-01-06 09:08:55 -0800|GuoYu|Flink: Backport fix equalityFieldColumns always null in IcebergSink (#14975)
d75451833a91c2e747b1f9f6e141b83e7679614f|2026-01-06 12:50:13 -0700|Hongyue/Steve Zhang|Core: Reduce manifest logging noise on drop table (#14969)
bde85b0c347692cd1d2b322f6ab970583e8e3a77|2026-01-06 14:32:51 -0600|Joy Haldar|API, Spark: Optimize NOT IN and != predicate evaluation for fields containing a single-value (#14593)
7bfe144173cf45995b0dfc2639b20838cac6de4c|2026-01-06 13:02:08 -0800|Huaxin Gao|Flink: fix VisibleForTesting import in ZkLockFactory (#14977)
234af35ae143dae6369eca03365dc166b92d0b84|2026-01-06 20:17:01 -0500|Kevin Liu|site: fix live loading in make serve-dev
46c871ccbaa6a4494433778fc38af889afefa735|2026-01-07 09:22:14 +0100|Stas Pak|Spark: Add Spark app name to env context (#14976)
055a73a92cc2f14b8adbd7b0851d6c5b8538db5c|2026-01-07 09:33:45 +0100|Thomas Powell|AWS: Merge catalog properties with properties prefixed with client.credentials-provider. (#14608)
b07c1e570d5db28a937b3fc632ef2f2788932818|2026-01-07 12:19:22 +0100|Varun Lakhyani|Spark: Backport: Add Spark app name to env context for Spark v3.4, 3.5, 4.0 (#14981)
51d548a4fc101df3494e17a5f7ff5c615c5979cc|2026-01-07 13:58:23 +0100|gaborkaszab|API, Core: Scan API for partition stats (#14640)
1dce77c788a761f74e7ff8a4f5ce2d0a75b06359|2026-01-07 15:35:54 +0100|Ayush Saxena|Data: Handle TIMESTAMP_NANO in InternalRecordWrapper (#14974)
b3b6657352bc83329add02baf6154a6df13c3830|2026-01-07 11:58:56 -0600|Russell Spitzer|Site: Add Iceberg Summit 2026 section to homepage (#14988)
aee89008aaebb99eb26ddbd3f79220a30a7ef6c9|2026-01-07 13:18:25 -0800|Thomas Powell|Include key metadata in manifest tables (#14750)
88d833b06bdb07101e458b8fdb7e60fe9e1a9c9a|2026-01-07 17:30:01 -0800|Ashok|Core: Handle NotFound exception for missing metadata file (#13143)
99f14e7ebed010c4542cfdc98cd6f62e3922bc07|2026-01-07 17:55:48 -0800|Szehon Ho|Spark 4.1: Initial support for MERGE INTO schema evolution (#14970)
daa3bb257bfc17ae7988dbff0a5379a16c1abcc9|2026-01-07 21:56:26 -0800|Kevin Liu|manually update spark 3.4 (#14993)
01e324022f115c1457367872aac9a2d35ef0fdbf|2026-01-08 01:20:51 -0500|Kevin Liu|site infra: when running `make serve`, add a tip on using `make serve-dev` instead
cde5b9f984344d134fc907b2ff3883499d7e54c3|2026-01-08 07:05:54 -0800|Robin Moffatt|Kafka Connect: Fix CVE-2025-55163 in grpc-netty-shaded (#14985)
615b5a097cf27a65fec2a9f613150ab83ea8bc7a|2026-01-08 11:45:02 -0600|Hongyue/Steve Zhang|Core: Unlink table metadata's last-updated timestamp from snapshot timestamp (#14504)
0094ccc0aeec33638f34ff5c4074b4cfe4bdf58c|2026-01-08 22:52:23 +0100|pvary|Use SnapshotRef.MAIN_BRANCH instead of the 'main' string (#14999)
a7b8a08b2abb6125ffbe6ea61817e5826db61ab2|2026-01-08 17:17:17 -0800|Hongyue/Steve Zhang|Spark 4.1: Fix spark 4.1 test for unlink table metadata's last-updated timestamp (#15004)
a90848e21018d15aa6af12528b1aeef5e3365af5|2026-01-08 23:18:24 -0500|Kevin Liu|infra: add gradle cache to github workflows
4a4d73408aa771ed7ec2f4e94ca3e1b2df03c1de|2026-01-09 08:39:51 +0100|Eduard Tudenhoefner|Core: Add storage credentials to FetchPlanningResultResponse (#14994)
6f7b5688dada3fa92a2b510b3ea26400b332a25b|2026-01-09 11:33:41 +0100|aiborodin|Flink: Dynamic Sink: Refactor write result aggregation (#14810)
a1c1c1b5a855a0ce63785f62660cf2490765d4e0|2026-01-09 12:26:14 +0100|Maximilian Michels|Core: Support case-insensitive field lookups in SchemaUpdate (#14734)
d85f8a87a8b9c497c9235199cc3787b8814cc270|2026-01-09 08:40:24 -0800|Daniel Weeks|Kafka Connect: validate table uuid on commit (#14979)
b2696b9599df762feb3749eef2383b7698437374|2026-01-09 13:20:02 -0800|Bryan Keller|Kafka Connect: fix table UUID check (#15011)
2c92500e974eb5a58cdcf75126a85d7cf16d2995|2026-01-10 07:18:15 +0100|Varun Lakhyani|Spark: Add location overlap validation for SnapshotTableAction (#14933)
b4bb71fc408d17d2c724f7a2faf622759746523d|2026-01-10 09:30:07 -0800|Varun Lakhyani|Spark: Backport #14933: Snapshot location overlap check to spark v3.4, v3.5, v4.0 (#15016)
d671410367bad6cf1a9139cfa8ede58f7ea80976|2026-01-10 21:12:23 -0800|dependabot[bot]|Build: Bump datamodel-code-generator from 0.52.1 to 0.52.2 (#15018)
7fd8a2ddc94e32b665bc954a0b409705af36527b|2026-01-10 21:13:43 -0800|dependabot[bot]|Build: Bump io.grpc:grpc-netty-shaded from 1.76.2 to 1.78.0 (#15024)
12f935459ce0801ea3460c81c75bfcceb1f2cb3a|2026-01-11 00:30:25 -0800|dependabot[bot]|Build: Bump nessie from 0.106.0 to 0.106.1 (#15019)
a401603a9cafe637baad27bf8291e5a595b020d0|2026-01-11 00:30:39 -0800|dependabot[bot]|Build: Bump com.google.errorprone:error_prone_annotations (#15020)
95d7405d3c0c19f9333dd0759a1e2c49c4958d1d|2026-01-11 09:05:45 -0800|dependabot[bot]|Build: Bump junit-platform from 1.14.1 to 1.14.2 (#15021)
ccf4dfbb65146d9be11e5027404fb0c3df2af999|2026-01-11 09:06:11 -0800|dependabot[bot]|Build: Bump software.amazon.awssdk:bom from 2.41.1 to 2.41.5 (#15022)
cc966fc96374366b17ed39b1cbd8916438b4bb84|2026-01-11 09:07:03 -0800|dependabot[bot]|Build: Bump org.immutables:value from 2.12.0 to 2.12.1 (#15026)
c73116ab377261fc3875ce2194f38fd6460e5719|2026-01-11 09:07:43 -0800|dependabot[bot]|Build: Bump orc from 1.9.7 to 1.9.8 (#15025)
b7d9817cc97fb7b3c11bd105a91f1550b05dc63e|2026-01-11 10:44:30 -0800|dependabot[bot]|Build: Bump junit from 5.14.1 to 5.14.2 (#15023)
4206122465e7576e978e2fa56efd739c24301701|2026-01-11 23:40:36 -0800|Manu Zhang|Spark 4.1: Upgrade to Spark 4.1.1 (#14946)
7f81e1e93084e50fa3676c2e131722f66a26b385|2026-01-12 14:14:03 +0100|gaborkaszab|Core: Use scan API to read partition stats (#14989)
f8ee29e6eb8b5f33ea0e91fa4406a76643cb4ef6|2026-01-12 08:14:17 -0800|Manu Zhang|Core: Drop support for Java 11 (#14400)
cbf07cba8c89a49e42baa7073ee15bd914d2e1e0|2026-01-13 13:00:28 +0100|Eduard Tudenhoefner|AWS, Azure, Core, GCP: Pass planId when refreshing vended credentials (#14767)
42c7f475d2cde9c53fb6578af24c64d407c9b6b1|2026-01-13 13:59:03 +0100|gaborkaszab|Core, Data, Spark: Use partition stats scan API in tests (#14996)
d5b83fc3a5035244ba279a1204e52efe118e7f46|2026-01-13 08:15:20 -0800|Thomas Powell|Include key metadata in manifest tables (Spark 4.1) (#15041)
243badb3faa9290e66e710091dd9cd4e6c71a5a2|2026-01-13 09:00:46 -0800|Kevin Liu|site: Apache Iceberg Project News and Blog (#15013)
779af12312fcf70c1e6e52d610d64cf947fd0a4f|2026-01-13 09:41:01 -0800|Kevin Liu|add registeristration link closer to the top (#15044)
bd96b79b4229f27c0aa4a0ed776a1493499cfd79|2026-01-14 07:41:39 +0100|Eduard Tudenhoefner|Core, Hive: Detect if a view already exists when registering a table (#15010)
046298f63bdfe3a6dc9d6cf6ed37223eda3ea6cc|2026-01-14 11:06:38 +0100|Fokko Driesprong|Bump to Parquet 1.17.0 (#14924)
b62802faf9edc2aca89a85a1ab0a6e13e1b61472|2026-01-14 09:08:56 -0800|Eduard Tudenhoefner|Spark: Add test coverage for Hive View catalog (#15048)
c1aed477d1c0c8ef93aa8dea23f75e5ab11f5be6|2026-01-14 13:14:44 -0800|Eduard Tudenhoefner|Spark 3.5,4.0: Add test coverage for Hive View catalog (#15052)
035e0fb39d2a949f6343552ade0a7d6c2967e0db|2026-01-15 11:44:25 -0800|Daniel Weeks|REST Spec: clarify uniqueness of ETags for table metadata responses (#15045)
38cc88136684a57b61be4ae0d2c1886eff742a28|2026-01-15 14:52:53 -0800|Joy Haldar|BigQuery: Eliminate redundant table load by using ETag for conflict detection (#14940)
b4ef17cd16323e748cb97c559ec90acfa3fbf395|2026-01-16 14:51:35 +0100|Harsh Sharma|Spark: Add branch support to rewrite_data_files procedure (#14964)
53374bde66955885de6fca0ea59b946346ec2d89|2026-01-16 15:21:34 +0100|Ajantha Bhat|API, Core: Support registerView for view catalog (#14868)
dd2a5684e349fb2276680dc667973933b0b53e45|2026-01-16 16:46:03 +0100|Manu Zhang|Spark 3.5: Upgrade to Spark 3.5.8 (#15033)
4f5768738e79487058fd65fba3faa19612a53391|2026-01-16 09:52:55 -0800|Huaxin Gao|Add idempotency adapter and E2E coverage (#14773)
bf549615515157addf94d637538b34f847aea061|2026-01-16 21:05:12 -0800|Ajantha Bhat|OpenAPI: Add REST endpoint for registering views (#14869)
e93eaab330581999d8fd8e4e6f5f885446cf28c3|2026-01-17 08:59:18 -0800|zhaoyunjiong|Aliyun: Add RRSA support for OSS authentication (#14443)
60010cb1242c08c60763b1c4e7f734704651c6e2|2026-01-17 21:19:05 -0800|dependabot[bot]|Build: Bump datamodel-code-generator from 0.52.2 to 0.53.0 (#15074)
491e00a5939e545fe1cd733a9f39274d85312dd5|2026-01-17 21:41:03 -0800|dependabot[bot]|Build: Bump yamllint from 1.37.1 to 1.38.0 (#15075)
6aa58e4fc994e0aee388e9e56e0be353a6bd55c4|2026-01-17 22:08:03 -0800|dependabot[bot]|Build: Bump com.aliyun:credentials-java from 0.3.2 to 0.3.12 (#15076)
bfc76145f988564525e4934ba6910992f6cc41a0|2026-01-17 22:08:22 -0800|dependabot[bot]|Build: Bump software.amazon.awssdk:bom from 2.41.5 to 2.41.10 (#15077)
6134dd2181135ba8abc45312889b86a01cf13646|2026-01-17 22:08:39 -0800|dependabot[bot]|Build: Bump com.aliyun:tea from 1.2.1 to 1.4.1 (#15078)
72d5fd66c527c27c79880e051b7eaf46deb2fed6|2026-01-18 08:46:08 +0100|gaborkaszab|Core: Freshness-aware table loading in REST catalog (#14398)
7acc150ac57f48fabdd9e9ceeb72b1feaf4c1660|2026-01-19 07:56:39 +0100|Ajantha Bhat|Core: Add RegisterViewRequest, parser, and serializers (#15068)
2d6f4bbfbcb1d4a80c8de54e8f627cd559c555d6|2026-01-19 16:08:15 +0100|Resort_Annex|Core: Remove unused import in ParquetConversions (#15081)
504640f78bfde7338666d3451ac43fadbbc5627a|2026-01-19 17:45:29 +0100|Maximilian Michels|Flink: Dynamic Sink: Add case-insensitive field matching (#14729)
9b573c7b46950a41d614c4240752f255282d8c1f|2026-01-19 10:55:45 -0800|Raunaq Morarka|API: Use Transform#isIdentity in PartitionSpec#identitySourceIds (#15066)
8967729beac20f1fbcbe6b1f43ae010525a2c6f5|2026-01-19 19:00:26 -0800|Manu Zhang|Build: Bump roaringbitmap from 1.3.0 to 1.6.0 (#14991)
dc708e675d263bd09f95f11421a3fd77e430aca6|2026-01-20 09:07:59 +0100|aiborodin|Flink: Backport: Dynamic Sink: Refactor write result aggregation (#15054)
84be38acc59bb94cf441180ab7496bd828167093|2026-01-20 01:16:25 -0800|pvary|Flink: Backport: Add test to ensure that append commits are created in dynamic iceberg sink when possible (#15088)
8e255cd9114c4b35fb6b2d6a9e2ec0c2137b2f61|2026-01-20 17:20:55 +0100|Maximilian Michels|Flink: Backport: Dynamic Sink: Add case-insensitive field matching (#15089)
bfec39f64666b8d49dc5061a6c5cfa96062f613a|2026-01-20 11:03:10 -0800|Thomas Powell|Make StandardEncryptionManager serializable (#14751)
15485f5523d08aae2a503c143c51b6df2debb655|2026-01-21 09:01:01 +0100|Harsh Sharma|Spark: Backport adding branch support to rewrite_data_files procedure (#15067)
135659c2d2711a3673a48440609d2e02d8dab376|2026-01-21 16:46:57 -0800|Varun Lakhyani|Spark 4.1: Add tests for MERGE INTO schema evolution nested case (#15028)
15a72dc829844a4ca2f004139c9acc5f1a922578|2026-01-22 10:04:50 +0100|Ajantha Bhat|Core: Implement register view for REST catalog (#14870)
1a4f423397882b8f7d44c4eb027faf9e5e5fb7bb|2026-01-22 16:12:20 +0100|gaborkaszab|API, Core: Move partition stat schema creation to API (#15083)
157b2488ebfc138370bf482458df96bcdc7245dd|2026-01-22 13:01:33 -0600|Joy Haldar|API: Optimize NOT IN and != predicates for single-value partition manifests (#15064)
73a26fc1f49e6749656a273b2e4d78eb9e64f19e|2026-01-22 17:51:55 -0800|Huaxin Gao|Docs: Fix publish_changes wap_id parameter type (#15117)
672e8603a4568bfe57ca1406b7ce69a1bb6a6ec3|2026-01-23 07:59:23 -0800|Manu Zhang|Site: Add RSS feed for blogs (#15071)
7493a158b38953a16672718bcb964d8b8b8ce34b|2026-01-23 17:13:36 +0100|Maximilian Michels|Flink: Test Parquet writer default handling via core's DataTestBase (#15123)
51ae3466525b5b30e3b8bd6728bae3e1e8f61e68|2026-01-23 09:13:29 -0800|Manu Zhang|Build: Bump comet version from 0.10.1 to 0.12.0 (#15105)
96a59408b271881a596f74697c05adb2dbc44094|2026-01-23 09:27:03 -0800|Maximilian Michels|Flink: Backport: Test Parquet writer default handling via core's DataTestBase (#15123) (#15125)
829b6414659718de5d8acf35deee58f3cf2ed351|2026-01-23 16:12:19 -0800|Szehon Ho|Spark 4.1: Add Merge WriteSummary to Snapshot Summary (#15014)
cca746b13250bc4ecde53cf0df7536877070d51a|2026-01-24 20:51:38 -0800|dependabot[bot]|Build: Bump pymarkdownlnt from 0.9.34 to 0.9.35 (#15130)
a95bb8867c4496d74b5dcb8c5cfb2c5376acc3b6|2026-01-24 21:09:37 -0800|dependabot[bot]|Build: Bump mkdocs-rss-plugin from 1.17.4 to 1.17.9 (#15131)
aa630608f79d06c1c3929801fd7266b082170758|2026-01-25 09:30:44 -0800|dependabot[bot]|Build: Bump org.openapitools:openapi-generator-gradle-plugin (#15129)
24522c3f8d90632244ca4d1c112c976a971925ca|2026-01-25 09:31:10 -0800|dependabot[bot]|Build: Bump org.assertj:assertj-core from 3.27.6 to 3.27.7 (#15132)
755ea35b3734e50b99645da9ff76ac86d8aeb3c1|2026-01-25 09:32:04 -0800|dependabot[bot]|Build: Bump jackson-bom from 2.20.1 to 2.21.0 (#15133)
f8ed0da8b89645506b6a57e83d98b54922e557fd|2026-01-25 09:32:37 -0800|dependabot[bot]|Build: Bump com.google.cloud:libraries-bom from 26.73.0 to 26.74.0 (#15135)
485a4d00cd492b38027a1d9dc6d6e8e540b383aa|2026-01-25 12:02:03 -0800|dependabot[bot]|Build: Bump com.fasterxml.jackson.core:jackson-annotations (#15136)
345ce9187c0d0847045f0022ed0eac1644e01581|2026-01-26 13:56:40 +0800|Feiyang Li|Docs: Add C++ library to implementation status (#15107)
4368c3a62d30cc352184d6e6279074945d1945e6|2026-01-26 08:47:19 +0100|gaborkaszab|Core: Refactor test suite for freshness-aware loading (#15082)
7a4d786e713cd4e120b474f235bd2a243fc1f2a7|2026-01-26 09:34:21 +0100|dependabot[bot]|Build: Bump software.amazon.awssdk:bom from 2.41.10 to 2.41.14 (#15134)
7bead8ab72639f1087b337bbc71bf64a59d058ea|2026-01-26 12:56:42 -0600|Huaxin Gao|Core: Invalidate ShreddedObject serialization cache on remove (#15097)
d75c162c9217d61a350a35e8a933edc1cf021b1a|2026-01-26 11:14:29 -0800|zengyz|Build: Bump gradle-wrapper to 8.14.4 (#15143)
2dc306fb6173fb7417c68e7de9ed10639d9678c0|2026-01-26 17:47:51 -0800|Gang Wu|Docs: add blog post for C++ 0.2.0 release (#15141)
ec93fe2313c116276acc1deff2abb47cc6e365e7|2026-01-26 17:52:41 -0800|Maximilian Michels|Flink: Fix test assumption which can produce flakiness  (#15147)
3f749736193cb6d4ae844873d98ad47ff3f640d9|2026-01-26 18:12:23 -0800|Kevin Liu|site: add slug to be explicit about blog url (#15149)
0e37d50fe8b9f3aa2581bdba6e43711cded8ce52|2026-01-27 09:15:38 -0800|Eduard Tudenhoefner|Build: Bump spotless gradle plugin to 8.2.0 (#15156)
d43031b7d704670386624bd87cafd0ca5bfea592|2026-01-27 09:17:23 -0800|Eduard Tudenhoefner|Build: Bump gradle-git-version to 4.2.0 (#15157)
1bf44d9fed8b99dd73115ec31659266248cbb363|2026-01-27 09:28:26 -0800|Resort_Annex|Build: Fix typo in variable name spaceSeparatedPlanId (#15158)
696acfaf3f14dcdee44e101e187318c7cf4bf500|2026-01-27 21:31:07 -0700|Alessandro Nori|API, Spark 4.1: Add `orphanFilesCount` to `DeleteOrphanFiles.Result` (#14886)
fec9800bcc0c4073ca727f3b3bfdc2f34abb26a3|2026-01-28 12:51:48 +0100|Eduard Tudenhoefner|Build: Bump gradle-baseline-java to 6.90.0 (#15160)
03ed4ba9af4e47d32bdb22b7e3d033eb2a4b2c83|2026-01-28 15:48:31 +0100|Ayush Saxena|Fix Internal to Generic conversion of TIMESTAMP_NANO (#15099)
42a959791462859b3cb143191bf0e1696bb91807|2026-01-28 10:17:24 -0800|Kevin Liu|site: add docs about Requesting Slack Integrations (#15170)
6c7f458d949c22e8fc06fa5b617429c29bed1cec|2026-01-28 13:22:00 -0800|Kevin Liu|Build/Release: Upgrade to RAT 0.17 (#15145)
b7181e8f765fc3ff188c325ba422b347f59d271e|2026-01-28 13:23:11 -0800|Dong Wang|Fix incorrect partition bounds calculation in manifest on deletion (#15127)
b9f6660bea16668e6e12c047446ba35269ec1a59|2026-01-28 20:21:17 -0800|Kevin Liu|Build/Release: use RAT collection for ignore file patterns (#15174)
83653ba9ad1de44fd389ea6468f2886d18f475e8|2026-01-29 14:58:23 +0800|Debjani Banerjee|Docs: Fix bullet list formatting in fileio usage section (#15106)
58d8fd742f23d41d99a8b4885924a102cc936789|2026-01-29 07:38:41 -0800|Junwang Zhao|Docs: fix iceberg-cpp website link (#15177)
707be1a6a69d555e6601ba5b3a0acca86cc225e2|2026-01-29 08:56:47 -0800|Alessandro Nori|Spark: backport `#14886` to other Spark versions (#15178)
e24e6e9c06b14d5e26db1544047794c97d152414|2026-01-29 11:53:07 -0800|yguy-ryft|Docs: Add Ryft to third-party integrations (#15179)
a55d1235d20a542b7de4cc60772dad172a414861|2026-01-29 15:52:23 -0800|Sam Wheating|Spark 4.1 | 4.0 | 3.5 | 3.4: Fail publish_changes procedure if there's more than one matching snapshot (#14955)
a0dbed01841c50e8127538dcd9e542351a7f3f6e|2026-01-29 15:57:35 -0800|Yuya Ebihara|GCP: Add gcp.auth.credentials-key property (#14713)
e40c2d653793c3ec27fee5be32de38f57c0dd22e|2026-01-29 20:24:26 -0700|yan zhang|Core: Fix data loss in partial variant shredding (#15087)
8072acd66e69bd0888ca67c8ffb9b213501be8fc|2026-01-29 19:43:33 -0800|Manu Zhang|API, Hive, Spark: Fix typos in comments and error messages (#15181)
b2f312f4396d1b5674e2378dbef3887fb2d789b6|2026-01-30 09:26:05 -0700|Thomas Powell|AWS, Azure, GCP: Configure headers in HTTPClient from properties (#15110)
f23486ffd7499d2b2f0bfd8ce7552c361fd86796|2026-01-30 09:27:40 -0700|Vaibhav Ahuja|AWS: Remove HEAD operation from AnalyticsAcceleratorUtil (#15116)
738c7a4753552ff990401a5f736fa29ad26d5c60|2026-01-31 09:11:04 -0700|Edward Gao|AWS: Set retry policy on glue and dynamo clients (#15094)
5b5e51104429ae02be770449370a02f9794ee99b|2026-01-31 09:17:21 -0800|Kevin Liu|Build/Release: fix RAT command (#15194)
8f3328a765d93226e23e454ee363152de4f4fb82|2026-01-31 23:05:15 -0800|dependabot[bot]|Build: Bump nessie from 0.106.1 to 0.107.0 (#15197)
3848f1358a35b5f539116e56cb6ee0fa51fa3906|2026-01-31 23:05:34 -0800|dependabot[bot]|Build: Bump com.aliyun.oss:aliyun-sdk-oss from 3.18.4 to 3.18.5 (#15198)
06569e71d52586eefc915e8725b5e21d928ea4ec|2026-01-31 23:05:59 -0800|dependabot[bot]|Build: Bump com.diffplug.spotless:spotless-plugin-gradle (#15199)
b3da7d176cd590cd3436397cd58d46f173f90e3a|2026-01-31 23:06:19 -0800|dependabot[bot]|Build: Bump software.amazon.s3.accessgrants:aws-s3-accessgrants-java-plugin (#15200)
85245f74ed596be09ded720c6128f89b32fca9c6|2026-01-31 23:06:41 -0800|dependabot[bot]|Build: Bump com.palantir.gradle.gitversion:gradle-git-version (#15201)
e7bfab6c54a96319a4e5aac2a0c7de57b1d0b47b|2026-01-31 23:07:05 -0800|dependabot[bot]|Build: Bump com.google.cloud:libraries-bom from 26.74.0 to 26.75.0 (#15202)
8b4e22fe5e8efa3bcc7ebcd4d245f6e2174a8777|2026-01-31 23:07:32 -0800|dependabot[bot]|Build: Bump software.amazon.awssdk:bom from 2.41.14 to 2.41.19 (#15203)
75f9451d9e82500588d3ea075e301810b302a0ff|2026-02-01 15:01:43 -0800|Prashant Singh|Build: Bump com.azure:azure-sdk-bom from 1.3.3 to 1.3.4  (#15204)
eb9360909cc64397fa8e8af5effa5f0079b646a3|2026-02-01 21:39:57 -0800|Chihiro|ORC: Fix typos in IdToOrcName and ORC JavaDoc (#15214)
84fa33f6e1dde6c32307066cd05d6afd061f5a4f|2026-02-02 12:19:23 +0100|Maximilian Michels|Flink: Dynamic Sink: Fix partition field check in non-immediate update path (#15190)
63d4084722824054b3460b8600f5cee9ab9a7248|2026-02-02 09:28:35 -0700|Alessandro Nori|Core: Do not cleanup when CREATE transactions fail with 503 (#15051)
c6b252e97eace78cf31df1d72ff91e7e641049da|2026-02-02 09:50:31 -0700|gaborkaszab|Core: Skip unnecessary metadata refresh when producing snapshot event after merge append (#14709)
995101f17999d09602af4bc43fe8aad351c10251|2026-02-02 11:14:26 -0800|Maximilian Michels|Flink: Backport: Dynamic Sink: Fix partition field check in non-immediate update path (#15190) (#15216)
336fc0e48323f80bfa5bf4f42bd3cf32227a5a87|2026-02-03 08:15:35 -0800|Shawn Chang|doc: Update AWS vendor doc (#15222)
d0654440a4cd00feaff73c53cd3ef9fb787b92dc|2026-02-03 09:22:30 -0800|Chihiro|ORC: Fix additional typos in ORCSchemaUtil, OrcMetrics, and others (#15219)
45d2ed0e7ea7230c8f54f02d900c0c454b68cf9d|2026-02-03 12:52:02 -0800|Kristin Cowalcijk|API: Simplify sanitization of literals in predicates (#15224)
e786514c91f07af2d1452ad67f4c2f59a10f9195|2026-02-03 15:46:17 -0800|Kevin Liu|Docs: add blog post for iceberg-rust 0.8.0 release (#15221)
5970ddd9278a2baa060183a18f895de3608eab1f|2026-02-04 06:58:53 +0100|Miguel A. Sotomayor|Core: Add code/type in RestException (#14927)
f03595376978fb6c3fad4c374a76507ca0bb87e9|2026-02-04 07:43:13 -0700|Logesh R|REST Spec: Include SetPartitionStatisticsUpdate and RemovePartitionStatisticsUpdate in TableUpdate union (#15115)
ccf4d91e1c0d3db1b723cb2cebb51253b0e05790|2026-02-05 16:11:10 +0100|Maximilian Michels|Flink: Dynamic Sink: Resolve effective write config at runtime (#15237)
bfc52d218adf9fc0229601055c2238f580bcac3a|2026-02-05 10:58:02 -0800|hemanthboyina|Core: Fix compute_table_stats failures with concurrent writes (#15148)
b35624e0d0b45f6dcee7a8c157c47c05593566dc|2026-02-05 15:54:38 -0800|Yufei Gu|Spec: Introduce SQL UDF specification (#14117)
6d217a2548643eac788e2606c9183af7206cc3ba|2026-02-05 23:50:25 -0800|Manu Zhang|Spark 4.0: Upgrade to Spark 4.0.2 (#15218)
b0c236512ae38b7668fa2a332b100db0f5b64d30|2026-02-06 11:14:37 +0100|Maximilian Michels|Flink: Backport: Dynamic Sink: Resolve effective write config at runtime (#15247)
232af57377bcd796c7d69d57854b39f996dfd9d0|2026-02-06 09:16:08 -0800|Ayush Saxena|Core: Avro: Row Lineage Column (ROW_ID) is not populated correctly in case the Data File doesn't have them (#15187)
250d74676caa6432ef61f9ddd7dea016a7f25d1a|2026-02-06 19:39:30 +0100|gaborkaszab|Core: Remove deprecation from ViewProperties.WRITE_METADATA_LOCATION (#15250)
a8ece055ba93adc0c046db29b6b7b5edaf35d4da|2026-02-06 14:26:57 -0800|pvary|Core, Data: File Format API interfaces (#12774)
48da548979099d0c33c8f39062f728175f786538|2026-02-06 18:15:40 -0800|Bryan Keller|AWS: Prefer custom credential provider if specified (#15249)
31fc168c02782c017201b2943d7946cccbd08c80|2026-02-06 18:16:48 -0800|Anton Okolnychyi|Spark 4.1: Introduce constants for Spark metadata columns (#15245)
91902a87970ff8841e99e6fb3f27f583f7645a6b|2026-02-07 09:05:06 -0800|Manu Zhang|Build: Remove JDK17 target configuration for Spark 4.1 (#15256)
990c7505ef49c3b90f08c1964ef864199759edd6|2026-02-07 21:04:34 -0800|dependabot[bot]|Build: Bump io.grpc:grpc-netty-shaded from 1.78.0 to 1.79.0 (#15262)
662ff2288ae89ab7aab29272eeb15b69ffa07403|2026-02-07 23:05:56 -0800|dependabot[bot]|Build: Bump nessie from 0.107.0 to 0.107.1 (#15259)
3b000aca9d021b40a9149e2514aab7ca1e34d393|2026-02-07 23:06:44 -0800|dependabot[bot]|Build: Bump software.amazon.awssdk:bom from 2.41.19 to 2.41.24 (#15261)
8f7e123f727e85261a1b0d7e970aeb9f4add780e|2026-02-07 23:06:59 -0800|dependabot[bot]|Build: Bump com.google.errorprone:error_prone_annotations (#15264)
730ce29d5cd722b1751a1984d9eabb68542eba39|2026-02-07 23:07:59 -0800|dependabot[bot]|Build: Bump com.gorylenko.gradle-git-properties:gradle-git-properties (#15263)
af0e7568c49d5fdc4cffdf6fda5b9f3fa2e4c8a9|2026-02-08 11:19:55 -0800|dependabot[bot]|Build: Bump io.netty:netty-buffer from 4.2.9.Final to 4.2.10.Final (#15260)
459332131f429484177d45acabea8903a45acc4e|2026-02-09 02:44:42 -0800|Alexandre Dutra|REST: add support for data access parameter to registerTable (#15231)
865b60d473d4a43c5dc623fb84fd542fc556fdd9|2026-02-09 07:31:04 -0800|Anton Okolnychyi|Core: Prevent exceptions in ExpressionUtil for unpartitioned tables (#15243)
e6593a00ff648f99d6db6c8fcf92acc9e1ab8c7d|2026-02-09 10:52:17 -0600|Innocent Djiofack|Site: Document v3 types (#14888)
ee97581bde4c0d860a94eaea3be526cf2ee58a7b|2026-02-09 09:39:36 -0800|pvary|Core: FormatModelRegistry javadoc tweaks (#15257)
854e3b2c88c3390274a1da5a25f87419cd846d39|2026-02-09 09:52:10 -0800|Anton Okolnychyi|Core, Spark 4.1: Fix distributed planning for CoW operations (#15246)
3aec208149e0dd54bb5285d7127e52c8a0fb629e|2026-02-09 09:53:55 -0800|Prashant Singh|SPEC: Add AccessDelegation header to planAPI calls (#14781)
d95d9f0ad8baacd1a61331be9c5e09587a89f1f2|2026-02-09 10:07:04 -0800|Alexandre Dutra|Core, REST: Add support for overwrite in RegisterTableRequest (#15248)
00df4934a6b66c9f36025f45eae1fd2f7588f71f|2026-02-09 22:07:27 -0800|Anton Okolnychyi|Core, Spark 4.1: Fix querying equality deletes with schema evolution (#15268)
d23b0d39bfd0a1f914aaa6d24d65906fc99200a3|2026-02-10 11:22:18 +0100|gaborkaszab|Core: Include query params into ETag calculation in reference IRC (#15057)
c75efa9c32d85bc1c804a3909a28048fc70c6833|2026-02-10 14:15:24 +0100|Rui Li|Core: Fix metadata table scans with useRef by preserving metadata schema (#15276)
48e49443f7113c1d789d8dc588312d4d81687b88|2026-02-10 14:23:28 +0100|Eduard Tudenhoefner|Core: Convert metrics to Content Stats (#15251)
42abc6b3e21814be0d02eabcfebc3528a0129491|2026-02-10 15:14:06 +0100|Sarthak Singh|Add DataLakeFileSystemClient constructor in ADLSFileIO (#14966)
71b05af09e1012c38eadd2e9393a517dfaf6ab21|2026-02-10 07:06:09 -0800|Anton Okolnychyi|Spark 4.1: Simplify description and toString in scans (#15281)
f49b2fd97b48682d4e4ca6f1a552cb48f53c4ea5|2026-02-10 10:45:16 -0800|Sebastian Baunsgaard|Core: Fix relativize() to handle path equal to prefix (#15173)
473d46a5c76ce7fc776199034650749572b3b1d5|2026-02-10 22:30:18 -0800|Yuya Ebihara|API: Implement properties method in EncryptingFileIO (#15289)
e5532d6bdd797aaedf8590e528e1f883e0c74598|2026-02-11 17:30:42 +0100|Sunwoo Jung|Build: Remove unused jackson versions in libs.versions.toml (#15295)
580e793ef220404236177935e6ee94d1ccfe4668|2026-02-11 17:50:59 +0100|Eduard Tudenhoefner|Core, Spark: Rename RequiresRemoteScanPlanning to SupportsDistributedScanPlanning (#15184)
533d2c9ac2d58ae8dc6b3e3fdeb529da07f8056f|2026-02-11 16:09:31 -0800|geruh|Docs: add blog post for iceberg-python 0.11.0 release (#15290)
444e381dc786d6b61d8325e9526b816f881307cc|2026-02-12 07:23:43 +0100|Manu Zhang|OpenAPI: Remove specific table spec versions from description (#15277)
0de62585ce376667c2d1dde436b2175ae0dad0ca|2026-02-12 10:48:16 -0800|Prashant Singh|SPEC: Add referenced-by in loadTable API (#13810)
ed39cee30d4e229cb71bbcbc7faa081375fcb179|2026-02-12 11:51:18 -0700|Prashant Singh|API, Spark: Support StringLiteral to Fixed and StringLiteral to Binary Conversions  (#14882)
3e3c171095defb8a43309b36424775d51152e625|2026-02-13 13:35:17 +0100|Raunaq Morarka|Core: Add org.apache.iceberg.DataFiles.Builder#withSortOrderId (#15217)
6d565b222a885c0e8db6c4ed2c80ef2b7c478061|2026-02-13 18:12:33 +0100|pvary|Core, Data: Implementation of AvroFormatModel (#15254)
e95739e34c4e7227d51c7cd1466f0b4c049ac0ea|2026-02-13 18:42:54 -0800|MJY|docs: Fix uuid type formatting in schemas.md (#15309)
b6de7acdb23704ef5165fb674d6814060f60e754|2026-02-14 18:48:51 -0800|Ruijing Li|Spark 4.1: Refactor SparkMicroBatchStream to SyncPlanner (#15298)
16f87ef7dd2c80fe55765e937c990fd227a69b4c|2026-02-14 23:24:07 -0800|dependabot[bot]|Build: Bump org.xerial:sqlite-jdbc from 3.51.1.0 to 3.51.2.0 (#15320)
55ff7625b1d2d597a4511ffd74e8ed2324b197c1|2026-02-14 23:24:39 -0800|dependabot[bot]|Build: Bump com.google.cloud:libraries-bom from 26.75.0 to 26.76.0 (#15321)
d4f3aba2eda26a01b3f5ccac19afd5793ecddd27|2026-02-14 23:24:55 -0800|dependabot[bot]|Build: Bump software.amazon.s3.accessgrants:aws-s3-accessgrants-java-plugin (#15325)
6bd0e6844cccad307fb974fd59525cd6b6f4b6ef|2026-02-14 23:25:17 -0800|dependabot[bot]|Build: Bump com.gorylenko.gradle-git-properties:gradle-git-properties (#15322)
113e71a31a95460f3a0ab2874167e8c927b52056|2026-02-14 23:25:35 -0800|dependabot[bot]|Build: Bump software.amazon.awssdk:bom from 2.41.24 to 2.41.29 (#15324)
235ab0f4fd34f5e71642030577a7ea996e2c4489|2026-02-15 10:53:20 +0100|pvary|Parquet, Data: Implementation of ParquetFormatModel (#15253)
83fe4ffc580cde897eab7c7471d2dc7860e204bf|2026-02-15 15:26:51 +0100|pvary|Orc, Data: Implementation of ORCFormatModel (#15255)
8c2ca1d084fca37671ba8b38d59ea3f5a187b147|2026-02-15 06:31:01 -0800|Yuya Ebihara|Core: Add support for encryption.kms-type with aws/azure/gcp (#15272)
cd6814e795a5851c65f296d52059362370af0c6b|2026-02-15 11:29:26 -0800|dependabot[bot]|Build: Bump nessie from 0.107.1 to 0.107.2 (#15323)
323ab162f007307c114bb78cae31ab6c74c932cc|2026-02-15 23:58:32 -0800|Manu Zhang|Build: Bump datamodel-code-generator from 0.53.0 to 0.54.0 (#15331)
b52f8f592d84349c45500963c28d4c38b76ba44b|2026-02-16 06:05:24 -0800|Kevin Liu|Remove redundant --watch . flag from serve scripts (#15330)
57810dc9a44376ede939c27621ecf517c16e3f0a|2026-02-16 07:25:34 -0800|Junwang Zhao|Doc: Guidelines for AI-Generated Contributions (#15213)
4c0db5abf0ecc6136c28a56c188d56115d83c240|2026-02-16 07:38:44 -0800|Manu Zhang|Build: Support building site with uv (#15118)
c214f2ed51ba41b11e2b945844ef51804950df97|2026-02-16 09:18:25 -0800|Kevin Liu|infra: remove explicit GITHUB_TOKEN export from labeler workflow (#15335)
eb8fe538f0dcec74c9db5cb3c718185241836577|2026-02-16 10:27:22 -0800|Robin Moffatt|Add Flink Quickstart docker image (#15124)
6b15becc976a8353c48b9a8a6c75c7dc06cad0a3|2026-02-16 20:22:26 +0100|pvary|Core, Arrow: Implementation of ArrowFormatModel (#15258)
a2802c44cebf0d7cb2d4c514e60d662d380853f6|2026-02-16 20:23:40 +0100|pvary|Data, MR: Moving other reader usages to the new FormatModel API (#15333)
ebaafdeb35ed892e95f1d9b4666a18d393c95876|2026-02-16 15:07:10 -0800|Kevin Liu|infra: set github actions max-parallel to 15 (#15339)
4c2e60d1541fb37d6ea6be31b2ea2cf733a087c3|2026-02-16 17:20:38 -0800|Anton Okolnychyi|Spark 4.1: Simplify handling of metadata columns (#15297)
9ce0e6e11893d412b4d7e836df7b71247f10ae2f|2026-02-16 17:21:46 -0800|Anton Okolnychyi|Spark 4.1: Separate compaction and main operations (#15301)
e9aa1c6c7aa508e6ec568717d85164a5e9ff6518|2026-02-17 07:01:47 +0100|Yuya Ebihara|Build: Enable JavaUtilDate ErrorProne rule (#15346)
fa7b5c84c46ca71c8f28d509891585d848d93d6e|2026-02-17 07:02:37 +0100|slfan1989|Build: Bump lz4-java to 1.10.3 due to CVE-2025-12183 & CVE-2025-66566 (#14941)
c7ed71e970781ca6c7fa44a3900625600830e9d4|2026-02-16 22:35:36 -0800|Anton Okolnychyi|Spark 4.1: Align handling of branches in reads and writes (#15288)
bfcb97943831591f1340c584467b08995ae19965|2026-02-17 12:40:17 +0100|pvary|Data: Moving GenericFileWriterFactory to the new FormatModel API (#15334)
68b7a2a71056aafd982b16e45e7f7ec254802e4a|2026-02-17 12:50:03 +0100|pvary|Core, Data, Flink: Moving Flink to use the new FormatModel API (#15329)
d06e6c22fecf00be81f2eb399f090fae320560a4|2026-02-17 11:33:10 -0800|Robin Moffatt|Docs: Add documentation pointers in README files and fix typos in Spark quickstart (#15350)
dde0dc233d1be51f0f67cb57017c5f69febbbecc|2026-02-18 16:10:25 +0100|pvary|Core, Spark: Moving Spark to use the new FormatModel API (#15328)
ccdf23ca25ce16984684884b36fb94096ccda096|2026-02-18 16:55:00 +0100|pvary|Flink: Backport moving Flink to use the new FormatModel API (#15354)
0f1fa2b6a88389a2cfd0734e83a1d9b13becbfab|2026-02-18 17:42:09 +0100|pvary|Spark: Backport moving Spark to use the new FormatModel API (#15355)
ad72516922f5b56133d3ab930ea82fa369369cdb|2026-02-18 18:20:58 +0100|pvary|Spark: Various fixes for SparkFileWriterFactory (#15356)
2f170322d425a4c6267a9033efa2107c9bfc53db|2026-02-18 19:02:32 +0100|pvary|Spark: Backport various fixes for SparkFileWriterFactory (#15357)
d35a1f995d3efb687a6a451a864cbe1ff46a5a33|2026-02-18 21:05:46 -0800|Anton Okolnychyi|Spark 4.1: Add BaseSparkScanBuilder (#15360)
d714576c7d53300e4b38d5ee27743dedbb153ace|2026-02-19 06:30:37 +0100|Amogh Jahagirdar|Revert "Build: Bump roaringbitmap from 1.3.0 to 1.6.0 (#14991)" (#15358)
eff136ba8f43b26788308e8554d06dbf270b800a|2026-02-18 22:53:59 -0800|Anton Okolnychyi|Spark 4.1: Remove unnecessary stats reporting from scan builder (#15364)
c51dda5447daa04a0964871bb2ff779ed95fee6e|2026-02-18 22:54:34 -0800|Anton Okolnychyi|Spark 4.1: Use enum conf parser for isolation level (#15361)
3f6d3de04961fbf7455e4e8d3ee74ff5922cc122|2026-02-18 22:57:17 -0800|Anton Okolnychyi|Spark 4.1: Use table IDs in scan equals/hashCode (#15363)
881417433a881fbe832f338c31e4d6278625e018|2026-02-18 23:19:22 -0800|Anton Okolnychyi|Spark 4.1: Use scan filter for conflict detection (#15365)
de3125afe64fc2b171a52b6e884c72f901e3cba1|2026-02-18 23:19:57 -0800|Anton Okolnychyi|Spark 4.1: Fix IcebergSource doc (#15359)
f7916f2778866cff748a6c6a4118dde50c03181e|2026-02-19 16:31:09 +0100|Robin Moffatt|Docker, Docs, Site: Add Flink quickstart (#15062)
c31dd921e1550c643a3ea1fce9d9573cc06e2607|2026-02-19 11:09:41 -0800|Hongyue/Steve Zhang|Core: populate manifest created/replaced/kept count when commit a snapshot (#15003)
176c729623fd370f777d78330f404bce1494a631|2026-02-19 19:12:47 -0800|Anton Okolnychyi|Spark 4.1: Rename expectedSchema to projection for clarity (#15366)
4ed7658bdcbab03c696472f56f3cfc810d1fbec8|2026-02-19 22:33:25 -0800|Anton Okolnychyi|Spark 4.1: Introduce modes in SparkWriteBuilder (#15374)
cb0c9ccd40f1989450782d95a55d5e6aee26cb23|2026-02-19 22:33:46 -0800|Anton Okolnychyi|Spark 4.1: Simplify time travel option extraction in IcebergSource (#15375)
455a82a6921a1cf40ff69f548f449d2748cfc09b|2026-02-19 23:50:40 -0800|Anton Okolnychyi|Spark 4.1: Refactor metadata column references to use asRef() method (#15376)
cd50c9d5df0d9ab421104a43f42ea29175f87dd5|2026-02-20 08:57:33 -0800|Moshe Blumberg|Docs: Fix typos in contribute.md (#15383)
6a41168d1aede8597eff057d91681ccd0eafbec1|2026-02-20 14:33:02 -0800|Anton Okolnychyi|Core: Avoid exceptions for accessing schema for metadata tables in SnapshotUtil (#15387)
f1499bde7830a8f003995311cd2b3a3503214a81|2026-02-21 08:28:10 +0100|jbewing|Spark, Arrow, Parquet: Add vectorized parquet read support for `DELTA_LENGTH_BYTE_ARRAY` & `DELTA_BYTE_ARRAY` encodings (#15362)
723fd4e6f0b27563a8bb0f3a2c044172e05facb3|2026-02-21 23:55:37 -0800|dependabot[bot]|Build: Bump actions/stale from 10.1.1 to 10.2.0 (#15398)
96d8b57d0b78e59ca8013e797d3fcd62c3eb9a9b|2026-02-22 00:01:36 -0800|dependabot[bot]|Build: Bump junit-platform from 1.14.2 to 1.14.3 (#15400)
8e162e6a18290bc21476cf47c1c9322f87670642|2026-02-22 00:01:49 -0800|dependabot[bot]|Build: Bump software.amazon.awssdk:bom from 2.41.29 to 2.41.34 (#15402)
903f2e0b45ee7fc6ee6b893a3c568458a48b2dcb|2026-02-22 00:02:23 -0800|dependabot[bot]|Build: Bump org.openapitools:openapi-generator-gradle-plugin (#15403)
e74562d051ca834b4e2d6034b94d0c0966252945|2026-02-22 00:02:37 -0800|dependabot[bot]|Build: Bump org.roaringbitmap:RoaringBitmap from 1.3.0 to 1.6.10 (#15404)
ed485f928c42cd3cfe828e259273bc63fdba7442|2026-02-22 10:45:11 -0800|dependabot[bot]|Build: Bump junit from 5.14.2 to 5.14.3 (#15401)
3dcacfe9e37775a032dbe7bc7873b1e40131e31b|2026-02-22 11:47:48 -0800|Kevin Liu|CI: Add CodeQL workflow for GitHub Actions security scanning (#15348)
68a347616e709cd45a0c3650f40883ec223df6a8|2026-02-23 08:22:29 +0100|Manu Zhang|Spark 4.1: Display write metrics on SQL UI (#15104)
86defcebeeff70c0621adae86d2cb9252ab6f31f|2026-02-23 13:53:58 +0100|Swapna Marru|Flink: SQL support for dynamic iceberg sink (#15279)
f79932d112b77dc4e49c21c3501c7b722d129462|2026-02-23 16:49:56 +0100|gaborkaszab|Core: Add test for freshness-aware table loading with lazy snapshot loading (#15274)
ad116d604dbeb2a4b4115ecba639d22c476ddcee|2026-02-23 10:28:33 -0800|Anshul Baliga|Docs: Fix several nit issues in docs (#15419)
f24e3e3882edf332dd7c19a5597377ee5368170b|2026-02-23 10:36:29 -0800|pvary|Docs: Add blog post about File Format API (#15380)
a97b4ecc4db52ee2b0ddcecd34219275df002876|2026-02-23 13:50:23 -0800|Daniel Weeks|Revert "Move deleted files to Hadoop trash if configured (#14501)" (#15386)
39d5e1d5955d93b6a9ff9d42c17ad6c919628a72|2026-02-23 17:54:51 -0800|Kevin Liu|chore(ci): add explicit least-privilege workflow permissions (#15409)
501824f0c0032b3225b0fe52b904756f0fe5c589|2026-02-23 18:18:39 -0800|Manu Zhang|Build: Exclude roaringbitmap dependency from Spark and update LICENSE files (#15405)
9534c9b3adc29d127ecc541ce131f49fd72f1980|2026-02-24 16:03:42 +0100|GuoYu|Flink: TableMaintenance Support Coordinator Lock (#15151)
791533888bdaf3b5a051cc8dbcba57378d1ab657|2026-02-25 09:16:50 +0100|feefs|OpenAPI: Add SetPartitionStatisticsUpdate/RemovePartitionStatisticsUpdate to TableUpdate (#14957)
d2fbe427ecec298f1600260f40fcab1b7ab2e695|2026-02-25 10:26:48 +0100|GuoYu|Flink: Backport TableMaintenance Support Coordinator Lock to 1.20 and 2.0 (#15438)
08a4a0cde2f4ae4f67fa776b7d46c31be287c54f|2026-02-25 17:19:57 +0100|jbewing|Spark, Arrow, Parquet: Add vectorized read support for parquet BYTE_STREAM_SPLIT encoding (#15373)
17891bc4e300c49b3678117be3189864aaf3866b|2026-02-25 11:09:20 -0800|Eduard Tudenhoefner|API, Core: Align offsets of field stats with Design doc / Spec (#15432)
d7aa46724c25e732e8f1bac20649ce11207475d7|2026-02-25 14:22:36 -0800|yguy-ryft|Docs: Add informational properties section for table comment (#15367)
7d79fa18b6bd78ff854b144957abeeb4beea85bf|2026-02-26 08:10:52 +0100|slfan1989|Build: Bump hadoop from 3.4.2 to 3.4.3. (#15431)
4543e03b4a4fc2ee19c3848eb02e2f023331abf9|2026-02-26 11:44:45 +0100|GuoYu|Flink: Support Variant to Flink 2.1 (#15265)
b7a519a149961672274c3954afeddb717477d853|2026-02-26 09:42:45 -0600|Han You|JDBC: JDBC Catalog should handle Postgres exception for duplicate keys (#15434)
2e94af5d1f7d71848518348c81d858b2209c3751|2026-02-26 12:02:10 -0600|Xiang Li|API: Use correct method name in exception message (#15453)
017e81300c02cdbd8b7586d5d447aecbda442a0f|2026-02-26 12:08:32 -0800|Szehon Ho|[Docs] Add Spark MERGE INTO fields in snapshot summary (#15390)
10de21410833f379197e3fe125e7bc73ccd546e4|2026-02-27 10:26:25 +0100|Swapna Marru|Flink: Backport SQL support for dynamic iceberg sink (#15444)
86e9ebbffde79ae270c3d57d621e509f9142b27c|2026-02-27 11:43:53 -0600|Hongyue/Steve Zhang|Core: Support parallel execution when scanning entries in ManifestGroup (#15426)
1a20b546c7bd266ea381e7600689bcead61a8d30|2026-02-27 10:31:00 -0800|Eduard Tudenhoefner|Core: Add properties to InMemoryFileIO (#15469)
de41011180b1e5bd87a12a5177f840c8dface38e|2026-02-28 18:52:32 -0700|Amogh Jahagirdar|Core: Detect and merge duplicate DVs for a data file and merge them before committing (#15006)
e6af9db74669fffdad4155887350b046facc028e|2026-02-28 21:08:19 -0800|dependabot[bot]|Build: Bump openapi-spec-validator from 0.7.2 to 0.8.3 (#15480)
dab3f9d8f6949676372d3b41fb2c9c86f5d79977|2026-02-28 22:08:15 -0800|dependabot[bot]|Build: Bump org.roaringbitmap:RoaringBitmap from 1.6.10 to 1.6.12 (#15486)
6f99c962fea4b0148de9d510e7c958d43778d5a4|2026-02-28 22:08:29 -0800|dependabot[bot]|Build: Bump software.amazon.awssdk:bom from 2.41.34 to 2.42.4 (#15485)
73c52d18bc0d995f1acde6995de3f4b496f6bbe9|2026-02-28 22:08:46 -0800|dependabot[bot]|Build: Bump com.google.errorprone:error_prone_annotations (#15484)
a6573b0bd34dfa48ee0350d4fad03c459ba6b9c6|2026-02-28 22:09:08 -0800|dependabot[bot]|Build: Bump com.gradleup.shadow:shadow-gradle-plugin (#15483)
e7a021c9c7608842acc78489ead290cdddc5ec51|2026-02-28 22:09:24 -0800|dependabot[bot]|Build: Bump jackson-bom from 2.21.0 to 2.21.1 (#15482)
9a53e2eda36a29da48ac694653d6f72282c06dc9|2026-02-28 22:09:34 -0800|dependabot[bot]|Build: Bump nessie from 0.107.2 to 0.107.3 (#15481)
e79b037b335c17998557190cb101041247856f63|2026-02-28 22:09:46 -0800|dependabot[bot]|Build: Bump actions/upload-artifact from 6 to 7 (#15479)
ba79d8d8c0af352888e3280450ff1e873a14d7cb|2026-02-28 22:09:56 -0800|dependabot[bot]|Build: Bump kafka from 3.9.1 to 3.9.2 (#15478)
dc4c7840f2071fbf1a0b420580682fce0d78666d|2026-02-28 22:10:09 -0800|dependabot[bot]|Build: Bump actions/checkout from 4 to 6 (#15477)
58b3e3673107e9cb474213d3b66348ceb3b206d4|2026-03-02 11:27:59 +0100|Manu Zhang|Spark 4.0: Display write metrics on SQL UI (#15468)
6534be116e04f3bb6c86b086940922bc486de29d|2026-03-02 15:41:02 +0100|Junwang Zhao|Build: Use ubuntu-slim for lightweight jobs (#15457)
57db6815bc85a741a188f6d387d721dcb3153f2d|2026-03-02 12:23:46 -0600|Russell Spitzer|Core, Spark: Adds a Table Property for Relying on Identifier Fields (#15372)
6b2e8045398918d3392518d005a04d0e9c9219ab|2026-03-02 19:30:33 +0100|Ayson Chang|Core: Don't fail when bulk deleting metadata in CatalogUtil (#15464)
cf25bed6f41627e6d8d343ef63845d88209b77fd|2026-03-02 11:36:58 -0800|Steven Zhen Wu|Docs: Add UDF spec to website navigation (#15491)
64e0211e424d2c1c4b3e2153c5a54564d80f95b6|2026-03-02 15:21:33 -0600|Russell Spitzer|Core, Spark: Rename read.identifier-fields.rely to identifier-fields.rely (#15495)
39ed7e445361b2ff83887795e7e8d9f92ed45abc|2026-03-03 09:50:17 +0100|Eduard Tudenhoefner|Core: Track & close FileIO used for remote scan planning (#15439)
88d460425ab6a0e4c938e90665b4b772d7b57c41|2026-03-03 09:37:26 -0800|Hongyue/Steve Zhang|Build, Kafka-Connect: Disable publishing for empty grouping project (#15496)
7064b09797cc7448c7b8ab1cb8430608ddf8bfb2|2026-03-04 11:11:12 +0100|Yuya Ebihara|Docs: Improve json readability in view spec (#15505)
6299a289732dfeda7b5ab6d11d4438015505910e|2026-03-04 14:08:07 -0800|Ramesh Reddy Adutla|docs: Add CREATE DATABASE step before CREATE TABLE in Spark quickstart (#15513)
ed8a16bbeb549b0286d3c229beb5a0cf165f2f4b|2026-03-04 15:38:12 -0800|Kevin Liu|docs: udf spec, add newline to properly render lists (#15516)
48518ee31229b659611b1500c012a385093f14ef|2026-03-06 10:31:19 -0800|Eduard Tudenhoefner|OpenAPI: Include storage credentials for PlanTableScanResponse/FetchPlanningResultResponse on plan completed given include-credentials flag is set (#15524)
99436e16cbb3d49802ea07a87a68167ffd8f98f6|2026-03-06 10:48:06 -0800|Cheng Pan|Build: Bump lz4-java 1.10.4 (#15518)
175e6c241ea178b8a4fb6ea16bd801b3c7fc3b91|2026-03-06 10:49:25 -0800|Kevin Liu|infra: restore github.del_branch_on_merge in .asf.yaml (#15517)
30232d3e727c17e522cae8ce5ae054512f048333|2026-03-06 20:47:16 +0100|Anton Okolnychyi|Spark 4.1: Migrate to new version framework in DSv2 (#15240)
a7f965b941e05853a273d3d5ec3da2e447960dc4|2026-03-07 23:14:45 -0800|dependabot[bot]|Build: Bump docker/build-push-action from 6 to 7 (#15532)
0e764073d6694debe20a50c7fa7700590e90e336|2026-03-07 23:15:19 -0800|dependabot[bot]|Build: Bump docker/setup-buildx-action from 3 to 4 (#15533)
aaf24f834c16d28c872a67b7fbd8e73e1f674c7e|2026-03-07 23:15:48 -0800|dependabot[bot]|Build: Bump datamodel-code-generator from 0.54.0 to 0.54.1 (#15535)
663bbf5af32a030ecfbc72f6b70844623589d9eb|2026-03-07 23:16:07 -0800|dependabot[bot]|Build: Bump com.azure:azure-sdk-bom from 1.3.4 to 1.3.5 (#15539)
26dc1ac1ba10ad31dfae4d1af32dc56f8e6ce692|2026-03-07 23:16:22 -0800|dependabot[bot]|Build: Bump com.google.cloud:libraries-bom from 26.76.0 to 26.77.0 (#15538)
59ce6126a1cf0887237546657187c3ead9218ef3|2026-03-07 23:16:59 -0800|dependabot[bot]|Build: Bump com.diffplug.spotless:spotless-plugin-gradle (#15537)
afdcf73b0e223e010981382e46f44a3be38b486d|2026-03-07 23:52:09 -0800|dependabot[bot]|Build: Bump openapi-spec-validator from 0.8.3 to 0.8.4 (#15536)
80c29134c6f3706f5ce469261617d54a9c75809b|2026-03-08 08:47:37 -0700|dependabot[bot]|Build: Bump software.amazon.awssdk:bom from 2.42.4 to 2.42.8 (#15540)
e94775075b4049dbf3f49c93708f9c7277d14761|2026-03-08 08:47:51 -0700|dependabot[bot]|Build: Bump docker/setup-qemu-action from 3 to 4 (#15534)
9f58ec6c7a8b9dfac2d4d72b818d27210a8bc840|2026-03-08 14:01:34 -0700|Anshul Baliga|Spark: Fix javadoc mentioning Spark 3.3 in Spark 3.4 benchmark classes (#15544)
d1bf56cc408211fbf1bf67eea277d9a0846b7108|2026-03-09 09:25:51 +0100|Eduard Tudenhoefner|Core, Spark: Unify bulk deletion (#15501)
32f5ee6c2d8d8d0476795efc4b1420e6c7f0b1c0|2026-03-09 09:28:49 +0100|Manu Zhang|Core: Deprecate unused methods in TableScanUtil (#15543)
b310cba27cefdc9c3ac0bd620dc36d1d1879ecb9|2026-03-09 12:43:28 +0100|GuoYu|Flink: Add the possibility to use Coordinator Lock when using Flink SQL (#15459)
4750cdcd2d16e09d0a1731d5bc0a5ccd9ca253d3|2026-03-09 10:05:49 -0500|Russell Spitzer|API, CORE, Flink, Spark: Deprecate Snapshot.changes Methods with SnapshotChange Utility (#15241)
78f7c3dd56b22d0243c15fbea1fd78421eeae0c4|2026-03-09 10:05:56 -0500|Russell Spitzer|API, CORE, Flink, Spark: Deprecate Snapshot.changes Methods with SnapshotChange Utility (#15241)
9b7f67d7862949d8815dacfae9bd0cfb821ead3a|2026-03-09 16:54:25 +0100|Maximilian Michels|Spark: Add ExecutorService support to RewriteTablePath (#15381)
dd248a9ac97480bafe4d895973178046ef6d8375|2026-03-09 11:07:37 -0500|hemanthboyina|Spark: Add sort_by parameter to rewrite_manifests procedure (#15467)
afb58aa341d055a6bef81a54d1e9e20d07b7e075|2026-03-09 17:48:55 +0100|GuoYu|Flink: Backport Add the possibility to use Coordinator Lock when using Flink SQL to 2.0 and 1.20 (#15562)
1ead9996cf2e335fc6c53baf3ff826878d52a868|2026-03-09 12:36:05 -0700|Kevin Liu|docs: reformat mailing list (#15527)
c567576389bbc44d86d9383f21ecd9584bc38f20|2026-03-09 19:55:51 -0500|c2zwdjnlcg|Spark 4.1: Don't Use table FileIO for Spark Checkpoints(#15239)
049d1fe5207b085d7e1b3e122ed783ef361ed91e|2026-03-10 12:53:12 +0100|Maximilian Michels|Spark: Backport: Add ExecutorService support to RewriteTablePath (#15578)
1d6c685c1391df604d59f3335a1fba7a1af2c25f|2026-03-10 09:00:11 -0700|Xinyi Lu| Core: Make sequence number conflicts retryable when there are concurrent commits (#15126)
ba5e54669ae7b668f9ddc1fc6a473cdd5d45ed29|2026-03-10 10:22:10 -0700|Steven Zhen Wu|Core, Spark: add the comment table property key (#15531)
42d01511c52032e4c08da3d08d5e45b980dacffb|2026-03-10 12:40:10 -0500|c2zwdjnlcg|Spark 3.4, 3.5, 4.0: Don't Use table FileIO for Spark Checkpoints (#15574)
4b4eb38cf6dda7b43faeb40eb00aa5db424d2ecb|2026-03-11 09:40:10 +0100|Eduard Tudenhoefner|Core: Rename tableIo to tableIO (#15582)
ace2d0375069fec0c6284328de460ba4530af87e|2026-03-11 15:54:20 -0500|Russell Spitzer|Core, Flink, Spark: Deprecate Manifest read methods which rely manifest Metadata (#15575)
f865bac7c15dada3543015b993b633760579ad88|2026-03-12 09:02:44 -0700|Russell Spitzer|Core, Spark: Fix equality deletes non-deterministic schema ordering (#13873)
fb2c8ac3faf342ec859075e5822e8477d1d26170|2026-03-12 15:05:21 -0500|JB Onofré|chore: several fixes on the LICENSE/NOTICE (#15449)
bd54026d732a1eac49d0a6852036d1cd113ea65d|2026-03-12 13:54:33 -0700|Noritaka Sekiyama|Spark: Delegate temp file deletion to JUnit in TestParquetVectorizedReads (#15557)
cf6f83550afc9081232b437c58730048aad51425|2026-03-13 06:42:50 +0100|Eduard Tudenhoefner|API, Core: Add FileIO to Scan API (#15561)
49295323319744a1bb1120f7b2e4b106e174d650|2026-03-13 08:45:18 +0100|Bhargav Kumar Konidena|Spark 4.0: Fix "AlreadyExistsException: Location already exists" at rewrite_table_path (#14859)
b4eddbc1557a91698473bad6fee7f58c6edd7708|2026-03-13 11:58:41 +0100|Joy Haldar|Data, Spark, Flink: Add TCK for File Format API (#15441)
2cb3cc6d59ce478e503e16ee8409308101c88598|2026-03-13 13:47:00 +0100|JB Onofré|Flink CI: Define timeout to avoid CI jobs running indefinitely (#15617)
9528f85fb29a8140a7cd6dc332f0efb4ba2592bb|2026-03-13 14:08:55 +0100|Joy Haldar|Spark, Flink: Backport add TCK for File Format API (#15619)
ba403009d2636e1f422a865ebae083e77aa443ad|2026-03-13 15:40:14 +0100|Eduard Tudenhoefner|Core: Move Hadoop conf serialization into SerializableConfiguration (#15583)
6e64fb5ba4ea18c55115358b0676308a42f93bd6|2026-03-13 09:24:15 -0700|Prashant Singh|Spec: Add scan-planning-mode to LoadTableResult config documentation (#14867)
c01c62f98a759f8321161e3d6a4411b632765d0e|2026-03-13 10:33:06 -0700|Eduard Tudenhoefner|Infra: Remove legacy github.del_branch_on_merge flag (#15620)
3452153ed2e8e9ee897c1a9a76a3264df9b2855b|2026-03-13 12:24:23 -0700|Prashant Singh|Core: Replace Failsafe with Tasks utility in RESTTableScan (#15613)
a50c2d920aadbb79f978bac10d1271bc4aa63a1a|2026-03-13 15:53:03 -0700|Prashant Singh|Core: Rename MAX_ATTEMPTS to MAX_RETRIES in RESTTableScan (#15627)
8bca96e65e072848d8c21f2b348a4f6908bc399d|2026-03-14 23:42:27 -0700|dependabot[bot]|Build: Bump nessie from 0.107.3 to 0.107.4 (#15636)
09c50f0cf5e8ce5cda698033094733b63bc98b01|2026-03-14 23:42:48 -0700|dependabot[bot]|Build: Bump com.google.cloud:libraries-bom from 26.77.0 to 26.78.0 (#15637)
11dbe2f091edd4ac492f210c878d22386ec9d605|2026-03-14 23:43:01 -0700|dependabot[bot]|Build: Bump software.amazon.awssdk:bom from 2.42.8 to 2.42.13 (#15638)
3af95aab28f99429758a50560d32780d4994f697|2026-03-15 21:47:22 -0700|Manu Zhang|Build: Bump datamodel-code-generator from 0.54.1 to 0.55.0 (#15641)
aa5894a139bca2967bf5cc01feef3a920fcc6ca5|2026-03-16 12:23:32 +0100|Eduard Tudenhoefner|Core: Load snapshot after it has been committed to prevent accidental cleanup of files (#15511)
17bdb32cf1f06b13c9e8bc2c639dce76ed910799|2026-03-16 12:40:21 +0100|Manu Zhang|Build: Bump mkdocs-material from 9.6.23 to 9.7.5 (#15643)
063c463fe27692fb0fa8ea249d02015cc31cae9d|2026-03-16 12:46:06 +0100|Denys Kuzmenko|Core: Rename cleanUpOnCommitFailure to cleanUp and make it protected (#15389)
bb8b7434b4e21f360296d62e46599f2f8b256d42|2026-03-16 13:13:25 +0100|Yuya Ebihara|API: Fix javadoc of ManageSnapshots.setMaxRefAgeMs (#15642)
8b7f6d773f99d4b581f151efbd871c8965f2b3cb|2026-03-16 07:54:58 -0700|Ruijing Li|Spark 4.1: New Async Spark Micro Batch Planner (#15299)
49a9f9946a04121dcf7a9cb9c3f5c68837301dee|2026-03-16 19:03:00 +0100|Ayush Saxena|Avro: Reading files using DataFileStream with ROW LINEAGE if the column isn't projected (#15508)
f5bbb9256c70cb66b662458b3c0b36bfa803471a|2026-03-16 17:08:33 -0700|Yuya Ebihara|Spark: Deprecate constructor with branch in SparkReadConf/SparkWriteConf (#15591)
bb37293484468f0502de9986955860505aef9776|2026-03-16 17:12:26 -0700|ZIHAN DAI|Fix JDBC resource leaks in JdbcCatalog and JdbcUtil (#15463)
d9749048e38eb947883c5e65e05b12733d35b7d9|2026-03-16 17:19:40 -0700|Vrishabh|Spark: Fix aggregate pushdown (#15070)
e822643ef06e8164c5d2314321b1278620b2ff97|2026-03-16 17:23:53 -0700|wobu|Core: Fix rewriting delete manifests in RewriteTablePathUtil (#15155)
b99e12adf70dea02ebb9664198dd716332f847f6|2026-03-16 18:24:54 -0700|Kevin Liu|site: add back privacy plugin (#15657)
06f9a1d1d383fc29c82dfba099e78a65a6a3188a|2026-03-16 20:17:53 -0700|hemanthboyina|Core: Fix BinPackRewriteFilePlanner producing incorrect output file count with max-files-to-rewrite (#15576)
eb460a524f3a192e3584a3bdabcff237c38b04a4|2026-03-16 20:34:12 -0700|Anshul Baliga|Docs: Add HadoopTables lock configuration to Hadoop configuration section (#15520)
22c788afb93a4cb86acb653b19670ec9cf02dc1b|2026-03-17 13:21:56 +0100|Maximilian Michels|Flink: Allow arbitrary post-commit maintenance tasks via IcebergSink Builder (#15566)
f88180a2607ecb8ffe04af86b1970f2d733d28c6|2026-03-17 07:19:29 -0700|Russell Spitzer|Add AGENTS.md with project conventions for AI coding agents (#15529)
c9f6c8423be7cbf52c9cf678896deca478b3b6d1|2026-03-17 16:57:45 +0100|Eduard Tudenhoefner|Core: Sent minRowsRequested to REST server (#15661)
652691c2ab06176f16f1db418d87d70cd94b176a|2026-03-17 10:31:34 -0700|Maximilian Michels|Flink: Backport: Allow arbitrary post-commit maintenance tasks via IcebergSink Builder (#15566) (#15667)
67ed9d116581cc3d45d8c8f205eeaa1743d8d171|2026-03-17 16:58:37 -0700|Prashant Singh|CORE: Allow table level override for scan planning (#15572)
0400f5dead809a386637cefa35bde24d6ef2fd72|2026-03-17 21:45:46 -0500|Rui Li|Spark: Explicitly disallow migrating bucketed tables (#15429)
e0fe281360281c0a9247858ca57e8b1099807718|2026-03-18 00:22:54 -0700|Noritaka Sekiyama|Core: fix propertiesWithPrefix to strip prefix literally, not as regex (#15558)
69caca0ecfe1b2f4a60b4164c24ea65853c23857|2026-03-18 09:38:02 +0100|Eduard Tudenhoefner|API, Core: Use Supplier for FileIO on Scan (#15646)
0d3544062ead4c2c8de3039e20e52726ae52811e|2026-03-18 12:06:36 -0700|Andy Grove|Spark: Remove Apache DataFusion Comet integration (#15674)
be25b80f7fa06406343f894463b72ded5f383e9e|2026-03-19 15:18:48 +0100|Eduard Tudenhoefner|Spark 4.1: Pass FileIO on Spark's read path (#15448)
66c087f2411ae09023cc5bb1b628f289dba012ad|2026-03-19 15:19:05 +0100|Eduard Tudenhoefner|Spark 4.0: Pass FileIO on Spark's read path (#15682)
0c46639e0e2e60748d6823d3620bd70838151fa9|2026-03-19 15:19:18 +0100|Eduard Tudenhoefner|Spark 3.5: Pass FileIO on Spark's read path (#15683)
367a0ba3fc94fbb294bacd2681dc3c97ccf898ad|2026-03-19 16:46:51 +0100|Maximilian Michels|Flink: Add branch support to RewriteDataFiles maintenance task (#15672)
0a73da119ff38ee3a98f248b42180caa51001cec|2026-03-19 14:56:21 -0700|Prashant Singh|Core: Fix useSnapshotSchema logic and projection in RESTTableScan (#15609)
386f0ea6abe6cd988178ee922b7cceaaf0d2d46b|2026-03-19 15:49:42 -0700|Maximilian Michels|Flink: Backport: Add branch support to RewriteDataFiles maintenance task (#15672) (#15690)
1009ef41b25b4602baa949c15c31db34b7a2ad96|2026-03-19 16:50:42 -0700|Daniel Weeks|AWS: Add scheduled refresh for the S3FileIO held storage credentials (#15678)
9057bf32e94278262cc0084b0d043e757c007f12|2026-03-20 10:34:02 +0100|Bhargav Kumar Konidena|Spark 3.4, 3.5, 4.1: Fix "AlreadyExistsException: Location already exists" at rewrite_table_path (#15616)
a16baffcd3135617a778faebd9b5a8edd1e98435|2026-03-20 04:28:05 -0700|jbewing|Spark: Add named constant for `NO_ADVISORY_PARTITION_SIZE` (#15681)
2874fc46e8b307b93e2ebb1a849fd7365fb3cb31|2026-03-20 12:49:20 +0100|Joy Haldar|Data, Spark, Flink: Add null engineSchema fallback for format model writers (#15688)
fce4985aa47c865ebb2442598a6cd9f984892bc5|2026-03-20 16:22:54 +0100|Maximilian Michels|Flink: Fix non-deterministic operator UIDs in DynamicIcebergSink (#15687)
1139cd441fcb82832fc3eb6a73a1913ca6ea42c6|2026-03-20 16:56:12 +0100|GuoYu|Data: Add TCK tests for ReadBuilder in BaseFormatModelTests (#15633)
08ac7844d2e223c3c4209f2f941acf4dd55c1bfb|2026-03-20 12:04:20 -0500|Russell Spitzer|Core: Propagate Avro compression settings to manifest writers (#15652)
5caeec64d0ae0f86a68ad30f788c9e22eeb53721|2026-03-20 10:39:00 -0700|Matt Topol|Site: Add Iceberg-Go 0.5.0 release blog post (#15679)
0e5428cdc41d591f84164073a25f54c2dd5df9b6|2026-03-20 14:30:17 -0700|Maximilian Michels|Flink: Backport: Fix non-deterministic operator UIDs in DynamicIcebergSink (#15687) (#15702)
28bf0f591c9eeb8876ee75f3888b0d26518fa6f5|2026-03-20 15:40:25 -0700|Kevin Liu|Build: Stop ignoring gradle directory (#15705)
406016bf2a60e25db121ee4895f1008037664dc7|2026-03-21 12:58:36 +0100|GuoYu|Data, Orc, Parquet: Throw exception when non-vectorized reader set recordsPerBatch (#15701)
9429fe02a66beae1d46d03d5b49cd69c98f5c357|2026-03-21 23:40:24 -0700|dependabot[bot]|Build: Bump pymarkdownlnt from 0.9.35 to 0.9.36 (#15715)
38bd4f1a8e22932f4be57719e16c405a6f30e94d|2026-03-21 23:40:49 -0700|dependabot[bot]|Build: Bump testcontainers from 2.0.3 to 2.0.4 (#15716)
c46cd4efbc402bc144120d30b20c88b1e826a456|2026-03-21 23:41:09 -0700|dependabot[bot]|Build: Bump com.diffplug.spotless:spotless-plugin-gradle (#15717)
ce3c5e47a6e6fc3cfd093e8c152f76e6187e7933|2026-03-21 23:41:29 -0700|dependabot[bot]|Build: Bump org.roaringbitmap:RoaringBitmap from 1.6.12 to 1.6.13 (#15718)
f914c9e9fe54ba9e8eb5e7aa7bc9c7207a0fa58c|2026-03-21 23:41:51 -0700|dependabot[bot]|Build: Bump org.codehaus.jettison:jettison from 1.5.4 to 1.5.5 (#15719)
56ef45f7d67cea283ab18cc26b39a73fa030951c|2026-03-21 23:42:10 -0700|dependabot[bot]|Build: Bump software.amazon.awssdk:bom from 2.42.13 to 2.42.18 (#15720)
52ee8d5b5ab06d04796f747851a0166e5ea96999|2026-03-21 23:42:42 -0700|dependabot[bot]|Build: Bump jackson-bom from 2.21.1 to 2.21.2 (#15722)
62f497c062d0dedf64193b187b8583b2ba6a3e49|2026-03-21 23:43:03 -0700|dependabot[bot]|Build: Bump io.grpc:grpc-netty-shaded from 1.79.0 to 1.80.0 (#15723)
77f65e1462d5d59cac7a61e94664254af20c4fcc|2026-03-22 09:20:13 -0700|dependabot[bot]|Build: Bump org.xerial:sqlite-jdbc from 3.51.2.0 to 3.51.3.0 (#15721)
a8e9ad2ae02fee5766f71a0783f402680da8e219|2026-03-22 09:22:27 -0700|jackylee|Docs: Document Spark SQL transform functions (#15697)
65869bfad87bc2ef8c3eaecdd02bc3a1506460a5|2026-03-23 07:45:32 +0100|Russell Spitzer|Spark 3.4, 3.5: Order results to fix flakiness with remote planning (#15725)
a114e955e4f16d9b5636e675d9c59be92f5ab978|2026-03-23 10:17:45 +0100|Kevin Liu|Infra: Remove GitHub Actions updates from dependabot config (#15711)
7480c3bc2be4c24750fbf39320f845e578a4f03b|2026-03-23 16:32:28 +0100|Eduard Tudenhoefner|AWS: Schedule next credential refresh (#15732)
acc2c665bf924965bb5408a1d33a88766156fa27|2026-03-23 09:59:08 -0700|Manu Zhang|Spark: Remove Spark 4.x Java version skip guards (#15737)
9e5fe8f40f6dde1b6e23b97dfac52ade37313f89|2026-03-23 11:26:34 -0700|Yuya Ebihara|Infra: Pin versions in publish-iceberg-rest-fixture-docker.yml (#15730)
72b5f8e1eab614a9b946308d8a6eb9f20a90ea3e|2026-03-23 19:34:07 +0100|Eduard Tudenhoefner|API, Core: Only include required stats fields (#15739)
19b418906043dbfc2aba7d8947404f778414b71a|2026-03-23 11:41:12 -0700|Eduard Tudenhoefner|GCP: Add scheduled refresh for storage credentials held by GCSFileIO (#15696)
60a6e7324c4b6b234882f9d464c9ddf6cbcb6bd3|2026-03-23 11:50:56 -0700|Szehon Ho|Core: Fix rewrite_position_delete_files failure with array/map columns (#15632)
17738b7c5ce25fd73c81da7c4a1ffcc59cae12e5|2026-03-23 12:02:17 -0700|Kevin Liu|ci: pin third-party actions to Apache-approved SHAs (#15707)
32b2f00125261b93c29aca9068d78390135a80f1|2026-03-23 14:32:39 -0700|Szehon Ho|Spark: Replicate position delete array/map fix to Spark 3.4, 3.5, and 4.0 (#15743)
05186517662ef6fbd8ae6bd60b6e3e311bf16609|2026-03-23 17:58:43 -0700|Maninder|Site: Update Snowflake vendor description (#15745)
7153d0a3fec21032c974e6f73755574aa6272e6f|2026-03-24 08:23:24 -0700|Matt Butrovich|Docs: Add blog post for Iceberg Rust 0.9.0 release (#15744)
84e22676a43dda8a3d26d96c3298993905732a90|2026-03-24 12:25:47 -0500|Russell Spitzer|Core, Data, Delta, Flink, Kafka, Spark : Migrate callers off deprecated Snapshot file-access methods to Snapshot Changes (#15656)
4bcd1c16b78a73ae886fe3bf0342eb30c3f121d5|2026-03-24 16:02:02 -0700|Kevin Liu|ci: pin GitHub action to commit hash (#15753)
050378663b3513499dc7900d8d368ec07336309d|2026-03-24 17:26:23 -0700|Mukund Thakur|Core: Add VisibleForTesting annotation in SchemaUpdate constructor (#15756)
63ecc7c3871ec1a1846c2d335c2055ea1865a81f|2026-03-24 23:06:56 -0700|antonlin1|Spark: fix NPE thrown for MAP/LIST columns on DELETE, UPDATE, and MERGE operations (#15726)
5dff6f6d778f1a944d87ac5029e56b953d24c3c5|2026-03-25 07:31:29 +0100|rkaveti|Core: Pass storage credentials to ioBuilder-created FileIO (#15752)
027f088d99d24fbb4a3eeb14e5da44d9f9b9efc0|2026-03-25 16:07:29 +0100|Hayoung Lee|Flink: Fix HashKeyGenerator SelectorKey cache ignoring writeParallelism and distributionMode (#15740)
8a51a685894eace51474f512b46a187566f27202|2026-03-25 22:35:58 -0700|Hayoung Lee|Flink: Backport: Fix HashKeyGenerator SelectorKey cache ignoring writeParallelism and distributionMode (#15762)
8c8c391ed88dbfc617f3698bd7bc807cb6be5a7c|2026-03-26 08:38:17 -0700|jackylee|Docs: clarify SparkSessionCatalog function limitations (#15736)
f86b8d73c665d1f0adc30d39c147b6de485adc45|2026-03-26 13:45:22 -0700|Russell Spitzer|Docs: Update Slack invite links (#15782)
f575d97755d6f01c40dc5cb894534c88562accae|2026-03-26 14:06:34 -0700|Wing Yew Poon|Spark: test cleanup - eliminate unnecessary table refreshes (#15765)
9f2bcf582e5267a860be616ad31c51d67327b792|2026-03-26 19:12:55 -0700|Wing Yew Poon|Spark 3.4, 3.5, 4.0: test cleanup - eliminate unnecessary table refreshes (#15787)
9011eace5e82c9022491e5a65c7257fe4fb423a7|2026-03-27 14:53:35 +0100|Manu Zhang|Docs: Fix Flink Getting Started page (#15772)
24cb0389034d7718308d85f16c65147de29547cf|2026-03-27 11:05:05 -0500|Yaniv Zalach|Spark: Validate Z-order rewrite does not conflict with internal ICEZVALUE column name (#15706)
420fb1a688926440582fe078d7348f60f27997a8|2026-03-27 12:44:23 -0500|jbewing|Spark 4.1: Set data file sort_order_id in manifest for writes from Spark (#15150)
a7d2113ac18834dbe24cb59cfb4c6b6d20b7310d|2026-03-27 11:29:14 -0700|Kevin Liu|CI: Fix zizmor security findings in PR-triggered workflows (#15788)
9fb6a00f3e066d302fd29ac19329fdd951afc818|2026-03-27 11:30:05 -0700|Kevin Liu|Build: Harden GitHub Actions workflows against zizmor findings (#15790)
37a0ed689976db9079e3039b682ee646e2d34810|2026-03-27 14:31:03 -0700|Kevin Liu|CI: Add ASF allowlist check workflow (#15797)
b9d90533e0e8b376d1fe57a0f25fe30be9d281bf|2026-03-27 14:31:25 -0700|Kevin Liu|ci: add cooldown to dependabot (#15796)
79d4fc82cf9ef2266fd53beabd8a744789744bed|2026-03-27 16:06:51 -0700|Anoop Johnson|Core: Add manifest partition pruning to DV validation in MergingSnapshotProducer (#15653)
2b212578d45572176bc8b0e501a2e41495a79aef|2026-03-27 16:48:20 -0700|Kevin Liu|CI: Add back Dependabot for GitHub Actions (#15801)
315620a18f709ef2c9ed255a7d03e65ff1501775|2026-03-27 16:57:53 -0700|Kevin Liu|CI: Replace `actions/cache` with `gradle/actions/setup-gradle` for Gradle caching (#15799)
e0fecc4c77e6df87198983f6e5db641cbf84e2e0|2026-03-27 16:58:23 -0700|dependabot[bot]|Build: Bump astral-sh/setup-uv from 7.3.1 to 7.6.0 (#15803)
31f36619da3413955a85f2712560ce0784e4484b|2026-03-27 18:35:34 -0700|Russell Spitzer|Core: Fix TestReplacePartitions using wrong table for validation (#15798)
99d5bd0b405253963f5b1890de0b24e4cc1cca27|2026-03-27 19:52:38 -0700|Kevin Liu|ci: add zizmor github workflow (#15793)
5ded8168fe59f4bc00f4f8177a15e04fa5e1c7ca|2026-03-27 20:30:39 -0700|Eunbin Son|Arrow: Tighten VectorHolder constructor visibility to private (#15804)
4eee56c9834d7271de0d95c56c415e8ef2fb3d88|2026-03-27 20:35:04 -0700|Kevin Liu|CI: Fix JMH benchmark workflows (#15800)
0aefafb79a7396ab64125b6ed78384734046e40e|2026-03-27 22:59:32 -0700|Kevin Liu|add tag as inline comment (#15805)
2abac79fcae94b5ad039bd09f7235be191b0761e|2026-03-28 22:39:46 -0700|Rishi|API, Core: Add overwrite-aware table registration (#15525)
b086b4cbe96bd6121e1bb03630241fad84344966|2026-03-30 11:26:56 -0700|Hongyue/Steve Zhang|Core: Fix NPE of generateRandomMetrics in FileGenerationUtil (#15748)
857c1abb93867d50dd485f39a614baf92d3bc261|2026-03-30 14:04:01 -0600|Robin Moffatt|Kafka Connect: Fix CVE-2025-67721 in io.airlift:aircompressor by bumping to 2.0.3 (#15440)
d37ec8b15bcbf0f95c75dfeacd08947cbdd25df4|2026-03-30 13:32:04 -0700|Kevin Liu|ci: fix zizmor security alerts (#15820)
23b5e1d295e0a89d8aeeb49483c2f863fcd9142b|2026-03-30 13:42:37 -0700|Naama Maoz|Fix position delete rewrite option validation (#15828)
3ff0d97b10489a1bf90c40750008e0ec8cc7b7ff|2026-03-30 23:02:37 -0700|Ruobing Wang|Spark: Remove Spark 2 test assumptions for write projection (#15823)
149cc464f9b7df800cc5718af725983473819504|2026-03-30 23:03:52 -0700|Eunbin Son|Docs: Update Flink version in contribute.md build example (#15812)
da0ad6a7cc2632594f04cb7872bc6f5fb158fd6b|2026-03-31 14:39:04 -0700|Alexandre Dutra|OpenAPI: Promote the S3 signing endpoint to the main spec (#15450)
ee1878f3d87c0610e6046bcccf297e459cdab650|2026-03-31 17:04:19 -0700|Anoop Johnson|API, Core: Introduce foundational types for V4 manifest support (#15049)
850480018ed371bfbc7c28a68fb0a21a21a23f6b|2026-03-31 17:40:06 -0700|Ruijing Li|Spark 4.1: Fix async microbatch plan bugs (#15670)
fd21d667fb51433f08df8e538054a1461822b328|2026-04-01 07:34:46 -0700|Marius Grama|GCS: Throw NotFoundException for nonexisting input GCS file (#15734)
05d7ece42acccc041f711dcac0dbb03a3c127396|2026-04-01 10:19:04 -0600|Szehon Ho|Spark 4.1: Control merge schema evolution by table property (#15825)
6103dab58f21ae6758cc8be8cea806e3b9970f48|2026-04-01 14:22:45 -0700|Anoop Johnson|Remove v4 references from javadocs (#15851)
ff298a676d287f6bb065c030aca2ef66bbab4fed|2026-04-01 14:38:54 -0700|Alex Stephen|BigQuery: Fix dependency leak into runtime Jars (#15655)
d204e5e2dff8a5a7da6aa39c4be995633d223b22|2026-04-01 14:51:47 -0700|Eunbin Son|Spec: Fix typos and stray formatting in gcm-stream-spec and puffin-spec (#15813)
88d553899d0a6109a0c55cb5f6c2208106d3c268|2026-04-01 14:54:27 -0700|Eunbin Son|Docs: Fix stale version label and missing integrations in mkdocs-dev.yml (#15810)
245637a62fd1fac1936c43bcb39cb72872f58768|2026-04-01 16:43:16 -0700|Russell Spitzer|Build: Add runtime dependency guard for bundled artifacts (#15855)
e8b619148b557c5d72522e7f24bdadc9170eabfe|2026-04-01 21:44:39 -0500|Ryan Blue|Aliyun: Remove leaked transitive dependencies. (#15858)
3e22f850bd21f3f8f4ecb340a5d4ffe468fb1ced|2026-04-01 21:32:29 -0700|Atsuo Yamaguchi|Docs: Fix missing semicolons in Java API Quickstart imports (#15864)
1a2a8a5ecc701629183405ca842f2d1eb23505ee|2026-04-02 09:54:55 -0700|jbewing|Spark (4.0, 3.5): Set data file sort_order_id in manifest for writes from Spark (#15832)
3550bcef7a6979e425f7eec7964e7fd0c07c9f7c|2026-04-03 16:14:19 +0200|Eduard Tudenhoefner|Core: Upgrade Jetty to 12.1.5 (#10837)
9a939d68358de9dac2c6ba9b236b675ebe477490|2026-04-03 16:15:34 +0200|Maksim Konstantinov|Build: bump shadow-gradle-plugin to 9.4.1 (#15835)
775f55b50d829b0a11f4c850790c94d42b694fd0|2026-04-04 21:49:13 -0700|dependabot[bot]|Build: Bump mkdocs-redirects from 1.2.2 to 1.2.3 (#15885)
4575b6a278ea7ea2c987fed231545668b7e3a7d2|2026-04-04 21:51:51 -0700|dependabot[bot]|Build: Bump astral-sh/setup-uv from 7.6.0 to 8.0.0 (#15888)
cc90c0e862e272026ac32f8d0bf6d818b1dc0248|2026-04-04 22:56:02 -0700|dependabot[bot]|Build: Bump org.openapitools:openapi-generator-gradle-plugin (#15886)
85cd18d31652c4b8f80876ef7d6aed2eb6e9ec0b|2026-04-04 22:56:17 -0700|dependabot[bot]|Build: Bump com.google.cloud:libraries-bom from 26.78.0 to 26.79.0 (#15889)
c6ff39a69fbac7f6f059b2e0cca2fb0a0cfde7be|2026-04-04 22:56:30 -0700|dependabot[bot]|Build: Bump software.amazon.awssdk:bom from 2.42.18 to 2.42.23 (#15890)
a18ae8a85e8716bd7e1e4d99f23fbc5bcc403cdc|2026-04-04 23:34:02 -0700|dependabot[bot]|Build: Bump jetty from 12.1.5 to 12.1.7 (#15887)
b25cb522ccaddacc4e7be4dcf48fc80dd7b823dd|2026-04-04 23:34:18 -0700|dependabot[bot]|Build: Bump io.netty:netty-buffer from 4.2.10.Final to 4.2.12.Final (#15891)
ec2de913bfea2e1799aa2b72a9a9796418a8d839|2026-04-05 13:56:13 -0700|Jiajia Li|AWS: Add chunked encoding configuration for S3 requests (#15242)
e1a2713d18ae62ae91512ebbde052d137c942861|2026-04-07 08:46:45 -0700|Rahul Shivu Mahadev|Core : Make REST scan planning poll timeout configurable (#15863)
66870849f2fa1b40f512971a9ad86bf912e7649d|2026-04-10 10:07:38 -0700|Ryan Blue|Spark 4.1: Add runtime-deps.txt. (#15860)
9586899fab3cc15fc0d0a5c9060b98ff632974e6|2026-04-10 13:45:54 -0700|Wing Yew Poon|Update documentation on Spark migrate procedure (#15874)
1b27a582d385d4b3341e8246f5327af237c41052|2026-04-10 13:52:39 -0700|jackylee|Docs: Add Hive Metastore schema validation warnings for schema evolution with Hive catalog (#15814)
4c215926a0f42e7d682339193606fa5775ce07b0|2026-04-10 16:35:33 -0700|Huaxin Gao|Build: Fix zizmor and Spark 4.1 runtime-deps CI failures (#15937)
9242be6ddbae41965afb5ed5f1fbf6be163e3700|2026-04-11 03:08:35 +0200|Eduard Tudenhoefner|Revert "Build: bump shadow-gradle-plugin to 9.4.1 (#15835)" (#15941)
7e4aa89d9900a52620afd1456152b63b47f2223b|2026-04-11 16:04:19 +0200|Eduard Tudenhoefner|AWS, Core: Switch Jetty to use new Compression API for GZIP (#15043)
b156f3414e402aa4c0aea5eaa397f34da23e4a05|2026-04-11 20:06:13 -0700|Dhruv Arya|pass dockerhub token the safely (#15940)
e4d15333279594e95869ae8636764cd5f3b51832|2026-04-12 07:46:31 +0200|Eduard Tudenhoefner|API: Include size unit in avg/max value size fields (#15939)
5bfabc307a30225359083fe123966582c89879f4|2026-04-11 23:29:59 -0700|dependabot[bot]|Build: Bump datamodel-code-generator from 0.55.0 to 0.56.0 (#15949)
3a6863d2ff7493385fac5530677fb4078e366b82|2026-04-11 23:30:14 -0700|dependabot[bot]|Build: Bump jetty from 12.1.7 to 12.1.8 (#15951)
72c993c7ee50b3dc4b1b056080e8f7e7d0596540|2026-04-11 23:30:31 -0700|dependabot[bot]|Build: Bump software.amazon.awssdk:bom from 2.42.23 to 2.42.28 (#15952)
beef60d95e94902eaaf2fac031194f6b2e038c6c|2026-04-13 16:25:27 +0200|Govindarajan|API: Fix TableIdentifier.toLowerCase to use Locale.ROOT for namespace levels (#15956) (#15958)
0ed7f7791f5179a924f8c7772428587c1d8cbdfe|2026-04-13 09:33:16 -0700|genxiong7|Flink: Fix checkArgument message for flink streaming (#15907)
56092bc8cbfa19380cdd4513fc707c6d97ef8e36|2026-04-13 10:44:37 -0700|Neelesh Salian|Parquet: Fix NPE in ParquetAvroWriter when schema contains variant type (#15934)
3f18cd4f69a2110327161972646da226fbbecc13|2026-04-13 14:02:10 -0700|kumarpritam863|Kafka Connect: Fix source offset tracking when SMTs modify the record topic (#15880)
2a6f127842a8f21e8e16efed45fdd5d538af29ae|2026-04-13 15:11:36 -0700|Yuya Ebihara|Core: Expose MetricsConfig.from method with 3-parameter version (#15819)
5d1840caed05ec8914fb8866378c36616d73debb|2026-04-13 18:35:39 -0700|XL Liang|Docs: Add Sail to integration and vendor (#15920)
8808f7761637415f933b97c386f5646f3356896f|2026-04-14 09:16:23 +0200|Marius Grama|ADLS: Throw NotFoundException for inexistent input file (#15806)
87c743463b6311f2412e1addf19cf204c1b79e3d|2026-04-14 09:18:09 +0200|Yuya Ebihara|Build: Ban toLowerCase/toUpperCase without locale (#15960)
ffb095db0c5f0bf9962a89a13f0a1953c740d90a|2026-04-14 13:05:11 -0700|Eduard Tudenhoefner|API, Core: Move stats classes to core as package-private (#15971)
5e3c28438570f0d526616e44d1d41f57aa49f585|2026-04-14 15:34:12 -0700|Russell Spitzer|API: Relax partition name check when source column is dropped (#15967)
dfe16c1abc188ebb09d956976b4eb87f00cdc477|2026-04-15 08:03:16 -0700|Anoop Johnson|Core, API, Spark: Add FileContent.fromId (#15953)
893528c4d2cdded74fc440e1293604234cc5f565|2026-04-15 09:09:59 -0700|Mukunda Rao Katta|Fix typos in javadoc/comment: 'intialize', 'seperated' (#15978)
b710f476c6509b25435fb573888bd34cea17a4a2|2026-04-15 10:52:33 -0700|Robin Moffatt|Build: Fix codeql-action version comment to match pinned SHA (#15985)
3e56b5287c24806f42dd1835cb8ffe94159a36c5|2026-04-15 10:58:17 -0700|Anoop Johnson|Core: Add fromId to EntryStatus and ManifestEntry.Status (#15983)
fa4e978ca8cc1d4e8a035294c64a837ad60ce93b|2026-04-15 12:08:44 -0700|Kevin Liu|ci: remove zizmor ignore for allowlist-check, pin to main (#15987)
304c00f3c17a67a7eb2306cf018fe8ba5647e4b1|2026-04-15 14:51:10 -0700|Oguzhan Unlu|Spec: Add 404 response for config endpoint (#15746)
44145262d2e4e8b79b1e681f8182af72f43ae66d|2026-04-15 15:26:29 -0700|Sebastian Baunsgaard|Core: Optimize RoaringPositionBitmap.setRange with native range API (#15791)
8f30d8350bdac64e67e3778cc9489f07a57bc2e7|2026-04-15 15:54:06 -0700|gaborkaszab|Core: Introduce default values in RESTCatalogProperties (#15873)
9418842100e7b0e360a13df95d85b9b823f55426|2026-04-15 16:26:44 -0700|Sreesh Maheshwar|Hive encryption nits (#14659)
20ca6c3f88fc237d4af48db4295a9915fb3e958f|2026-04-16 09:02:01 +0800|Shawn Chang|Update Rust status on the site (#15709)
0babf7d171d45fd0b2ab7de55f5002c2fbe0cf61|2026-04-15 20:09:36 -0700|Yuya Ebihara|Core: Fix StructLikeWrapper.equals exception with mismatched partition types (#15945)
46c1101ad8f5e13c0efd5d991d8ce22c8d7e7de9|2026-04-15 20:12:56 -0700|Barry|API: Fix FileRange validation to reject negative offset/length (#15926)
74acec7b3e108f6676243ad5eb8461f24a64c882|2026-04-15 20:14:01 -0700|yadavay-amzn|Docs: Replace deprecated 'compile' with 'implementation' in Gradle snippet (#15921)
1a6a4881012bbf367296f138685b9f8d80d800ee|2026-04-15 20:19:56 -0700|Manu Zhang|Build: Ignore `.githooks` (#15909)
f0cf4de766a9377771eb3273d4e86d9b01b107c1|2026-04-15 20:55:32 -0700|sanshi|Docs: Document that positionDeleteWriteBuilder is for format-version 2 tables only (#15980)
f2ed6a9dba16e2a7e7015e92c60b3749a385dd75|2026-04-16 02:35:35 -0700|Rulin Xing|AWS: Close custom AwsCredentialsProvider in RESTSigV4AuthSession (#15818)
dde712ec9ed6c9d28183ee4615d50f97b246af5d|2026-04-16 13:28:57 +0200|GuoYu|Data: Clean engineProjection in  BaseFormatModelTests (#15995)
7897d57fbe6c9c52de93195debbd24ebb41fc163|2026-04-17 11:37:33 +0200|Han You|Flink: Add passthroughRecords option to DynamicIcebergSink (#15433)
ecbe8a84b1897015bdaf0e7c3fdcbb8575aa9971|2026-04-17 13:19:06 +0200|Kevin Liu|Build: set zizmor min-severity and min-confidence to medium (#16001)
53fde56a87d49517a9688fe73600eca10def1283|2026-04-17 10:02:45 -0700|Shohei Okumiya|Docs: Add Apache Hive 4.2 to website (#15998)
8f1f483985bfbef3c19472b9e2ec474593fee219|2026-04-17 19:58:06 +0200|Sachin Ranjalkar|Flink: Set generator parallelism to match input in DynamicIcebergSink (#15849)
69d7bfacebc044ad9b36e21f5cee2bd12d2da204|2026-04-18 15:44:46 -0400|Tanmay Rauth|Docs: Sync Go implementation status with iceberg-go (#16021)
54cdbcddee30610ce4e4c9b7f685d3b90a90bfea|2026-04-18 22:30:49 -0700|dependabot[bot]|Build: Bump mkdocs-rss-plugin from 1.17.9 to 1.18.1 (#16036)
f66305aecb789e7583f26ccbdb922ba1c8175f1c|2026-04-18 22:58:23 -0700|drexler-sky|Flink 2.1: Fix forward-writer chaining regression in DynamicIcebergSink (#16026)
3111ba588b7e5b1bb2ee3e3aa7855e12e42420eb|2026-04-19 07:15:37 -0700|dependabot[bot]|Build: Bump com.azure:azure-sdk-bom from 1.3.5 to 1.3.6 (#16037)
c66bd68e86d52ae6df219e7c6b9162890fe64990|2026-04-19 07:15:58 -0700|dependabot[bot]|Build: Bump at.yawk.lz4:lz4-java from 1.10.4 to 1.11.0 (#16038)
9205427c5d02a58917eadafd7823e0d722049417|2026-04-19 07:16:15 -0700|dependabot[bot]|Build: Bump com.google.errorprone:error_prone_annotations (#16039)
55f892319457e569c36cec2e72321a2f89745250|2026-04-19 07:17:11 -0700|dependabot[bot]|Build: Bump docker/build-push-action from 7.0.0 to 7.1.0 (#16041)
bfccee96be68fa0182b04e6f93251b5cd5a9ea69|2026-04-19 07:17:28 -0700|dependabot[bot]|Build: Bump org.roaringbitmap:RoaringBitmap from 1.6.13 to 1.6.14 (#16042)
49839545d0027f17970868c5044f8005abce1267|2026-04-19 10:21:37 -0700|dependabot[bot]|Build: Bump software.amazon.awssdk:bom from 2.42.28 to 2.42.33 (#16040)
f984c28b215c56846c632ccc5a368f4f4afe0b5d|2026-04-20 16:07:47 +0200|Han You|Flink: Backport add passthroughRecords option to DynamicIcebergSink (#16019)
a8b7ba6d5ffb47f3e6d4ba937e191c7648c0fe0f|2026-04-20 08:21:38 -0700|Alexandre Dutra|Core: Expose HostnameVerificationPolicy in TLSConfigurer (#15500)
bbd121220a79baa18f305a3666530db32065f614|2026-04-20 18:46:04 -0700|Yuming Wang|Add .factorypath to .gitignore (#16067)
d4db77be070a780cb54b84a6024d6e4ba095bc1e|2026-04-21 12:38:48 +0200|drexler-sky|Spark: Replace deprecated registerTempTable with createOrReplaceTempView (#16063)
1f0579fb642603887b39a6d55ba79d57be540879|2026-04-21 09:00:24 -0700|Mervyn Lobo|AWS: Add proxy system property and environment variable configuration for HTTP clients (#15506)
a675f88b0d8b1bc5b9f37bc8db304bd694cf5f18|2026-04-21 11:08:50 -0700|kumarpritam863|Kafka Connect: Do not fail if no partitions assigned (#15955)
5dae5fc856e228cd8e1b69ba14909d0067006650|2026-04-21 12:59:33 -0700|alpbeysir|Core: Use Stream overload for reading response in HTTPClient (#15648)
017ba2f6fc78c12f1aff81b9f8f8a28513a5703f|2026-04-22 06:33:48 -0700|Yuya Ebihara|Spark: Fix RoaringBitmap version in runtime-deps.txt (#16076)
4a31e519b8782d1c5a98f2ad00edbe278cedc4a6|2026-04-22 07:52:29 -0600|Anupam Yadav|Core: Use Idiomatic ThreadLocal cleanup in CommitMetadata (#15284) (#16031)
5f80bc3a38d582fe352969a9b2ae037de048c843|2026-04-22 10:13:55 -0700|Yingjian Wu|Spark: fix delete from branch for canDeleteWhere where it does not resolve to the correct branch (#15512)
844a0abc3b6f7ec3164c4d60b26973eb686a27db|2026-04-22 11:45:50 -0700|seokyun.ha|Kafka Connect: Support VARIANT when record convert (#15283)
c5a09634ef6236b35653c2233e0738a5de920e4f|2026-04-22 21:56:42 -0700|Steven Zhen Wu|REST Spec: Clarify identifier uniqueness across tables and views (#15691)
2e153ca04f2ed6cfbb329e6b9af055fa6e27bb73|2026-04-23 11:44:38 -0500|Bharath Krishna|Spark 3.4, 3.5, 4.0: Include snapshotId and branch in SparkTable equals and hashCode (#15840)
a4386b96971e306008d013e079d62dfef53ddcce|2026-04-23 19:33:09 +0200|Eduard Tudenhoefner|Core, Spark: Verify that TRUNCATE removes orphaned DVs (#16078)
1d5463f687db2a9a80e1a35ac09f36b7e4e8cbeb|2026-04-23 16:05:26 -0500|Bharath Krishna|API: Implement notStartsWith bounds check in StrictMetricsEvaluator (#15883)
52092cd1109cba1e2f0c87959775e5f883a2cfd0|2026-04-23 14:17:44 -0700|Anoop Johnson|Core: Add implementations of v4 TrackedFile interfaces (#15854)
8f611675e343c845c9df6e56718f1492aeb143e0|2026-04-23 16:53:45 -0700|Anoop Johnson|Validate manifest sequence numbers are equal during inheritance (#16091)
0e4f447ee0d0d22effd49d7189540651af66a3c5|2026-04-24 14:14:39 +0200|GuoYu|Data: Add TCK tests for metrics collection in BaseFormatModelTests (#15906)
f475ccb5c579b8a1d4842507b12e854161dea7af|2026-04-24 15:49:05 +0200|Denys Kuzmenko|ORC: Fix connection leak in OrcIterable (#16086)
57b7c2bd564e5dfa8ccb7cb9e6386e7e942bac0f|2026-04-24 11:16:06 -0500|Bharath Krishna|API: Use column bounds to evaluate startsWith in StrictMetricsEvaluator (#15902)
8c217a35b0eb78f04b4127e38eee0683bb6f1931|2026-04-24 22:28:41 +0200|Chase Zhang|Flink: Fix watermark value which should be min timestamp minus one (#15884)
03347ff6c971d2785dbd12956f27a2627c9558fe|2026-04-24 22:34:56 +0200|GuoYu|Data: Add TCK tests for Metadata Columns in BaseFormatModelTests (#15675)
a287f0907c9078d654d0076a457b038ef57ca6af|2026-04-24 17:57:32 -0400|Russell Spitzer|Build: Check runtime deps baseline for all engine versions in CI (#16103)
65faa6f350ee67361b6ef27450432f5df4f83a98|2026-04-24 15:16:07 -0700|Kevin Liu|Runtimes, Bundles: Add runtime-deps.txt files to track dependencies (#16081)
f29a182eccc9287764a511767a79f741eb4135af|2026-04-24 18:06:49 -0600|Ryan Blue|GCP Bundle: Remove JSR 305 (#16106)
3d4c6e00d1864746d99791f160a64b70dbaaa6af|2026-04-24 21:00:01 -0700|M Alvee|test: add ns1/ns2 to RCK view test namespace purge list (#16050)
f7ca134d5f75635709640713fb5c8d4962a1e50f|2026-04-25 23:48:06 -0700|dependabot[bot]|Build: Bump zizmorcore/zizmor-action from 0.5.2 to 0.5.3 (#16122)
dd93aacb6bc5a7b329e16c3e9a102fb56ac8638e|2026-04-25 23:48:21 -0700|dependabot[bot]|Build: Bump astral-sh/setup-uv from 8.0.0 to 8.1.0 (#16121)
180e399e195f0a264d6ce7298685ad3ecd13338a|2026-04-25 23:48:38 -0700|dependabot[bot]|Build: Bump org.xerial:sqlite-jdbc from 3.51.3.0 to 3.53.0.0 (#16120)
22918cf30ce51c54032f55fa5989bda53a5870b8|2026-04-25 23:49:02 -0700|dependabot[bot]|Build: Bump github/codeql-action from 4.35.1 to 4.35.2 (#16118)
c213f5e96e2bd9ae41e5d85e5493ec5a3d74c290|2026-04-25 23:49:16 -0700|dependabot[bot]|Build: Bump bouncycastle from 1.82 to 1.84 (#16117)
5acbb7a5a75ed5cccc289dae7336c0731be90597|2026-04-25 23:49:32 -0700|dependabot[bot]|Build: Bump guava from 33.5.0-jre to 33.6.0-jre (#16116)
bd7096ee0699f6dc28f23ea0af84effdf14891de|2026-04-25 23:49:56 -0700|dependabot[bot]|Build: Bump mkdocs-rss-plugin from 1.18.1 to 1.19.0 (#16113)
bac514ab4e72f0a75bf045c63a66009a0115022e|2026-04-26 10:58:51 -0600|Ryan Blue|Flink 2.1: Remove flink-metrics-dropwizard from runtime (#16093)
afb7519eb5d99bef089f535f876d8bae538369e7|2026-04-27 00:30:12 -0600|Ryan Blue|AWS Bundle: Exclude logging dependencies (#16105)
2a615803ef9b05d00372bd20474a06e0013b8da9|2026-04-27 10:13:52 +0200|Eduard Tudenhoefner|Spark 4.1: Parameterize TestDeleteFrom with format-version (#16098)
1b733ed22c8f47965184a48017c5941014def4cf|2026-04-27 13:53:38 +0200|Manu Zhang|Core: Fix RejectedExecutionException in InMemoryLockManager when multiple catalogs share default lock manager (#15862)
b809dcd770d3c10cc6d81b70dc198422749cfa0e|2026-04-27 14:57:29 +0200|Dmitriy Avseitsev|Core, Catalogs: Add support for unique table locations via catalog property (#12892)
8d0508308cd068778897c06d3a802740ed4305a6|2026-04-27 14:59:31 +0200|Harrison Crosse|Parquet: Add write.parquet.page-version table property (#15700)
836bca9c7e840a0698fc828a1cb4658750b947fc|2026-04-27 17:10:46 +0200|GuoYu|Flink: RewriteDataFile support dynamic filter (#15865)
b0f022ff29945fe70f51485a1f1cda3d35eed8ca|2026-04-27 13:52:26 -0700|GuoYu|Flink:Backport RewriteDataFile support dynamic filter (#16132)
4e118e3ca2e5a19d42797bb2518eabefcccbd201|2026-04-27 18:54:17 -0600|Ryan Blue|Spark 4.1: Update LICENSE and NOTICE for 1.11. (#16104)
9bd214e5063cccb41dbc724462ad0a3f8fed46f2|2026-04-27 19:33:55 -0700|drexler-sky|Arrow: Align vectorized reader handling of unsigned Parquet integers with BaseParquetReaders (#16006)
57409faedb184eb3b410a9cbbab52a4e5c0b6f0a|2026-04-27 23:49:07 -0700|Bharath Krishna|Core: Fix child AuthSession inheriting parent's expiresAtMillis (#15999)
d71583f58859131668cbf85b0df293cd32ef165a|2026-04-28 15:21:17 +0200|Neelesh Salian|Spark, Hive: Fix snapshot procedure for tables with Variant columns (#15964)
dd45bd926bed9bfdca28aa1221d05d39e3dcfd59|2026-04-28 09:06:08 -0700|Maximilian Michels|Flink: Bundle flink-metrics-dropwizard in runtime jar (#16126)
4880f5bc3ec2db8610ab671250caf7a4182c9e7d|2026-04-28 11:20:40 -0600|Ryan Blue|Flink 2.1: Update LICENSE for 1.11. (#16102)
9b139c99d8ee1bb4991025ab95539eb2274952d0|2026-04-28 11:44:07 -0600|Ryan Blue|Spark: Carry over changes to LICENSE and NOTICE in older Spark versions. (#16142)
b0df3ca01d61b2f7ae7143ac660c6b16e33b6e46|2026-04-28 19:05:57 -0700|Yuya Ebihara|Build: Bump software.amazon.awssdk:bom from 2.42.33 to 2.42.36 (#16151)
099ef477c8024b3bcb4d12abca18944c25b0eb45|2026-04-28 21:11:36 -0600|Hongyue/Steve Zhang|Core: Validate v2 deletes against concurrent format upgrade (#16146)
8ac703067a2adfae1928748712dc1d47dbc3c22b|2026-04-28 22:36:21 -0700|Yuya Ebihara|Build: Bump com.google.cloud:libraries-bom from 26.79.0 to 26.80.0 (#16152)
c81534fba6a521f70dd1c054c4f688622c04c09d|2026-04-29 13:52:42 +0200|Maximilian Michels|Flink: Backport: Bundle flink-metrics-dropwizard in runtime jar (#16141)
f0ba022fc34ef60bbb9199ef27d29c5f34543bf2|2026-04-29 07:43:50 -0700|Ruijing Li|Spark 3.5: Backport Async Micro Batch Planner to 3.5 (#15992)
df00c156d41deddd0dc979f2867ad6f81cb0e246|2026-04-29 07:44:17 -0700|Ruijing Li|Spark 4.0: Backport Aync Micro Batch Planner Feature (#15876)
b07435ba4a5b93312a71a8541c60cbdd7aa324fa|2026-04-29 20:45:28 -0500|Talat UYARER|Site: Remove Iceberg Summit 2026 section as the event has passed (#16166)
6869adba2b869150778ce42d288c85a614d18f86|2026-04-29 22:31:20 -0600|Anoop Johnson|Core: Add builders for v4 structs (#16092)
54c6433cbd08457cb43f8968efa5cb26917a3bef|2026-04-30 13:55:51 +0200|Anupam Yadav|Flink: Fix JdbcLockFactory to allow ClientPoolImpl connection retry (#16049)
1bdbed7a5ddd3981dd958b8a6e8124ca56c5a0e4|2026-04-30 14:03:59 +0200|Swapna Marru|Flink: SQL: Make Dynamic sink options to be configurable in SQL (#15780)
0dab08cd9339a323f051b31ff7925825df3c70d3|2026-04-30 08:18:14 -0600|Ryan Blue|Flink: Apply LICENSE changes to older Flink versions. (#16159)
3dd5c146748e0f0eaee627457ed51d97759ee68c|2026-04-30 18:01:28 +0200|Talat UYARER|Flink: Add Nanosecond Precision Support for Flink-Iceberg Integration (#15475)
96d556b8b31ac9e9c2c5ed35a5972e8d040499c3|2026-04-30 09:54:23 -0700|drexler-sky|Spark 4.1: Migrate SparkWriteBuilder to SupportsOverwriteV2 (#16164)
185da6b299edcf087b32f0b8d09249427c7ecc72|2026-04-30 13:12:15 -0600|hemanthboyina|Core: Avoid unnecessary manifest scanning during snapshot expiration incremental cleanup (#16077)
6ce50265b0b0b364491314f00606db1fe857ab15|2026-04-30 14:43:35 -0700|Kevin Liu|AWS: Fix stale LICENSE entry for Parquet, clarify failsafe attribution (#16179)
3f14731e23a7fbe6e3357bf40cd1a4ccc2f35a81|2026-05-01 09:45:57 -0500|Ryan Blue|Open API: Remove runtime Jar from build and deploy (#16163)
53f1f1a0a7fbdb013676358e8198f2cbd88ef296|2026-05-01 07:50:18 -0700|drexler-sky|Spark 3.4, 3.5, 4.0: Migrate SparkWriteBuilder to SupportsOverwriteV2 (#16178)
737f043f53b695a387b3e22745a065945ca63256|2026-05-01 17:35:02 -0700|dependabot[bot]|Build: Bump datamodel-code-generator from 0.56.0 to 0.56.1 (#16114)
128f656c0ecc908aaf6d08744f887cdf2f7d3876|2026-05-02 11:31:47 -0700|Kevin Liu|AWS: remove extra/staled LICENSE entry bundled by Parquet (#16180)
76283899d2c671082b402cd2bb476a29c77ba009|2026-05-02 16:34:51 -0600|Prashant Singh|Core: Propagate server error message in failed remote scan planning responses (#16024)
6d7ab339aad435d3050c05ed089b17aa508d7268|2026-05-02 20:49:19 -0700|Prashant Singh|Core: Surface failed scan planning even when server omits error payload (#16197)
1c1aaf038442c490c9aa4617a5327d240d535bf8|2026-05-02 23:04:27 -0700|dependabot[bot]|Build: Bump openapi-spec-validator from 0.8.4 to 0.8.5 (#16200)
bd96c74ae3602186b0f46dcaa361e76c1f274bcb|2026-05-02 23:04:38 -0700|dependabot[bot]|Build: Bump testcontainers from 2.0.4 to 2.0.5 (#16201)
d69d92ce0b5d7cbbe7efb841da9c34bc5b913155|2026-05-02 23:04:54 -0700|dependabot[bot]|Build: Bump nessie from 0.107.4 to 0.107.5 (#16202)
8537152cdaa842536bea8f6498a03b04fe214f2f|2026-05-03 08:06:02 -0700|dependabot[bot]|Build: Bump org.apache.httpcomponents.client5:httpclient5 (#16204)
33e173c0d6afa96f86d9f2d6da4030d9c691b920|2026-05-03 18:59:03 -0700|Yuya Ebihara|Build: Bump software.amazon.awssdk:bom from 2.42.36 to 2.42.41 (#16206)
334dd95535b4170fe8b2c75d48204ac3413a5cd6|2026-05-04 10:30:55 +0200|Alexandre Dutra|Core, AWS: Adapt code to S3 signing endpoint promotion (#15451)
f2e7a65678b4c529bb53b299450faf95ef24385b|2026-05-04 10:32:05 +0200|Akshay Thorat|AWS, GCP: add Kryo round-trip regression test for refreshed storage credentials (#16112)
3a98658aef480559ee3d0d72c68d6ed27a32ecb1|2026-05-04 16:37:33 +0200|gaborkaszab|Docs: Move catalog properties to catalog section (#15848)
54868576cd7458fe7f29ec5e1395c0b9b2e936c5|2026-05-04 17:51:24 +0200|gaborkaszab|Docs: Document general REST catalog properties (#15871)
2d54125734ddc9b9fb87db147ff255918108fa2c|2026-05-04 11:08:17 -0500|milleniax|Spark: Support TimestampNTZ in SparkZOrderUDF (#15778)
7830efec3635893e39255823590b2422fde9171c|2026-05-05 15:04:34 +0200|Kurtis Wright|Spark: Add unknown type support to Spark 3.4 and 3.5 (#16066)
0841cdea98645d14eb2394cc731d01713b67ad2b|2026-05-05 08:41:50 -0700|Soumyajit Sahu|Sink connector crashes on timestamps with fractional seconds and colon-separated UTC offset (Fixes #15838) (#15839)
2f6606a247e2b16be46ca6c02fc4cfc2e17691e6|2026-05-05 18:38:22 +0200|Swapna Marru|Flink: Backport: Dynamic sink options to be configurable in SQL (#16209)
0011a85e4d28b7bc8ff670a3a0d32a8331d87d0f|2026-05-05 18:06:35 -0700|drexler-sky|Spark: Migrate RollBackStageTable to use SupportsDeleteV2 (#16211)
da5ffce9a957130b562676680fefa2b8e2ac9d0a|2026-05-05 19:55:43 -0700|Neelesh Salian|Fix for vectorized builder variant handling (#16087)
dcdeb27edcfaedfccd1e96d3a7c1f1b4e10e898b|2026-05-06 07:57:19 +0200|Talat UYARER|Flink: Define Joda Time in libs.versions.toml file (#16191)
680d850e9e2069919b6ed1207772b53dddcad963|2026-05-06 11:17:27 +0200|Maximilian Michels|Flink: Do not ship optional flink-metrics-dropwizard dependency (#16155)
0bae0503bcec99e5b725da18430458f38749888c|2026-05-06 11:22:23 +0200|Maximilian Michels|Build: Correct actions/labeler version comment to v6.0.1 (#16225)
ef077f45881d7700160eedfd4c129e64bd3aa93c|2026-05-06 07:49:17 -0700|sagib-sqream|Core: Fix JdbcCatalog & InMemoryCatalog to prevent dropping parent namespaces with children (#16061)
b84b37f430b6c6e6b80e0a11d16c4d842b9da2a0|2026-05-06 10:09:39 -0600|Hongyue/Steve Zhang|Core: Replace string-based schema projection with selection on field-id (#16184)
d7cb7994510c08d2b55352195773763d93243d9c|2026-05-06 09:32:43 -0700|Kevin Liu|Flink: Backport removal of optional flink-metrics-dropwizard dependency to v2.0 and v1.20 (#16230)
0d2707eaab3f1629bdcb55fdb5100fa256c83d19|2026-05-06 09:41:29 -0700|Manu Zhang|Docs: Add missing v3 data types to status page (#16228)
b7ef9f1fa82ac1bcf57359e746128a706b2d232e|2026-05-06 10:02:43 -0700|Kevin Liu|CI: Use specific patch versions in workflow action comments (#16229)
e2a119c822b65114ff34e4bc4967967927256603|2026-05-06 13:14:15 -0700|Aihua Xu|Spark: Support writing shredded variant in Iceberg-Spark (#14297)
400ba927de303c12c69b368bbdea209ee2c82c5c|2026-05-06 14:12:20 -0700|Kevin Liu|AWS: Fix LICENSE/NOTICE compliance for aws-bundle (#16196)
334269cd7d5114564a406a3259aa9919e4590738|2026-05-06 14:12:46 -0700|Kevin Liu|Azure: Fix LICENSE, NOTICE, and runtime-deps for azure-bundle (#16181)
e4028bf6a012691933441387a893eb921a780438|2026-05-06 14:13:07 -0700|Kevin Liu|GCP: Fix LICENSE, NOTICE, and runtime-deps for gcp-bundle (#16182)
86823e5a51b53f6154e824f24f3fe128e53f301f|2026-05-06 14:13:29 -0700|Kevin Liu|Spark: Fix LICENSE/NOTICE compliance for all versions of spark-runtime (v3.4, v3.5, v4.0, v4.1) (#16215)
0f657edf12dc29f8487a679bfdd4210e9588d014|2026-05-06 14:13:50 -0700|Kevin Liu|Flink: Fix LICENSE/NOTICE compliance for all versions of flink-runtime (1.20, 2.0, 2.1) (#16216)
05b2df1bd234c95d8edb51f1b78ee9b60ff59021|2026-05-07 12:02:23 +0200|Talat UYARER|Flink: Backport add Nanosecond Precision Support for Flink-Iceberg Integration (#16183)
153237b568d6c1ddb6025a58c551e8e459164c71|2026-05-07 13:30:23 +0200|pvary|Flink: Backport add Nanosecond Precision Support for Flink-Iceberg Integration to Flink 2.0 - missing changes (#16239)
9ec1b933ed1d9253c6019773a624ba9b3d4d3c0a|2026-05-07 16:48:58 +0200|pvary|Spark: Backport support writing shredded variant in Iceberg-Spark (#16241)
f767dad20e9a47495ce37f1acf6acdffbf63664d|2026-05-07 16:49:25 +0200|pvary|Flink: Backport add Nanosecond Precision Support for Flink-Iceberg Integration to Flink 1.20 (#16240)
17fc6da837442443421cfbac01ff2941a820ba20|2026-05-07 13:32:30 -0700|Oguzhan Unlu|API, Core: Handle 404 from /v1/config for missing warehouses (#16059)
57b1211b7477f9f4a5e79a4cf6f6505d63ded4e8|2026-05-07 17:42:57 -0600|Steven Zhen Wu|Spark: backport PR #15512 to v3.4, v3.5, v4.0 for WAP branch delete fix (#16245)
77e7dbb245908b42277130eb3417d823b5932876|2026-05-08 15:46:29 +0200|GuoYu|ORC: Add _row_id and _last_updated_sequence_number raeder in Orc to support lineage (#15776)
b7e65c902936141666d56acad62c0eacf6aea3c5|2026-05-08 17:16:52 +0200|Mukund Thakur|Core: Add test to validate we can't delete map value during schema evolution (#15767)
299f7be3987c87c8812234f85131d594b5553db6|2026-05-08 10:29:29 -0700|gaborkaszab|OpenAPI, Core: Disambiguate the intent of REFS snapshot mode (#16252)
4efbda3e45c86223d229af46e67e14a6232b5d10|2026-05-08 10:30:23 -0700|Alex Miller|Add Oracle as an Iceberg vendor (#16251)
b84d4468979bb29350cd0ab4246a2c56787f8998|2026-05-08 10:32:37 -0700|Amogh Jahagirdar|Spec: Update formatting in tables to use material content tabs (#14656)
9b8bde411f81af88fb87457ebe3b78c62faee2eb|2026-05-08 20:29:35 +0200|pvary|ORC: Backport add _row_id and _last_updated_sequence_number raeder in Orc to support lineage (#16256)
e7a5a87f26f9de5b200254155aa037368b13a29c|2026-05-08 11:39:59 -0700|Yuya Ebihara|Azure: Avoid depending on KeyWrapAlgorithm in AzureProperties (#16186)
fce25041755c53e85ecaab982556b18d7001818c|2026-05-09 10:15:11 -0700|Manu Zhang|CI: Add PR title check workflow (#16101)
1a8fa1e56bf81ed1780817bd63cdccfe1a71281f|2026-05-09 10:19:34 -0700|Rexwell Minnis|Docs: Document CATALOG_* env vars in iceberg-rest-fixture README (#16007)
c1477969731e9c65b0ee3a57176f3baa9ff5c61f|2026-05-09 10:25:03 -0700|Alex Miller|Docs: Update Oracle vendor description (#16261)
1edde6c93652d71f997b970ac925ba0723db40fc|2026-05-09 23:56:16 -0700|dependabot[bot]|Build: Bump jackson-bom from 2.21.2 to 2.21.3 (#16269)
d9b6f00a98dbe9318c390951c64d70ba076c0f96|2026-05-09 23:56:37 -0700|dependabot[bot]|Build: Bump joda-time:joda-time from 2.5 to 2.14.2 (#16270)
70ed5d9566709450c60088bf61b4672f33d71278|2026-05-09 23:57:51 -0700|dependabot[bot]|Build: Bump junit-platform from 1.14.3 to 1.14.4 (#16272)
34511542e6764fdbb23e2a60caf34a898b8ad76f|2026-05-09 23:58:25 -0700|dependabot[bot]|Build: Bump github/codeql-action from 4.35.2 to 4.35.3 (#16275)
a6a0b8131691b089dd5ff9909d7f871bc8f3a996|2026-05-10 11:20:09 -0700|dependabot[bot]|Build: Bump junit from 5.14.3 to 5.14.4 (#16271)
68bab74c771e560fe775cca62a90c1e74a2260b1|2026-05-10 20:27:50 -0700|Huaxin Gao|Build: Bump io.grpc:grpc-netty-shaded from 1.80.0 to 1.81.0 (#16277)
6364aaae20c50b8bfeb550ec89b3b14feedd51b0|2026-05-11 12:36:36 +0200|GuoYu|Data: Add TCK tests for Schema Evolution  in BaseFormatModelTests (#15843)
0e0e795197a268ce651f86d2573b5d70d5facd1b|2026-05-11 13:57:38 +0200|Huaxin Gao|Build: Bump org.openapitools:openapi-generator-gradle-plugin from 7.21.0 to 7.22.0 (#16278)
20d5b310033a0881a79f882683edb162df77a126|2026-05-11 18:15:58 +0200|Robin Moffatt|Kafka Connect: Add Trivy CVE scan to CI (#15430) (#15430)
f86a6727a0abfbbf4793f9a3637ed8b344e8ab25|2026-05-11 10:30:10 -0700|Huaxin Gao|Build: Bump software.amazon.awssdk:bom from 2.42.41 to 2.44.0 (#16279)
3d682a3b65838aba29f16141b45633a6cbe51178|2026-05-11 15:05:09 -0700|Kevin Liu|INFRA: Expand Trivy CVE scan to all bundle and runtime modules (#16291)
64ba246f3311ccc003fe33b4fa038f9d0cf266e3|2026-05-12 15:05:19 +0200|Eduard Tudenhoefner|Core: Add partition to TrackedFile (#16253)
575446ebf47e450e4b0016323d490767d7e5707b|2026-05-12 17:25:58 +0200|Ajay Yadav|Spark: Fix dropped file length in SerializableFileIOWithSize (#16284)
e5e2e8b610af408ea33613d2739ccf39428cbe2a|2026-05-12 09:22:43 -0700|Manu Zhang|Build: Improve PR title check pattern for multi-word prefixes and reverts (#16301)
e1182e2c2a6f4282167f9c4a71889f107b99a011|2026-05-12 09:32:39 -0700|drexler-sky|Spark 4.1: Migrate SparkCopyOnWriteScan to SupportsRuntimeV2Filtering (#16295)
b986d73099d2771f77dc56eb83119b512d0e47bf|2026-05-12 09:45:42 -0700|Kevin Liu|Build: Fix transitive dependency CVEs across all distributions (#16290)
4cebcdd6ae8b19607efd880870c61d553d318730|2026-05-12 13:00:00 -0700|Fokko Driesprong|Build: Bump to Parquet 1.17.1 (#16257)
42f3d01e6ceaf84ae2810bf902d9cb7bcc4c4574|2026-05-12 13:00:41 -0700|Talat UYARER|Move all analyticscore references behind a AnalyticsCoreUtil class (#16258)
947a7b7913d201544262fbc0a50784d23f3f5af5|2026-05-12 13:37:45 -0700|Mukund Thakur|API: Remove unnecessary EOFException in FileRange constructor. (#15973)
1cea23eda51c9b9ddcfb88dd499b1fd14f3bf3b3|2026-05-12 14:57:47 -0600|Amogh Jahagirdar|Core: Fix row ID assignment for EXISTING entry during a manifest merge (#16263)
a67655294600f92879f4d5d613662ac40c0c7ba2|2026-05-12 19:02:53 -0700|Kevin Liu|Spark 3.4: Support recursive delegate unwrapping to find ExtendedParser in parser chains (#16306)
062e822df12c802f594dee8f7ff1e9a8e9c14f75|2026-05-12 19:03:32 -0700|Kevin Liu|Spark 3.4: Pass FileIO on Spark's read path (#16307)
bdbb37555c9db9b134122dc4fd998e5ebbeb41af|2026-05-12 19:04:00 -0700|Kevin Liu|Spark 3.4: Set data file sort_order_id in manifest for writes from Spark (#16308)
e57247b55a737cfc3702949181b3a2a3d10174b2|2026-05-12 20:29:53 -0700|Kevin Liu|Spark 3.4: Backport Async Micro Batch Planner to 3.4 (#16311)
11e582ba0d191dae181466e2897cbc4500b002a4|2026-05-13 08:47:57 -0700|Vrishabh|Spark: Backport aggregate pushdown tests with NaN's (#16316)
5bbe19f32d63b39a2e49d245e659cf7ea2e5fb0c|2026-05-13 18:59:09 +0200|Talat UYARER|Flink: Nanosecond gaps in SortKeySerializer and ColumnStatsWatermarkExtractor (#16268)
38c78c44973805ec15a792dafbe337452df607ce|2026-05-13 12:19:31 -0700|Talat UYARER|Flink: Nanosecond gaps in SortKeySerializer and ColumnStatsWatermarkExtractor for v2.0 (#16322)
c72c2bdc48e308c8f118f55f9b5c9e053f886894|2026-05-13 12:20:48 -0700|Talat UYARER|Flink: Nanosecond gaps in SortKeySerializer and ColumnStatsWatermarkExtractor for 1.20 (#16323)
721980dd9c43e0d2daed9213430242443472a9c9|2026-05-13 15:12:28 -0700|Dong Wang|Spark: Disable min/max aggregation push down for string under any mode (#16320)
bc8f264be1a77f5979616d582fa121c681b87ca7|2026-05-13 23:30:33 -0700|drexler-sky|Spark: Backport migrate SparkCopyOnWriteScan to SupportsRuntimeV2Filtering (#16303)
1919ae65fb6e836df3530562af693d1fb8f14b5b|2026-05-14 14:11:01 +0200|Joy Haldar|Flink: Support UUID type in Avro and Parquet readers and writers (#16097)
6b8b57e2e454ec64e0a6113c80d9cdfe09c6783a|2026-05-14 14:44:16 +0200|Anupam Yadav|Flink: Refresh table in ListMetadataFiles to prevent incorrect orphan file deletion (#16324)
adfd4a4c80dbe8a8e4ad874514c927ba32576716|2026-05-14 15:57:48 +0200|Joy Haldar|Flink: Backport support UUID type in Avro and Parquet readers and writers (#16333)
294f80dfd41c7919a9ed527d6838fa473897cf07|2026-05-14 16:02:12 +0200|GuoYu|Flink: Use native slot sharing group inheritance for maintenance tasks (#16329)
87a7e4b13470b238e86872e5b194b80c3a89a80f|2026-05-14 08:35:00 -0700|Dong Wang|Spark: Also disable min/max aggregation push down for binary (#16328)
bf340affbf2d166395df35b8e982625134c315e6|2026-05-14 19:01:31 +0200|GuoYu|Flink: Backport Use native slot sharing group inheritance for maintenance tasks to 2.0 and 1.20 (#16337)
22f866687a7cae6b1475781998583f7da089b9f4|2026-05-14 12:10:55 -0700|Kevin Liu|Flink: Backport PR #16324 to v2.0 and v1.20 (#16338)
8b45abce036b480fbecd2427d4ae70fae0536640|2026-05-14 16:57:07 -0700|Talat UYARER|Close metrics reporter in RESTSessionCatalog and add test in CatalogTests (#16310)
62fe817f7459a904944f5b902867db61816635ee|2026-05-14 19:30:28 -0500|Karuppayya|Spark 4.1: Add session configs for adaptive split sizing and parallelism (#16088)
6976e020b894f6a6777704df2b8c4458cb291ae9|2026-05-14 19:35:48 -0700|Karuppayya|Spark: Backport #16088 to Spark 3.4, 3.5, 4.0 (#16344)
9789f852fe7066a852667619a7ae08fa8a8ad591|2026-05-16 08:37:26 -0700|Kevin Liu|Build: Designate a single Gradle cache writer across CI workflows (#16356)
089434ba2b3881f0fbd31968cf763001ed324c7a|2026-05-16 21:55:51 +0200|Sachin Ranjalkar|Core: Fix ByteBufferInputStream.read() to return -1 at EOF (#16167)
8caf7c2b6c9c5b48e8b993936b87b0a033fca930|2026-05-16 18:54:30 -0700|Maksim Konstantinov|Website: remove duplicated entries from search (#16368)
56ca272ce8979d6f8b42821e0d2b4cde3d49332f|2026-05-16 23:16:33 -0700|dependabot[bot]|Build: Bump pymarkdownlnt from 0.9.36 to 0.9.37 (#16372)
c8b35af9b271d76875934eb3a26be29a110a9c17|2026-05-16 23:16:51 -0700|dependabot[bot]|Build: Bump datamodel-code-generator from 0.56.1 to 0.57.0 (#16373)
4f5033a7f7f243440e845b4968db47b8b168dcdc|2026-05-16 23:17:05 -0700|dependabot[bot]|Build: Bump jetty from 12.1.8 to 12.1.9 (#16374)
74634cfab3e70ee824948657bffdcb156b3caadc|2026-05-16 23:17:49 -0700|dependabot[bot]|Build: Bump org.xerial:sqlite-jdbc from 3.53.0.0 to 3.53.1.0 (#16379)
6dfdcb091809859419bcfd8bb88da536fad888d9|2026-05-16 23:18:47 -0700|dependabot[bot]|Build: Bump github/codeql-action from 4.35.1 to 4.35.4 (#16375)
6a3f7827f7695fe883336dcab76246db11a3a4b7|2026-05-17 10:03:08 -0700|dependabot[bot]|Build: Bump actions/labeler from 6.0.1 to 6.1.0 (#16378)
e1705f4956f4b92bb6f00b593c8287bdbf61aa6c|2026-05-18 10:13:27 +0200|Joy Haldar|Core, Flink: Add UUID to DataTestBase SUPPORTED_PRIMITIVES (#16364)
886ecab4d6f72415fac69e1ad55f0bab9c25d18d|2026-05-18 12:12:26 +0200|liuliquan-marshal|Core: Fix NPE in RemoveOrphanFiles with prefix_listing for root table location(#16351)
c08a8e4daf44c972b1e1a2a74fb4dc9621745fff|2026-05-18 12:55:09 +0200|Manu Zhang|Core: Use ArrayList for manifest list materialization (#15640)
e617d34dfe948d05998414563f04c49a05e56c24|2026-05-18 14:13:54 +0200|Milan Stefanovic|Spec: Clarify non-default CRS conventions (#15834)
ae4dfea6e40907459c611c99f0c22952177c6f3a|2026-05-18 14:16:09 +0200|Vova Kolmakov|Flink: Add decimal write/read roundtrip test for FlinkParquetReaders (#16346)
3e88117c6af6dabd818bb144da8ca594e87ec95b|2026-05-18 15:16:09 +0200|Huaxin Gao|Build: Bump gradle-wrapper from 8.14.4 to 8.14.5 (#16381)
4bdb2c25867435b6acc90bb8b0b226e28c20ac53|2026-05-18 10:03:40 -0500|Varun Lakhyani|Spark: Add compaction only benchmark - rewrite data files (#16219)
1d8de4a961ef12c0bb12886708fe2943d0a2ada6|2026-05-18 08:59:02 -0700|Kevin Liu|Build: Speed up Spark CI with parallel test execution (#16357)
3571629f3348f9ff2ecfcd2d9786867ce0ef715c|2026-05-18 11:01:27 -0700|Steven Zhen Wu|OpenAPI: Add CatalogObjectIdentifier schema (#16144)
fab0d10e2bb0724c4c685e78bc9f4875a796aa3d|2026-05-18 12:44:17 -0700|Maksim Konstantinov|Docs: switch default docs version from nightly to latest (#16398)
2fe32aa8f77ebaee5359cabd4592300e1df69e72|2026-05-18 22:44:30 +0200|Anupam Yadav|Kafka Connect: Surface commit failures instead of silently swallowing them (#16237)
cc9abe8c0c40a245cf05f6ed1131c0ac0b978b16|2026-05-18 16:50:57 -0700|Amogh Jahagirdar|infra: add 1.10.2 to issue template (#16404)
ce2bb9a5ca30afb55ee0cffd59f2af577e948cee|2026-05-18 16:52:11 -0700|Amogh Jahagirdar|Doap: Update Doap to reference 1.10.2 (#16405)
1802dbfada36bc281ce70669d88c6e00c85e70fc|2026-05-18 17:18:32 -0700|Amogh Jahagirdar|Docs: Add release notes for 1.10.2 (#16406)
4bece4106b75861a1e5a501ff71e4a6604268d1f|2026-05-18 19:27:31 -0700|Kevin Liu|Docs: Fix duplicate search results by moving versioned docs out of docs_dir (#16371)
26a6f535a0236eab17b2396d775ee8738eab041c|2026-05-18 19:29:19 -0700|Huaxin Gao|Build: Bump com.google.cloud:libraries-bom from 26.80.0 to 26.81.0 (#16382)
7f1d90d307fd74c7a8ceaba10b586221ac5e8ef7|2026-05-18 22:48:12 -0700|Kevin Liu|Docs: add more to 1.10.2 release notes (#16410)
8e049f02ef4d2275024f7eeb3803c3c2fb27cd96|2026-05-18 23:53:31 -0700|Yuya Ebihara|Core: Remove redundant string concatenation (#16409)
0cd9e9b992c497026eb48ef9f964d7f160361e98|2026-05-18 23:55:56 -0700|Aihua Xu|Build: Let revapi compare against 1.11.0 (#16412)
5049675b46d18bed257b17a9cb25a48df23e7b2a|2026-05-18 23:56:14 -0700|Aihua Xu|infra: add 1.11.0 to issue template (#16413)
5b1cc3c30d8e00b4b68f9e995e339ef9d4e8a0df|2026-05-19 00:18:11 -0700|Aihua Xu|Doap: Update DOAP to reference 1.11.0 (#16415)
6d8ebbb1033cbda1360b0ab5d21e5706b1dcadce|2026-05-19 15:02:05 +0200|Han You|Flink: Allow setting slot sharing group for fine-grained resource management in DynamicSink (#16065)
be94cb0d4cbdb317aeeaafba4302afeeaa50fa5d|2026-05-19 17:07:23 -0700|Kevin Liu|Build: Use major.minor versions in runtime-deps baselines (#16233)
8e7ab3c881391487d3676fe31f53077e78f6375b|2026-05-19 17:09:09 -0700|Kevin Liu|CI: Make CVE scan blocking on PRs, informational on main (#16287)
f825d09fea36ed8d3889c1718ca230a1033f5686|2026-05-20 08:30:19 +0200|Eduard Tudenhoefner|Spec: Add v4 content stats representation (#14234)
463249a44bb443bc9df09ebe11b238796a8d5dcb|2026-05-20 10:55:18 +0200|Kevin Liu|Spark: Remove Spark 3.4 support (#14122)
684a1870d3cc0738ab57269ab1dcb8a8a3b267a3|2026-05-20 13:20:20 +0200|Stepan Stepanishchev|Flink: Fix ALTER TABLE to add column to specific position (#16419)
e2569ef893e8f9acbea22798cc938ac3b885bd02|2026-05-20 09:13:52 -0700|Han You|Backport #16065 to Flink v2.0 and v1.20 (#16429)
866d50e368e8b6382d25a59457a6936aded39867|2026-05-20 11:53:19 -0700|Aihua Xu|Docs: Add release notes for 1.11.0 (#16431)
e3a4c6422423d8f9c41689098fa6c3c3f0e8a721|2026-05-20 15:54:20 -0700|Xiening Dai|Arrow: Fix ClassCastException in vectorized reader on int-to-long pro… (#16343)
90c2c4c539095b066c683483792a750cef37c592|2026-05-20 17:25:07 -0700|Stepan Stepanishchev|Flink: Backport add column fix to flink v1.20, v2.0 (#16447)
d0a4954d2022bdfb5e2639a145468dc889394e55|2026-05-20 18:08:37 -0700|Kevin Liu|Site: Add version URL alias hook for docs (#16496)
8a90699dcf692a3c5f517baae352c4648bb77c30|2026-05-20 20:43:04 -0700|Sreesh Maheshwar|Encrypting IO as a `DelegateFileIO` (#14876)
693e8a787fd77d327f7d482c156f82ae711ea0d0|2026-05-21 07:29:43 +0200|Stepan Stepanishchev|Flink: Handle table comments in FlinkSQL (#16423)
46ae3ad2749cdcb7877d86babd0357b42f05823b|2026-05-21 07:44:27 +0200|Vrishabh|Docs: Update information about metrics mode (#16391)
2f05390e0730200866f52a7e8585480bd6c4596e|2026-05-21 09:34:00 +0200|Yuya Ebihara|Build: Ban Preconditions.checkState with %d placeholder (#16407)
56013b72db456f774efb696e237b58de88c2e94e|2026-05-21 10:15:08 +0200|Stepan Stepanishchev|Flink: Backport handle table comments in FlinkSQL (#16503)
c4f835e7f12e2dcbc037053c1e6f94d83b80dba1|2026-05-21 13:57:13 +0200|Yuya Ebihara|CI: Skip spotlessCheck in core-tests (#16505)
2cce97af94593afa1c442b18c9ef509c56122013|2026-05-21 16:16:49 +0200|gaborkaszab|Build: Fix order in revapi.yml (#16511)
7bb0fa243baa0834fcc3fb6ec71524864a7a501f|2026-05-21 15:10:39 -0700|Steven Zhen Wu|Docs: Drop manual deploy step from release instructions (#16495)
10ba4eebf1b870627fb20b9a75413e8088cd975f|2026-05-22 06:38:18 +0200|GuoYu|Flink: Support writing shredded variant (#15596)
f37a04b532595354fdc85e127491b032f528e2e0|2026-05-22 10:03:42 +0200|gaborkaszab|Core, Orc: Remove deprecated partition stats read functionality (#14998)
26169f73695d75cf08b6ecd69ae3d4d8f82fef8f|2026-05-22 11:39:44 +0200|Vova Kolmakov|Kafka Connect: Fix ConcurrentModificationException in IcebergSinkConfig.tableConfig (#16438)
ad9af85139d93487696f59faba743a4a38a558f2|2026-05-22 10:46:18 -0700|Xiening Dai|Add `.claude/` to .gitignore (#16533)
41a95991aaaa0ec2be5770308925263ff5776e9a|2026-05-22 11:02:24 -0700|Kevin Liu|ci: only run site-ci deploy job for apache/iceberg (#16535)
fca74a08c6e0a08646647dcbda9a63fe90ee88d5|2026-05-22 11:43:23 -0700|GuoYu|Spark: Backport Add _row_id and _last_updated_sequence_number raeder in Orc to support lineage (#16534)
f23da211bbe108a060df30c1f65684858aea0e8d|2026-05-22 15:52:38 -0500|Russell Spitzer|Core, Parquet: Allow for Writing Parquet/Avro Manifests in V4 (#15634)
4c767c14b02b7b48e0030c7da01b9f87d65dcad5|2026-05-22 23:59:36 +0200|Anupam Yadav|Kafka Connect: Add end-to-end test for commit failure propagation (#16432)
99e451acf38266c5eed9482c7feeaf20914620d5|2026-05-22 15:14:10 -0700|Yuya Ebihara|Core: Skip testAddManyFilesWithConsistentOrdering if WORKER_THREAD_POOL_SIZE < 3 (#16506)
36ef88722bad12973c081fd6d7bbbaf3e0b06210|2026-05-22 18:08:30 -0700|Daniel Weeks|[SPEC] Add relative paths to v4 spec (#15630)
29ba0a14dc6667db0683fdfcd520639b3da77774|2026-05-22 21:16:44 -0700|Anoop Johnson|Core: Add V4 location relativization utilities (#16174)
988d6cd6f31a58e86d58b2e442a2a0afdf4c5aca|2026-05-24 06:56:48 -0700|Yong Zheng|Core: Fix SerializableTable.sortOrders() throwing on historical sort orders with dropped fields (#16519) (#16521)
ffb29d3b1e7ed867afd7ad2f94af071fd7a37982|2026-05-24 10:29:36 -0700|dependabot[bot]|Build: Bump software.amazon.awssdk:bom from 2.44.4 to 2.44.7 (#16555)
95c86f8862d6d9b5bdcbe0b5cae039258bab1d1c|2026-05-24 10:29:50 -0700|dependabot[bot]|Build: Bump github/codeql-action from 4.35.4 to 4.35.5 (#16554)
d9a12fa9c2525058fae9b2773b5480025c3441ef|2026-05-24 10:30:09 -0700|dependabot[bot]|Build: Bump com.diffplug.spotless:spotless-plugin-gradle (#16552)
2245a81af168e6b9d2ee51c49ecec8b4c8c0a876|2026-05-24 10:30:27 -0700|dependabot[bot]|Build: Bump slf4j from 2.0.17 to 2.0.18 (#16553)
400fff6bd689120b4aa92ad9ff4369933b429cf1|2026-05-24 10:30:42 -0700|dependabot[bot]|Build: Bump zizmorcore/zizmor-action from 0.5.3 to 0.5.6 (#16550)
75fcb8d9e3378237a6b73b1b20d507641c37a392|2026-05-24 10:31:02 -0700|dependabot[bot]|Build: Bump com.google.cloud:libraries-bom from 26.81.0 to 26.83.0 (#16551)
23c7f231a2e8b8197d4cbecf04a23d66bc033b46|2026-05-24 17:55:06 -0400|Sung Yun|fix int96 timestamp offset in arrow dictionary decode (#16435)
d3cb9e354485bd5a27bfade31c8a241193b78cfa|2026-05-25 07:45:59 +0200|Yuya Ebihara|Core: Replace deprecated CloseableHttpClient.execute (#16149)
f12e0cfd07c50ef42f5785c7e8f938009128c02c|2026-05-25 08:37:02 +0200|GuoYu|Data: Remove Flag FEATURE_META_ROW_LINEAGE in BaseFormatModelTests (#16529)
d2cde2950460bcb86a69ee10c98de962b5557b2a|2026-05-26 10:04:15 -0700|Ryan Blue|REST Spec: Add unregister table endpoint (#16400)
8629e7c2de5bf36dcdb5a5a077d5eaaea05e4a2e|2026-05-27 16:20:21 +0200|Vova Kolmakov|Flink: Fix flaky TestMonitorSource.testStateRestore (#16548)
176c6e30f61280c41cc93ea98a73aa3b9403fad5|2026-05-27 11:34:19 -0700|Steven Zhen Wu|Spark: Trim row-level test parameter rows from 6 to 3 (#16549)
36d79e74bb19e56b7b0ca3fcc25d9e557b118745|2026-05-27 11:35:46 -0700|Steven Zhen Wu|Spark: Trim TestStructuredStreamingRead3 parameter rows from 8 to 2 (#16559)
ebd0100b398dc9b8f60350866f9f064b4750cfc1|2026-05-27 14:23:02 -0500|Pratham Manja|Docs: Document adaptive split sizing configurations
141e5be17c56a6c13d560e122f2ca46fab2dea14|2026-05-27 21:12:50 -0600|sanshi|Core: Fix flaky test by ensuring generateContentLength returns positive value (#16539)
e88aa55687a4767a5fb3152248d3514831da2723|2026-05-28 07:07:57 +0200|Jordan Epstein|Flink: Honor schema identifier fields in dynamic-sink record routing (#16243)
1a5b46cd02c7aea50524a36d57b5f3996a3ebacd|2026-05-28 16:27:57 +0200|SevenJ|Core: Cache PartitionData template in PartitionsTable to avoid rebuilding Avro schema per partition (#16208)
e25cfe72d0e9063b554d9dbcd23eb430b8a6fe46|2026-05-28 17:56:32 +0200|Jordan Epstein|Flink: Backport honor schema identifier fields in dynamic-sink record routing (#16597)
60d3fc01b95e51952d07bfd6228f5bc8c855de0b|2026-05-28 14:03:49 -0400|Sung Yun|Docs: Publish Iceberg security model (#16538)
0052942699cd7b5e098d54a958827a911d28ac94|2026-05-29 14:22:01 +0200|gaborkaszab|API, Core, Orc: Implement project() for partition statistics scan API (#16569)
8f28a86914d6beaf2615cdf5797da0acb72ea4d9|2026-05-29 07:36:05 -0700|Varun Lakhyani|extends compaction base class in sort compaction (#16593)
f6740364c46afb811fd57c8ca965555600f644bc|2026-05-30 12:30:21 -0700|Bharath Krishna|Core: Fix optionalOAuthParams dropped during non-exchange token refresh (#16022) (#16023)
f6d281122cf901baa8ea60a379eedb8fda2e4136|2026-05-30 15:35:58 -0700|Steven Zhen Wu|Core: Validate non-string elements in JsonUtil.getStringArray (#16586)
6a737004506176a902784ec30fc4d545c1ce6997|2026-05-30 15:37:46 -0700|Huaxin Gao|Spark: Deprecate SparkFilters in favor of SparkV2Filters (#16616)
05401437cd13c2e0789c0902eb2ce59effb02166|2026-05-30 22:52:02 -0700|dependabot[bot]|Build: Bump io.netty:netty-buffer from 4.2.13.Final to 4.2.14.Final (#16628)
fa9b3d58559a32494bc4942eef38cf1a6906d4f9|2026-05-30 22:53:50 -0700|dependabot[bot]|Build: Bump org.immutables:value from 2.12.1 to 2.12.2 (#16636)
d48629d790610568268e80bc1eec2e41afc5599d|2026-05-30 22:54:05 -0700|dependabot[bot]|Build: Bump github/codeql-action from 4.35.5 to 4.36.0 (#16635)
3b7b2d14dea0d82a8855a8ae591137c1c536938c|2026-05-31 08:41:20 -0700|dependabot[bot]|Build: Bump openapi-spec-validator from 0.8.5 to 0.9.0 (#16629)
dd4d889a1782df9c1a9d3092bacb7463b511e09a|2026-05-31 08:41:47 -0700|dependabot[bot]|Build: Bump actions/stale from 10.2.0 to 10.3.0 (#16630)
80adb7120909543b7ed03ea3e29fbbf0b2d10b5c|2026-05-31 08:41:59 -0700|dependabot[bot]|Build: Bump docker/build-push-action from 7.1.0 to 7.2.0 (#16631)
16566de39e061cc2b3dcc50f4b94e90e2d56c16b|2026-05-31 08:42:12 -0700|dependabot[bot]|Build: Bump docker/setup-buildx-action from 4.0.0 to 4.1.0 (#16632)
7522b02aaf42d51d4b12e211119d159c9dc03552|2026-05-31 08:42:28 -0700|dependabot[bot]|Build: Bump software.amazon.awssdk:bom from 2.44.7 to 2.44.12 (#16634)
67cbc1aeabbce52d618f8e3c6fc34747f6695a8d|2026-05-31 18:03:55 -0700|Yuya Ebihara|Build: Bump com.azure:azure-sdk-bom from 1.3.6 to 1.3.7 (#16637)
c11404cb49985a39a7caff0328c5f927a795154f|2026-06-01 14:03:02 +0200|lrsb|Flink: Fix duplicate commits in DynamicCommitter when Flink jobId changes on restart (#16011)
696b93d8d0cd01981ebf9871dbd3281bc57cc7a4|2026-06-01 17:25:44 +0200|Vova Kolmakov|Arrow: Fix truncation of decimals with precision larger than 18 (#16627)
785723853323db8395ffdc5a4c913857b2007c68|2026-06-01 09:26:46 -0700|lrsb|Flink: Backport DynamicCommitter jobId fix to v1.20 and v2.0 (#16648)
1172b10723b71f76d779b231e8cd57f3a3c66371|2026-06-01 11:49:53 -0700|Manu Zhang|Spark 4.1: Upgrade to Spark 4.1.2 (#16365)
687c58fc7ca80a595c39c64bfe9bace023fcd39d|2026-06-01 13:27:40 -0700|Alex Stephen|Core: v4 table metadata location should be optional (#16572)
b88addf85253951ab4898967b62eee287826f7c9|2026-06-01 14:54:49 -0600|Hongyue/Steve Zhang|Core: Support pluggable executor service for manifest writing on SnapshotUpdate (#16108)
26a57711d990c695915afb5ce14f00736325d547|2026-06-02 12:48:51 +0200|Vova Kolmakov|Parquet: Fix timestamp_ns and timestamptz_ns predicate pushdown (#16619)
f5349db39ea92cee9585f10fee0d5a91d858f22e|2026-06-02 13:26:58 -0600|Hao Jiang|Arrow: Fix vectorized reads of decimal columns with default values (#16501)
c958fcf6328d36c78d853acc1774c6c1a75e028e|2026-06-02 14:24:42 -0700|Neelesh Salian|iceberg go 0.6.0 release blog (#16649)
c6464040081ef6c578a59a08f9d668466486dd56|2026-06-03 11:29:41 -0700|Anoop Johnson|Core: Refactor v4 struct builders to improve validation (#16408)
c91025e13d6c5bdcf052957c892574929674cc79|2026-06-03 13:48:25 -0700|gaborkaszab|ORC: Remove ORC tests for partition statistics (#16676)
4b4c5b554c829d946d7152dbf70dcd987ff6a9ec|2026-06-03 15:27:13 -0700|Steven Zhen Wu|Infra: Update collaborators list (#16678)
5ec9bd09037caf5c221a1a4ab167f33d50ce6a4a|2026-06-04 09:20:47 -0700|Aihua Xu|Site: Add 1.11.0 release blog post (#16516)
44de9895e5c442e677d55588766fadf3be4b17e0|2026-06-04 15:04:09 -0700|Steven Zhen Wu|API, Core: Add CatalogObjectIdentifier (#16160)
c00669fde813cac7e9d474c1a2c38fa8e4f75a95|2026-06-04 19:52:22 -0700|drexler-sky|API, Spark 4.1: Add ignore_missing_files to migrate procedure (#16643)
719776595988a0444a90a60a09fdb0d42ab5d7c1|2026-06-05 12:41:52 +0200|GuoYu|Data: Add TCK for Writer builder in FileFormat API (#16575)
bead8dfab3249cbc6ba7713e862ff2698fd2122c|2026-06-05 09:42:28 -0700|drexler-sky|Spark 3.5, 4.0: Add ignore_missing_files to migrate procedure (#16684)
9bbde2536a7da5ddbeed7561eb275087350a5f18|2026-06-05 16:41:32 -0700|Vladislav Sidorovich|GCS, S3, ADLS: Handle EOF in inputStreams (#16055)
4918866c08787521b131920ae94c76106afc24d5|2026-06-05 16:48:16 -0700|Jiwon Park|Spark 4.1: Bind parameters in IcebergSparkSqlExtensionsParser (#16626)
4057f59dbee6878b3986f7cc39b1f30a59ee9ee3|2026-06-05 16:56:12 -0700|sanshi|Spark: Fix time-travel filter on renamed columns in distributed planning mode (#16523)
95540ca160b99aef8ad6fd2e8d613f2cde3ee897|2026-06-06 18:01:11 -0700|Huaxin Gao|REST spec: add list/load function endpoints to OpenAPI spec (#15180)
13182abb185220787d2ce13dd9ea025905f83800|2026-06-06 18:14:39 -0700|Yujiang Zhong|Core: Skip unnecessary manifest scans during expire snapshots metadata cleanup (#16691)
e829aaf8e254b4a2fd85f693f86d40566965473e|2026-06-06 21:58:50 -0700|Neelesh Salian|Parquet: Add opt-in uncompressed row group size tracking (#16327)
44ecffa67d45cc9ac5c340e1014d199c60595b99|2026-06-07 09:40:44 -0700|dependabot[bot]|Build: Bump jackson-bom from 2.21.3 to 2.21.4 (#16702)
e8741716a39306c91b4580c640da61cbcc84dd54|2026-06-07 09:41:01 -0700|dependabot[bot]|Build: Bump nessie from 0.107.5 to 0.107.6 (#16703)
0b042cf8b5a1391a02e471725dc58f3592304465|2026-06-07 09:41:21 -0700|dependabot[bot]|Build: Bump docker/setup-qemu-action from 4.0.0 to 4.1.0 (#16704)
e94cfba4af8799a8bc84d041fe884dc5c0605853|2026-06-07 09:41:40 -0700|dependabot[bot]|Build: Bump com.gradleup.shadow:shadow-gradle-plugin (#16705)
457854fb3d05887c7bd263703cb99bcd97c13429|2026-06-07 09:42:30 -0700|dependabot[bot]|Build: Bump com.diffplug.spotless:spotless-plugin-gradle (#16706)
34e812e18a2522b4fbf612551cd6e2e6865a2270|2026-06-08 13:31:16 +0200|gaborkaszab|API, Core: Implement filter() for partition statistics scan API (#16582)
1625f6b800a6f00cf074c453e25e139d455a5e5f|2026-06-08 13:34:54 +0200|cenotee|Docs: Add Dataddo to the vendor list (#16443)
d3bb5c9a840b1be2013f6b40f01561a0b3e028e4|2026-06-08 13:50:19 +0200|Alex Stephen|Data: Add comprehensive data type tests to Format Model TCK (#15795)
48727c9072a017f582045c429cfe861bae0c0537|2026-06-08 13:57:36 +0200|Vova Kolmakov|Parquet: Pre-size row-group filter maps to the column count (#16723)
d68124d9860497d41a1c99aa4ebec124d849ce04|2026-06-08 10:03:36 -0700|Yuya Ebihara|Docs: Add Apache Iceberg Summit 2026 Playlist (#16712)
d2de290441b0dbaab7cb00e14cd446be6ef47120|2026-06-08 14:12:53 -0700|Eduard Tudenhoefner|Core: Align content stats fields with latest Spec changes (#16439)
e7e6256a4cb58ccba6afdc6a44e62b7b11e61938|2026-06-08 22:42:18 -0600|Amogh Jahagirdar|Spark: Fix first row ID carry over for manifest rewrite (#16699)
ae6ce1965d5f0831de10a55c5abeceb125c69ef4|2026-06-08 22:46:48 -0600|Manu Zhang|Core: Preserve DV encryption metadata in merges (#15911)
6dca97059d3f87b2af76ac14ce1224aefd469d6d|2026-06-09 11:01:20 +0200|Eduard Tudenhoefner|Core: Adjust calculations for reserved field IDs (#16441)
4125f26d14c35db93480b825c020426ea9da2901|2026-06-09 12:29:38 +0200|Chase Zhang|Flink: implement wakeup method to fix thread/memory leak (#16545)
56cae82545f6968361a064985d433e24530ebcf9|2026-06-09 09:29:16 -0700|drexler-sky|API, Spark 4.1: Add ignore_missing_files to snapshot procedure (#16710)
ca53688270fa4f23bf23ca6676b4f9cb13d025b3|2026-06-09 18:29:30 +0200|Vova Kolmakov|Parquet: Avoid intermediate BigInteger in int and long decimal readers (#16722)
b299ebdab02a1e14c4f7798d2a3542588d47b798|2026-06-09 14:43:50 -0700|Ryan Blue|Mumbling: Add draft Mumbling Bitmap spec (#16518)
8d0aab70028a83f96e5034a4804e18d8c51b96a7|2026-06-09 18:42:00 -0700|Neelesh Salian|Build: Bump Netty pin to 4.2.15.Final (#16749)
491fc36ad439d8eb31a5cd0cb043bec4e25d3b0c|2026-06-10 15:02:28 +0200|Joy Haldar|Data: Add TCK coverage for reader default values (#16638)
0440aa6837337a8109b892d81b27d42cf75348c9|2026-06-10 16:26:37 +0200|Chase Zhang|Flink: Backport implement wakeup method to fix thread/memory leak (#16745)
9cc46bb5411d4530a2e10912e7ea2d9c0411e09a|2026-06-10 18:17:56 -0600|Steven Zhen Wu|Docs: Add Javadoc guidance to AGENTS.md (#16764)
d7d3bd5c3788b882f52fa79c44cf09a11459deab|2026-06-11 08:47:50 +0200|Fei Wang|Core: Fix RESTMetricsReporter.report() blocking the calling thread (#16695)
b471a1a0b18fd9d9e7007d0effb111b4bf0f2754|2026-06-11 16:12:20 +0200|jackylee|Flink: Validate missing watermark column in column stats watermark extractor (#16774)
48b4f2addd3110c4d234ce9c12b4f0d114f543f0|2026-06-11 09:38:39 -0700|drexler-sky|Spark 3.5, 4.0: Add ignore_missing_files to snapshot procedure (#16754)
fe91c9e3695c872096f67bed6d3e2af17a554972|2026-06-11 09:39:33 -0700|Cheng Pan|Docs: Clarify Spark `spark.sql.adaptive.advisoryPartitionSizeInBytes` (#16721)
dedb08e645a5337bb938dfcc2571add4521445c1|2026-06-11 13:48:45 -0600|Ryan Blue|API, Core: Reuse VariantUtil methods through ByteBuffers (#16748)
cc7fec9f28c68aa182090ca71953f0674cc45a5d|2026-06-11 14:27:11 -0700|Anoop Johnson|Core: Add EntryStatus.MODIFIED and TrackingBuilder status derivation (#16689)
9c57bb543567ce9b97aab13f21d927df2bbdac82|2026-06-11 14:34:32 -0700|Anoop Johnson|Core: Add adapters from TrackedFile to DataFile, DeleteFile (#16100)
8ec055340e0c886f286927bc5467d049995bd840|2026-06-11 16:45:14 -0700|Xin Huang|API: Single-value binary serialization for geometry and geography (#16607)
2a21bbc805d300aef7b7fb0c53713e537e0b0263|2026-06-11 19:40:37 -0700|Manu Zhang|Spark 4.0: Upgrade to Spark 4.0.3 (#16717)
40d3e653f18a0460ffe6f35c69d6e641cdfeecd5|2026-06-11 23:02:14 -0700|Vova Kolmakov|CI: Retry Trivy scanner image pull to absorb transient Docker Hub timeouts (#16660)
20cba0dfc05019c7235257c5da556cd259df0382|2026-06-12 10:54:02 -0500|Felix Schneider|Spark 3.5: Add  Spark REST_CATALOG_PURGE property to delegate DROP TABLE PURGE to REST catalogs (#15614)
0c9a23e38fbc416469acfc157d7e4d10ac250c9f|2026-06-12 10:01:06 -0700|Huaxin Gao|Build: Bump datamodel-code-generator from 0.57.0 to 0.59.0 (#16708)
70b90330582e4023a097330620a3e63746b2375b|2026-06-12 10:01:58 -0700|Huaxin Gao|Build: Bump software.amazon.awssdk:bom from 2.44.12 to 2.45.1 (#16709)
40a532bdbc244b27d771ae21cad9e09c0ca089d8|2026-06-12 17:15:10 -0700|Andrei Tserakhau|Spec: clarify Avro encoding for day partition transform in manifests (#16446)
51ee2cc0d993fe58de21b76613f350da97e9d3ef|2026-06-12 20:29:33 -0700|Rahul Shivu Mahadev|Core: Disallow setting main branch ref to a tag (#16753)
bc8bf0988b6301a403a9b448f178bb18574bfc0f|2026-06-13 21:46:20 -0700|dependabot[bot]|Build: Bump astral-sh/setup-uv from 8.1.0 to 8.2.0 (#16803)
ffb7d24f6f4e5fa06aeccc06c7590af1d206455c|2026-06-13 21:47:09 -0700|Vova Kolmakov|Data: Skip equality-delete filter when there are no equality deletes (#16742)
45e08836c12a00ec8c4f7d6a32f6489f7574e6d8|2026-06-14 00:06:19 -0700|dependabot[bot]|Build: Bump jetty from 12.1.9 to 12.1.10 (#16813)
df8dc25e6ab192b3cd662ebe3d6200c398f8bc5d|2026-06-14 00:06:35 -0700|dependabot[bot]|Build: Bump github/codeql-action from 4.36.0 to 4.36.2 (#16812)
15118b4c13b7dc35e99137fa1bb3a441a946cf71|2026-06-14 00:06:50 -0700|dependabot[bot]|Build: Bump org.xerial:sqlite-jdbc from 3.53.1.0 to 3.53.2.0 (#16811)
d48d871c2220ba04d0e6446f3863e5330f529d1a|2026-06-14 00:07:17 -0700|dependabot[bot]|Build: Bump calcite from 1.41.0 to 1.42.0 (#16809)
abacb72edde06bf949dbbfbe80d90b2861006679|2026-06-14 00:07:41 -0700|dependabot[bot]|Build: Bump nessie from 0.107.6 to 0.107.9 (#16807)
7c777f71d88d633ae838c0ef8165905291fcfaac|2026-06-14 00:07:59 -0700|dependabot[bot]|Build: Bump actions/checkout from 6.0.2 to 6.0.3 (#16806)
00905ae0c87d53afa027d091e6fbc4bd3cb61e4d|2026-06-14 00:08:29 -0700|dependabot[bot]|Build: Bump datamodel-code-generator from 0.59.0 to 0.60.0 (#16805)
1f985f44e4f2f920088ec3ec90235b52f341379f|2026-06-14 00:08:46 -0700|dependabot[bot]|Build: Bump com.fasterxml.jackson.core:jackson-annotations (#16804)
ba7413b5038d7e0d5f017f0cdf68e5a7c1fd8a38|2026-06-14 00:09:15 -0700|dependabot[bot]|Build: Bump com.aliyun:tea from 1.4.1 to 1.4.2 (#16802)
624f14c35e5e4106db6cb4df5424b7db5f950a0b|2026-06-14 08:53:52 -0700|Yuya Ebihara|Build: Bump com.google.cloud.gcs.analytics:gcs-analytics-core (#16814)
ded7266156aafcea295db23209abd7f3ab8e6f21|2026-06-14 08:56:30 -0700|Yuya Ebihara|Build: Bump jackson-bom from 2.21.4 to 2.22.0 (#16815)
ce4d7d8973cbe57306ef4927fbafa6ca53b5982c|2026-06-14 09:12:23 -0700|Yuya Ebihara|Build: Bump software.amazon.awssdk:bom from 2.45.1 to 2.46.5 (#16816)
12b7f7de01511c3e008545903269a88548afa050|2026-06-15 11:06:52 +0800|Junwang Zhao|Docs: add blog post for C++ 0.3.0 release (#16817)
6ee0a3be308037e280ff17172a5bbd67a2a4131a|2026-06-15 12:00:04 +0200|Yuya Ebihara|Docs: Add guidelines for tests (#16784)
2f244c0bc597f64e283452b3378894e35370ffbd|2026-06-15 09:38:42 -0700|Sebastian Baunsgaard|Spark: Cap RandomData collection size to speed up nested tests (#16696)
f5b206167d2ff174cd38f2ec21c5336d333b6fb1|2026-06-15 20:41:50 -0700|Hongyue/Steve Zhang|Core: extract parallel manifest write logic out of SnapshotProducer (#16730)
69063fb162e835c3dc1ff7bbcf5526029771c6d0|2026-06-16 13:51:39 +0200|Sebastian Baunsgaard|Spark: Reduce TestSparkDataFile row count to speed up partitioned cases (#16821)
85ffa1984e115e80ba1571f3eb017fcf0ba39031|2026-06-16 14:00:47 -0700|Neelesh Salian|Parquet: Variant shredding follow-ups from PR #14297 (#16818)
bfa2e48675d8126b208abec128121374c8b80803|2026-06-16 16:43:08 -0700|Maximilian Michels|Flink: Add data model and key serialization for equality delete conversion (#16831)
154fc84e05467706ea6b4ed79d93473e88d2ad97|2026-06-17 11:50:56 +0200|Manu Zhang|Spark: Return session catalog views (#16845)
e5151f35a09e05fcbc846fb6f1f76627b8313740|2026-06-17 18:45:42 +0200|Sebastian Baunsgaard|Spark: Spark tests cache rewrite input (#16740)
f1d8c9bc6495553e9d3f2c8b779e309a5c634413|2026-06-17 10:02:45 -0700|Maximilian Michels|Flink: Backport: Add data model and key serialization for equality delete conversion (#16831) (#16842)
9d9937397e40ac060ca4037e2028354eaf707870|2026-06-17 10:17:51 -0700|Kevin Liu|CI: Limit CVE scan runs to relevant changes (#16513)
bbf57bc77d2507f1fc4ac7fb7f8c5f6b8c8b3829|2026-06-17 10:40:37 -0700|GuoYu|Data: Improve format model test coverage and diagnostics (#16832)
de4f1ab1a4e2a41dc0543ed67211186989a2c1e0|2026-06-17 19:48:16 +0200|Anupam Yadav|Kafka Connect: Add metric for partial commit failures (#16433)
a165b1c1551dcdb215fb10a610f7d29edfa25df3|2026-06-17 19:49:30 +0200|Henry Haiying Cai|Kafka Connect: Make CommitState.isCommitReady() O(1) (#16453)
ccfec2b771c31ad7b9bd893fb3dc9630c3cf982f|2026-06-17 13:20:45 -0700|Maximilian Michels|Flink: Add equality delete conversion operators (#16844)
2f1e3d0dec85f79ac020911ff0b114a3f297e52b|2026-06-17 15:34:32 -0700|Rahul Shivu Mahadev|Core: Cache manifest list files in manifest content cache (#16762)
829e29afe54cb43b5b315d0d13e27b5a9f40f524|2026-06-17 20:10:57 -0700|Kevin Liu|docs: add a "AI-Generated PR Disclosure" section to AGENTS.md (#15758)
8924046f7ac5326e454d1cd48a6b30a6d16ba196|2026-06-17 22:09:59 -0600|gaborkaszab|Core: Add writer_format_version field to TrackedFile (#16688)
54ea9a04d287f21bca16c5a1d40bb20e332bd864|2026-06-18 17:25:56 +0200|Vova Kolmakov|Kafka Connect: Pre-size collections in RecordConverter list/map conversion (#16657)
04728636df3b12692f445427ba0f8da6c7f74e92|2026-06-18 14:54:00 -0700|Maximilian Michels|Flink: Backport: Add equality delete conversion operators (#16844) (#16857)
a3a755897fc43029adeea92f1bdb645903852ac1|2026-06-18 19:52:43 -0700|Maximilian Michels|Flink: Add equality delete conversion DV resolution and writing (#16858)
0ddbeead67275dc785ec2a905f14eb8847d75f98|2026-06-19 07:11:01 +0200|Mateus Aubin|Core, AWS, GCP, Dell, Hive: Fix FileIO leaks and standardize close() across Catalog implementations (#16862)
e07782e3cc0781a2d32b7572e9c2bab922e67b9e|2026-06-19 08:59:32 +0200|Alex Sorokoumov|Core: Parquet per column dictionary encoding (#16713)
40175bf63abe132387367b08122d1a79cc13916c|2026-06-19 05:53:18 -0700|Fezinvirtual|Build: Remove duplicate jackson.databind declaration (#16879)
722a0735c0e7f0b8bb3bbe0245c6604ca9b773a9|2026-06-19 08:24:02 -0700|Maximilian Michels|Flink: Backport: Add equality delete conversion DV resolution and writing (#16858) (#16869)
41c8ee43b46017843b304241d250737fd10837af|2026-06-19 10:44:02 -0700|Kevin Liu|Docs: Clarify geography type serialization (#16799)
8d1f973ba9717c51070a0b7c2cec76af7660576a|2026-06-19 22:45:17 -0700|Maximilian Michels|Flink: Add equality delete conversion committer (#16874)
2a2d5c0a6230a1df08bbca8dc5c93d53122081fd|2026-06-20 11:19:25 -0700|Maximilian Michels|Flink: Backport: Add equality delete conversion committer (#16874) (#16888)
9bf1b25159c8ae03fea2bda67c22b13d7e4e6c27|2026-06-20 13:15:02 -0700|Eunbin Son|Aliyun: Pass known file length through OSSFileIO.newInputFile (#16870)
56b1e19707913609a4596f9eb8cd03b7519e3ad1|2026-06-20 13:27:26 -0700|Neelesh Salian|Parquet: Fix variant metrics crash when value column has no stats (#16585)
55e025f0cc32df2658105f1714dad334cb1ad215|2026-06-21 00:05:30 -0700|dependabot[bot]|Build: Bump com.google.cloud.gcs.analytics:gcs-analytics-core (#16904)
e4d49808f89c70f003ab91b6677c70f956e3ccf2|2026-06-21 00:05:54 -0700|dependabot[bot]|Build: Bump org.openapitools:openapi-generator-gradle-plugin (#16903)
d0a05b0f8228ef2fdcf8e5caf6bf682e5ddad613|2026-06-21 00:06:15 -0700|dependabot[bot]|Build: Bump io.grpc:grpc-netty-shaded from 1.81.0 to 1.82.0 (#16902)
926368f15be78fe16b12f7ab553797a0926aa07e|2026-06-21 00:06:38 -0700|dependabot[bot]|Build: Bump software.amazon.awssdk:bom from 2.46.5 to 2.46.10 (#16901)
ebcb902f58f4fd00a541e668cbbba416cc1ba030|2026-06-21 00:06:59 -0700|dependabot[bot]|Build: Bump com.google.errorprone:error_prone_annotations (#16900)
72c226afe97f598d3277ece6351ef794835a6b80|2026-06-21 00:07:20 -0700|dependabot[bot]|Build: Bump gradle/actions from 5.0.2 to 6.2.0 (#16899)
afedbb1d1786e48606b54c62c100a922222ac5d8|2026-06-21 00:08:09 -0700|dependabot[bot]|Build: Bump nessie from 0.107.9 to 0.108.0 (#16897)
d5c86d6164404ef758f3fc174f8d3afe5bef1697|2026-06-21 00:08:34 -0700|dependabot[bot]|Build: Bump pymarkdownlnt from 0.9.37 to 0.9.38 (#16895)
b0977bbfcbbdfec17711acdfe0c14921d50d2f41|2026-06-21 10:26:23 -0700|Yuya Ebihara|Build: Bump datamodel-code-generator from 0.60.0 to 0.63.0 (#16907)
0b30919372df34afb632f037df88c05cdba0b134|2026-06-21 11:09:59 -0700|Manu Zhang|Docs: Clarify test method naming guidance (#16866)
fa072cc6b7ca3ead3e4ef7e09bd01d00c2988c88|2026-06-22 10:48:20 +0200|Eunbin Son|Spark 4.1: Throw on unsupported complex types in SparkValueConverter (#16924)
fb6bb97e393b8af692973e3a1268cccf6ae2c5c2|2026-06-22 15:23:27 +0200|Yuya Ebihara|Spark 3.5, 4.0: Throw on unsupported complex types in SparkValueConverter (#16925)
902ed1b80d3cc24733fc72544578c58ca0ffe9c6|2026-06-22 09:23:51 -0600|Andrei Tserakhau|Revert "Spark: Spark tests cache rewrite input (#16740)" (#16912)
02631cdaecd90ef840da12017c60981469a34b8a|2026-06-22 13:53:22 -0700|Manu Zhang|CI: Check ASF action allowlist on every PR (#16926)
ac874e80bd5f411b60578d51fcb9861e2f6d45ce|2026-06-23 00:13:29 +0200|Thomas Thornton|Kafka Connect: evolve table schema when record schema is updated but value is null (#16826)
7c13104c8c20323c895aeb33fe5ca1f3b127889f|2026-06-22 15:17:15 -0700|gaborkaszab|Core: Introduce builder for TrackedFile (#16769)
ef07755dd32b59e62346e8599753f75076e57151|2026-06-23 17:28:38 +0200|Eunbin Son|ORC: Fix lower/upper bounds for timestamp_ns columns in OrcMetrics (#16922)
d7612ae7b776ae55fb28a0852a3777317ca7dfba|2026-06-23 18:10:20 +0200|GuoYu|Data: Add TCK for Encrypt in FileFormat API (#16724)
df6ea0820030d217d5f645469419cdbb3f54a41f|2026-06-23 18:24:38 +0200|Aleksandr Efimov|Data: Add metrics reporter to generic scan builder (#16664)
f07b404b060d2bdf06799161de6c12aa43235e11|2026-06-23 17:01:21 -0700|Xin Huang|Parquet: Skip geo footer bounds (#16850)
47148f380eaf3e806ec0cc628b9661a8f57a8fc3|2026-06-23 17:43:42 -0700|Wyatt H|AWS: Handle duplicate column names in IcebergToGlueConverter comment map (#16853)
6bef83a6bc24a2ba4af12329395d5162162c1df5|2026-06-23 21:49:30 -0700|Maximilian Michels|Flink: Add equality delete conversion planner (#16889)
aa4abedd2573b9fec5567213195ce208bd91609e|2026-06-23 22:12:45 -0700|Yuya Ebihara|Build: Bump com.google.cloud:libraries-bom from 26.83.0 to 26.84.0 (#16906)
534c3fd9427b7037b5fa683d51b4dd5fc255c472|2026-06-24 08:54:00 +0200|Neelesh Salian|Core: Migrate switch statements to switch expressions (#16881)
0474d660bf5594a7f87e4e8745f56c83a985ad03|2026-06-24 13:12:24 +0200|Yujiang Zhong|Flink: Fix file offset mismatch in DataIterator.seek() when files are skipped (#16929)
729aead0f6b92f7432abfb5af1e2ad51de3d829a|2026-06-24 13:49:25 +0200|Vova Kolmakov|ORC: Remove unused conf field from OrcFileAppender (#16345)
d5c427b93b5713a7650c793cc393d3d4c932f10f|2026-06-24 08:21:01 -0700|Maximilian Michels|Flink: Backport: Add equality delete conversion planner (#16889) (#16944)
6174dfa1e1825601384874d5a693b9219cf459e6|2026-06-24 10:22:26 -0700|Eduard Tudenhoefner|Revert "Core: Migrate switch statements to switch expressions (#16881)" (#16953)
1ba42d46eb868dfd2f5a12ad4caee0ea8f0606a0|2026-06-24 14:40:46 -0700|Thomas Powell|Remove encryption key from keysById first to avoid removeIf (#16860)
d3daeef03146d817bbd763e9ea330293722ac88a|2026-06-25 00:46:28 +0200|Eduard Tudenhoefner|Build: Align Jackson versions to fix CVE (#16954)
2a6c556c0c883c04c6d3fbd68e6aeda36b91e0aa|2026-06-24 16:26:58 -0700|gaborkaszab|Core: Rename TrackedFile writer_format_version to format_version (#16952)
b27930e1827b7ff00d76b36c2037ac93d2bb3bed|2026-06-24 22:06:30 -0700|Swapna Marru|Flink: SQL: Pass only white-listed Catalog properties for Table LIKE  (#16728)
3c604fb6073d1c11095f0a6708c8dca5731430aa|2026-06-25 10:24:34 +0200|Thomas Thornton|Kafka Connect: Fix avro schema conversion for UUID (#16828)
33bd1019a3544ad005979c64b73ee0a8da2d50e4|2026-06-25 13:27:38 +0200|Robin Moffatt|Flink: Improve error message for unsupported table kinds in createTable (#16079)
d1f789e517cd93589968325e60fab86306982cce|2026-06-25 14:09:01 +0200|Yujiang Zhong|Flink: Backport fix file offset mismatch in DataIterator.seek() when files are skipped (#16950)
b99389ba82cd573e17683818e00b6b052a5ef345|2026-06-25 15:34:52 +0200|gaborkaszab|Core: Set scan planning mode when initializing client (#15903)
6c5f9f242750fe2cade46e5dbd1a90d011741ea6|2026-06-25 13:43:41 -0700|Maximilian Michels|Flink: Add equality delete conversion API and integration tests (#16948)
cfebc8ed16fcdee7a28ad92635adbb744b0258bc|2026-06-25 13:46:20 -0700|Robin Moffatt|Flink: Backport improved createTable error message to 1.20 and 2.0 (#16959)
66150ef442be414c9580fc1c73962f1f9719d441|2026-06-26 07:36:29 +0200|Swapna Marru|Flink: Backport Pass only white-listed Catalog properties to 1.20,2.0 (#16966)
7269fc1750b13d3f871b5e051fe670bb19fbe870|2026-06-26 07:58:46 +0200|Maximilian Michels|Flink: Backport: Add equality delete conversion API and integration tests (#16969)
4af3ebee5d12a964a9c19721cc5ffebc219a44fc|2026-06-26 13:05:18 -0700|Sejal Gupta|Build: Support toggling log levels in iceberg-rest-fixture Docker image (#16725)
8e46f49123f81fc5d8c87dbbdaa6eb5ea103cb86|2026-06-26 16:43:56 -0700|Xin Huang|API, Parquet: Map geometry and geography to Parquet logical types (#16765)
874e4096e5d16fddbbf43b91f20e248616232cc3|2026-06-27 14:50:32 -0600|Matt Butrovich|Core, Spark: Ensure correct delete file sizes in rewrite table action (#15470)
9ca2a4b024e9cb060eab31aba62c57933bc558f4|2026-06-27 21:27:48 -0700|Maximilian Michels|Flink: Fix monitor source rate limit for sub-second intervals (#16979)
ff1108756294f886863b149125508de79d93c251|2026-06-27 22:07:27 -0700|dependabot[bot]|Build: Bump org.codehaus.jettison:jettison from 1.5.5 to 1.5.6 (#16988)
45975ec1555b0365e4f2f6bdffa948ff2441711a|2026-06-27 23:48:30 -0700|dependabot[bot]|Build: Bump actions/checkout from 6.0.3 to 7.0.0 (#16986)
ce92c469bd38616f3ae1bb4cf4311d9c662c4ca4|2026-06-27 23:48:47 -0700|dependabot[bot]|Build: Bump actions/setup-java from 5.2.0 to 5.3.0 (#16991)
839b22647ce5aa08e27220bbe85cde1292129fea|2026-06-27 23:49:07 -0700|dependabot[bot]|Build: Bump com.diffplug.spotless:spotless-plugin-gradle (#16990)
958864156d92e56d93b8cde45e21364c05d1ee30|2026-06-28 08:24:30 -0700|Maximilian Michels|Flink: Backport: Fix monitor source rate limit for sub-second intervals (#16979) (#16992)
2dbe96bb41bd5a1087220e8a1136e7cfe708bf38|2026-06-29 09:51:24 -0700|drexler-sky|Build: Bump datamodel-code-generator from 0.63.0 to 0.64.1 (#16993)
535d032e964d4c2297a91823fb2964b3aa97cc0a|2026-06-29 09:51:47 -0700|dependabot[bot]|Build: Bump software.amazon.awssdk:bom from 2.46.10 to 2.46.15 (#16989)
a2fb64bff8ea2c299d56f81d666778bf4365fdac|2026-06-29 14:24:00 -0700|Ryan Blue|Spec: Add spec for expressions (#16652)
8c1ee9d9df4184a7889f85f6a9e1f82f959e0eaf|2026-06-29 18:43:57 -0700|Szehon Ho|Core, Spark: Migrate Spark table properties to Spark module (#15875)
be27af46df4316b41787a62382c5aa330a173c1e|2026-06-30 13:28:42 -0700|Alexandre Dutra|REST: Fix schema of data-access object in REST spec (#16594)
c9e61fa55da1b2f47d94a1988b4a5a358248e8c9|2026-07-01 08:22:22 -0700|Kevin Liu|CVE Scan: Test PR failure reporting UI (#16962)
f1ed57c1776b7f6cc96e0d434aa6dbdea6407348|2026-07-01 11:22:50 -0700|Manu Zhang|Core: Include row lineage and key-id in snapshot value methods (#17015)
e4074709c509bf41bf2b4a112773786105707765|2026-07-01 12:06:05 -0700|Ryan Blue|API: Add indexStatsNames to create field names for content stats (#17010)
41113b1f691d34a7b62c933e2303836c029f2142|2026-07-01 13:08:13 -0700|gaborkaszab|Core: Remove unused TestTrackedFileStruct.CONTENT_STATS_ORDINAL (#17031)
d6aa0bf5c244cf6934eaa1820f1a88d099610f7b|2026-07-01 15:22:22 -0700|Szehon Ho|Spec: Add optional specific-name to UDF definition model (#16727)
da8ff447a23447733ea6231625cc4d468245b090|2026-07-01 23:51:42 -0700|Vova Kolmakov|Docs: Document nightly snapshots (#16544)
744e811036c87727b41aa211fab9010bab48721f|2026-07-02 17:36:18 -0700|Xin Huang|Parquet: Read and write geometry and geography WKB values (#16982)
035fc1e405d8902b272f4c5af42a24919d2ea625|2026-07-02 17:37:38 -0700|Xin Huang|Spark 4.1: Map geo Spark types (#16851)
49b89a8c59d7d88290c6e925f41b65fa9fc99a88|2026-07-02 23:33:17 -0700|Maximilian Michels|Flink: Hold back equality delete converter watermark until completion (#17038)
11706a286bc94f852aa6046d2d1ec6c3b85039a5|2026-07-03 12:13:24 +0200|Maximilian Michels|Flink: Backport: Hold back equality delete converter watermark until completion (#17038) (#17067)
3038fde68307bb5bc95de256670cb0b38ed6de71|2026-07-03 08:27:28 -0600|Zehua Zou|Core: Fix thread-unsafe duplicate delete handling in ManifestFilterManager (#16686)
c3bc6a46836ea0eda547846fbe8dad2033869d18|2026-07-05 00:29:30 -0700|dependabot[bot]|Build: Bump software.amazon.awssdk:bom from 2.46.15 to 2.46.17 (#17099)
f459f653559f16c8dd0a6187df64c3f858a3f1db|2026-07-05 00:29:41 -0700|dependabot[bot]|Build: Bump io.grpc:grpc-netty-shaded from 1.82.0 to 1.82.1 (#17103)
f636995eb1cb22a34b8a4c83d05e4ce7ee905496|2026-07-05 00:29:59 -0700|dependabot[bot]|Build: Bump nessie from 0.108.0 to 0.108.1 (#17101)
05c5d77fde4117a6b9474b4d1191a3bf4e6a6145|2026-07-06 08:44:57 +0200|Yuya Ebihara|Core: Extend org.apache.iceberg.hadoop.Configurable in HadoopConfigurable (#16736)
68aa4294ef080755db8f430652b50bbd6efcc2f0|2026-07-06 10:21:32 +0200|dependabot[bot]|Build: Bump actions/setup-java from 5.3.0 to 5.4.0 (#17104)
303a538b242256f5703c1b99701b503d5e8869d8|2026-07-06 10:21:53 +0200|dependabot[bot]|Build: Bump actions/setup-python from 6.2.0 to 6.3.0 (#17105)
0f485542bddec25fde19c8e83da409d6ab0d76fd|2026-07-06 10:29:19 +0200|dependabot[bot]|Build: Bump datamodel-code-generator from 0.64.1 to 0.66.0 (#17100)
2d3f5c24e0697b361fe95362d8ee13b915e98048|2026-07-06 11:21:58 +0200|Eduard Tudenhoefner|Core: Handle ExceptionInInitializerError & NoClassDefFoundError invoke-time failures in DynMethods callers (#16611)
04a35e412d2f37bb03e0cc68d56111be5d8dbb5b|2026-07-06 09:18:36 -0700|Yuya Ebihara|Build: Bump com.google.cloud.gcs.analytics:gcs-analytics-core (#17108)
79bae78cba314ecf29cb2c2bf7b7016503e6c919|2026-07-06 20:20:47 +0200|Eunbin Son|Docs: Fix reversed Flink binary/varbinary to Iceberg type mapping (#17090)
d303514b4a9e90e62ffe136dcea3eed624eab288|2026-07-06 20:21:12 +0200|Eunbin Son|ORC: Fix garbled exception message for invalid timestamp unit attribute (#17098)
34b03b7710a116a7ffc14b2e68aad1b8ee484d1f|2026-07-07 11:08:49 +0200|Maximilian Michels|Flink: Resolve unpartitioned equality deletes across all partitions (#17018)
773907d28b46f984698bb85b52b3de47053063cd|2026-07-07 12:32:18 -0700|Ryan Blue|Core: Add id tracking to MetricsConfig (#17022)
2780b917ea82c509d1fd817e536b70e7a21dc12c|2026-07-07 13:07:34 -0700|Amogh Jahagirdar|Core: Cleanup some of the TrackedFile tests (#17035)
1d64a7c9109cc03a3b445403be526fb59f59e2ed|2026-07-07 13:59:21 -0700|Maximilian Michels|Flink: Backport: Resolve unpartitioned equality deletes across all partitions (#17018) (#17129)
3cd56a70623e4fb5856b7ec58b4698febbaae5df|2026-07-07 22:34:19 -0700|Xiaoxuan|Parquet: Fix variant shredding of large decimals (precision > 18) (#17002)
9bb14af0e3018170ce3ca2d88a3f8d980f44dbc8|2026-07-08 08:55:56 -0700|Ryan Blue|Parquet: Refactor ParquetMetrics to produce field stats (#17116)
2a0f392051b85a4cd47b81a2c9356ea9b6c1d678|2026-07-08 08:57:08 -0700|Kevin Liu|Docs: Clarify AGENTS comment guidance (#16998)
34efd94f1cdad761cbbd56d692c48c65856afcfb|2026-07-08 09:00:36 -0700|gaborkaszab|Core: Make partition field in TrackedFile optional (#17000)
d7c07d56f7513fa48b7e03cdb2232b0ab210bd87|2026-07-08 09:21:51 -0700|Ajantha Bhat|CI: Use one Java version for PR checks (#16945)
20bf72be73e9b4aa1dec30913e891fe8adabd8c5|2026-07-08 11:13:53 -0700|gaborkaszab|Core: Clean up TrackingStruct tests (#17041)
30d137e441e08f475d2cf82b5909489cb362de89|2026-07-08 16:57:07 -0700|Xin Huang|Spark 4.1: Read and write geometry and geography values in Parquet (#17073)
dd35b7840edefdcbcb5a1fce14702cdafe76967b|2026-07-08 17:38:05 -0700|Xin Huang|Core: Test geometry and geography metrics keep counts without bounds (#17131)
a71f95023184b39f41e643dc5eeb006c554b5428|2026-07-09 09:04:46 +0200|GuoYu|Docs: Add doc for flink table maintenance ConvertEqualityDeletes (#17113)
30f87adc15408f798dfe3f087a6a74f0f69321ab|2026-07-09 10:53:23 +0200|pvary|Revert "Core: Test geometry and geography metrics keep counts without bounds (#17131)" (#17141)
5f154712f799a0b24d4d2dac8d889de67aefa051|2026-07-09 10:42:43 -0600|Gang Wu|Core, Spark: Fix row lineage last updated sequence inheritance (#17039)
d41101270ed4f8738c0769e05e37f5126972ab33|2026-07-09 14:20:37 -0700|Gabriel Baldez|AWS: Use assumed-role credentials for REST SigV4 signing (#16794)
f5770491d63d319f2c4d3308ac163415bb2a38ef|2026-07-10 15:12:21 +0200|Maximilian Michels|Flink: Integrate ConvertEqualityDeletes with IcebergSink (#17142)
f07ac96a25b19c56a03c41fd460fa3dfe8e43cc6|2026-07-10 15:56:51 +0200|Adam Szita|Fix catalog properties links after docs refactor of #15848 (#17153)
9ddc391c1ac863e94be6520be5adc63ccdc19eb9|2026-07-10 15:46:28 -0700|Maximilian Michels|Flink: Backport: Integrate ConvertEqualityDeletes with IcebergSink (#17142) (#17156)
d99b0eefab6a9459e65a77448de914c61a89fadd|2026-07-10 23:53:21 -0700|Xin Huang|Core: Test geometry and geography metrics keep counts without bounds (#17147)
c6fded17a633103c2364fc6c65ca969ce6de1058|2026-07-11 12:45:14 -0700|Anas Khan|Core: Fix OAuthTokenResponse.addScope error to show the invalid scope (#17126)
e8959f23a749695478e9c9075364518d08e09c85|2026-07-11 12:46:27 -0700|Neelesh Salian|Parquet: Cache adjacent identical metadata in variant reader (#16852)
9729c94287749703b59f77d698d9726d558bd137|2026-07-11 23:55:08 -0700|dependabot[bot]|Build: Bump github/codeql-action/upload-sarif from 4.36.2 to 4.36.3 (#17172)
a9240011f5b5d86bc3dbebb01f873d67b7b7cf8a|2026-07-11 23:56:31 -0700|dependabot[bot]|Build: Bump org.apache.httpcomponents.client5:httpclient5 (#17170)
a221a146d278d8a81f22e4f46ffd2ff6bade482e|2026-07-11 23:57:08 -0700|dependabot[bot]|Build: Bump software.amazon.awssdk:bom from 2.46.17 to 2.46.21 (#17168)
aa64e8ec823b1d5dec675824810acc722a0c7b65|2026-07-11 23:57:39 -0700|dependabot[bot]|Build: Bump com.diffplug.spotless:spotless-plugin-gradle (#17167)
2640206b5643bc8bcd453960a9d84bfc442051e6|2026-07-11 23:58:08 -0700|dependabot[bot]|Build: Bump datamodel-code-generator from 0.66.0 to 0.67.0 (#17166)
5926f4fc8713ada3a44f008642b245f8b999b31c|2026-07-11 23:58:29 -0700|dependabot[bot]|Build: Bump docker/setup-qemu-action from 4.1.0 to 4.2.0 (#17165)
187da3ed86e3226318d601828037d5d57c42a659|2026-07-12 13:08:40 -0600|Yuya Ebihara|API: Guard against null in IN/NOT_IN predicates (#17014)
486fd93b402b9f8052d854d951cd4af1e3026a37|2026-07-13 13:43:51 +0200|Eunbin Son|Arrow: Fix dict-encoded VARCHAR/VARBINARY read for direct ByteBuffers (#17055)
04fd0251f6173a5a017dd0af82e84c39953199a4|2026-07-13 13:45:49 +0200|Han You|Flink: handle simultaneous schema evolution and data conversion (#17024)
304d6ffe21afc18b11eb271193e9bdb791755d5e|2026-07-13 13:47:28 +0200|Raghvendra Singh|Parquet: add adaptive bloom filter sizing (PARQUET-2254) (#16363)
80ec024326e988a7135e5c4bc906aa28bf25bffd|2026-07-13 09:52:22 -0500|Varun Lakhyani|Core: Add EagerInputFile and EagerInputStream to buffer files below a size threshold  (#16729)
9b64b317c6f91de8bdaf4bc6cd9aab15945dbd37|2026-07-13 17:12:30 +0200|Maximilian Michels|Flink: Remove converted equality deletes for same-branch conversion (#17189)
9484b5769186af84bcd833760d7e3e5810130c41|2026-07-13 15:16:35 -0700|Ryan Blue|Core: Use mocks in TrackedFile tests (#17133)
f696640356d5233b6ae1fd82d2573efbc22989c7|2026-07-13 17:02:21 -0700|Maximilian Michels|Flink: Backport: Remove converted equality deletes for same-branch conversion (#17189) (#17190)
9a9474ad1372f32543c1ba55b49f2758b2e6e13d|2026-07-13 17:03:37 -0700|Han You|Flink: Backport: handle simultaneous schema evolution and data conversion (#17024) (#17191)
7a882c2d34dda1e0fdb4a3b588453ab1788867c4|2026-07-14 09:41:17 +0200|William E. Murray|Docs: add Collate to vendors.md (#17123)
d9878d3f29b53f48fdd0d4b78c1743014fc7d4b7|2026-07-14 09:58:44 -0500|jackylee|Spark 4.0: Add Spark REST_CATALOG_PURGE property to delegate DROP TABLE PURGE to REST catalogs (#17185)
de4505b8c102fb4972efed97702107bce0e26cc6|2026-07-14 09:59:52 -0500|jackylee|Spark 4.1: Add Spark REST_CATALOG_PURGE property to delegate DROP TABLE PURGE to REST catalogs (#17186)(Backport of #15614)
f1c5c188144a7d7d12b05bf313d061d80064c3e4|2026-07-14 11:26:56 -0700|Gera Shegalov|Spark: Add session-level split size override (#16154)
8b26043abe450ef7fbef69cd8a53c5af30533ba4|2026-07-14 13:54:22 -0700|Xin Huang|Spark 4.1: Test geometry and geography DML and fall back from vectorized reads (#17149)
f2875fdccecfdc0e8ca6b09b248deb1b66bccb08|2026-07-14 14:11:46 -0700|Gera Shegalov|Spark: Backport split-size session conf to 3.5 and 4.0 (#17199)
4eb37b01369d2e817a31103675fbe9e7866dcfa8|2026-07-15 07:37:12 +0200|Sergei Nikolaev|Flink: Fix timestamp-micros conversion in AvroToRowDataConverters (#17194)
bb16f7f9ba83b6f8b0442e0e16813b4cb1a5b96f|2026-07-15 07:41:37 +0200|Anas Khan|Flink: Fix watermark extractor error message showing field id instead of file (#17124)
98e9e43de56a9378a8e6434cc160bc3faeeab9be|2026-07-15 09:23:15 -0700|Sergei Nikolaev|Flink: Backport timestamp-micros conversion fix to 1.20 and 2.0 (#17212)
2876f3f575b88695d8fbff854154863be8d2a4b3|2026-07-15 17:35:06 -0700|drexler-sky|Spark 4.1: Implement listTableSummaries (#16891)
b6eaa6adfc46157acd4126b060ec44acf31f5f3c|2026-07-15 17:37:00 -0700|Yuya Ebihara|Infra: Group github/codeql-action bumps into a single dependabot PR (#17160)
57aeb3a5854316b838a888511b7741282bfd5609|2026-07-15 18:06:45 -0700|dependabot[bot]|Build: Bump actions/labeler from 6.1.0 to 6.2.0 (#17229)
39b7d1b2fa8c48cd511ce58ca7a16a7c1d3369de|2026-07-15 18:51:11 -0700|dependabot[bot]|Build: Bump jetty from 12.1.10 to 12.1.11 (#17220)
cd2e2a6c2fdc7a5abec39d342c4693bb3ec2814f|2026-07-15 18:51:31 -0700|dependabot[bot]|Build: Bump jackson-bom from 2.22.0 to 2.22.1 (#17224)
91afff3cfb433f7c1d74c038500304068687813c|2026-07-15 18:51:46 -0700|dependabot[bot]|Build: Bump orc from 1.9.8 to 1.9.9 (#17225)
d36c8ac8c112b6ec05c53217e521b460aae53314|2026-07-15 18:52:12 -0700|dependabot[bot]|Build: Bump at.yawk.lz4:lz4-java from 1.11.0 to 1.11.1 (#17226)
14566a17d8e0dc58c6664deaeb283e042192cf66|2026-07-15 18:52:27 -0700|dependabot[bot]|Build: Bump io.netty:netty-buffer from 4.2.15.Final to 4.2.16.Final (#17227)
d2bb155a0f60a4a0afc4361e770f36928f629455|2026-07-15 18:52:40 -0700|dependabot[bot]|Build: Bump the codeql-action group with 3 updates (#17228)
4713badaeabedca90d0280b47a824ae29cca7dd7|2026-07-15 18:52:50 -0700|dependabot[bot]|Build: Bump actions/setup-java from 5.4.0 to 5.5.0 (#17230)
5f3d3c560a956b8ca3e45c525a353c77f8a1f9b4|2026-07-15 18:53:02 -0700|dependabot[bot]|Build: Bump docker/build-push-action from 7.2.0 to 7.3.0 (#17231)
2660ac0fe2330aebc4393401279aad94ceac7f0b|2026-07-16 08:13:32 -0600|gaborkaszab|Core: Clean up TestTrackedFileAdapters and drop TrackedFileBuilder (#17144)
07382fffc540eedc68e3268f0abcb2a277c4c6dc|2026-07-16 10:38:14 -0700|Manu Zhang|Spark 4.0: Upgrade to Spark 4.0.4 (#17181)
37772e20475b35f1a29bc266fdd5216c8d271f7e|2026-07-16 10:41:45 -0700|Yuya Ebihara|Build: Bump datamodel-code-generator from 0.67.0 to 0.68.1 (#17239)
6b6b80fff01bae9430f911a1f3df9d43a4973868|2026-07-16 10:42:29 -0700|Yuya Ebihara|Build: Bump software.amazon.awssdk:bom from 2.46.21 to 2.47.2 (#17238)
b4deba5e791db23a175bfc9bc586d3aaab5f005e|2026-07-16 10:43:14 -0700|Yuya Ebihara|Build: Bump com.google.cloud:libraries-bom from 26.84.0 to 26.85.0 (#17237)
be43e31747cc9ef07571a5df58d93bf45d812ca6|2026-07-16 23:26:39 +0200|Anupam Yadav|Kafka Connect: Add bounded retry for transient commit exceptions (#16434)
1522f384b6fa8b3e4fcd91dd0bc5a6734b88264a|2026-07-16 16:40:05 -0500|James Dilworth|Site: Add StarTree to vendors documentation (#17197)
0d6d2d67920e785c536ba642c2b39aa69c5f1d4d|2026-07-16 16:41:03 -0500|Jim Halfpenny|Site: Add stackable to vendors list (#17136)
a9c98970a9267c3d5843020a8be117e7d2a3a4d1|2026-07-16 16:14:24 -0700|Eunbin Son|Core: Fix ShreddedObject.put not clearing prior remove marker (#17066)
6ec1a01cb92252bc26516947d4aa6034267549ca|2026-07-16 16:25:03 -0700|Matt Butrovich|Site: add Iceberg Rust and DataFusion Comet blog post (#17162)
8550723a766994118e2537a0c69d4742d61dce94|2026-07-16 18:46:34 -0700|Xin Huang|Core: Read and write geometry and geography values in Avro (#17119)
30bb110ceacb9bf5f1937db5c023323eaa2a75de|2026-07-17 18:51:26 +0200|GuoYu|Flink: Fix TableMaintenance operator uid instability that breaks savepoint restore (#17210)
c8521d869df1a76ea72d7482c196fc15de08dd14|2026-07-17 19:39:06 +0200|Neelesh Salian|API: Harden variant binary parsing against malformed input (#16568)
14509b0fbee426edf553750234fbab84be28726a|2026-07-17 10:47:41 -0700|Manu Zhang|Spark 4.1: Upgrade to Spark 4.1.3 (#17182)
a42396edfd1ca01dd28d5950280261bf9b938c07|2026-07-17 10:48:46 -0700|Manu Zhang|Spark 3.5: Upgrade to Spark 3.5.9 (#17180)
100d0621b95fef392edd6c2f9ebd813b21685946|2026-07-17 12:31:38 -0700|Ryan Blue|Core: Refactor ContentStats and FieldStats (#17159)
47c121436e36bb331188e91da20fc4bb9265999b|2026-07-17 12:32:23 -0700|Ryan Blue|API, Core: Make variant classes serializable. (#17260)
e973bc0fcd05514466fd0e201c34ece2b396c4fd|2026-07-17 15:08:09 -0700|Anoop Johnson|API, Core: Use fixed transform result types when source type is unknown (#17262)
25654ab4b29c8b5b5c20fc427da01cb70d94ed14|2026-07-18 08:55:42 +0200|GuoYu|Flink: BackPort Fix TableMaintenance operator uid instability that breaks savepoint restore (#17283)
0a1db66e54faf31dfb14dc1b9c1fb4df43e2ba12|2026-07-18 10:30:33 -0700|Eunbin Son|API: Fix incorrect Javadoc on ManageSnapshots tag methods (#17243)
25f53e177dbbd859a6431548c100ddc6bfe2ea83|2026-07-18 22:26:33 -0700|dependabot[bot]|Build: Bump pymarkdownlnt from 0.9.38 to 0.9.39 (#17289)
7786a264f5fd88dd37f045955c190dcc20648651|2026-07-18 22:27:29 -0700|dependabot[bot]|Build: Bump org.roaringbitmap:RoaringBitmap from 1.6.14 to 1.6.15 (#17290)
3322cf01cb020bfda05e34e6bdd88beb7454ee7a|2026-07-18 22:27:43 -0700|dependabot[bot]|Build: Bump software.amazon.awssdk:bom from 2.47.2 to 2.47.5 (#17291)
733e86c55998d5cf23472cfe99e47a609b86eac3|2026-07-18 22:27:55 -0700|dependabot[bot]|Build: Bump io.grpc:grpc-netty-shaded from 1.82.1 to 1.82.2 (#17292)
f9fa14fb88d6102686064f8bb28ed5f8223dce7e|2026-07-19 09:30:51 -0700|dependabot[bot]|Build: Bump astral-sh/setup-uv from 8.2.0 to 8.3.2 (#17293)
e5bc1f15de48ff29638c90c8afe437c0095239a8|2026-07-19 09:31:08 -0700|dependabot[bot]|Build: Bump docker/setup-buildx-action from 4.1.0 to 4.2.0 (#17294)
8edec4b4c6357fc20dd197c248b3ffee01899e61|2026-07-19 09:31:21 -0700|dependabot[bot]|Build: Bump actions/stale from 10.3.0 to 10.4.0 (#17295)
9821b252ee766072bece865c22acf372f2938c05|2026-07-19 09:33:29 -0700|Neelesh Salian|Spark: Add vectorized Parquet reads for variant columns (#16292)
1ec15051dc09ef6a0d61fa332eb8f2503f3170f8|2026-07-19 09:35:01 -0700|Neelesh Salian|Core: Precompute sorted entries in ShreddedObject SerializationState (#17114)
0950d5216dba185d499fa91efa90eacd93b9485b|2026-07-20 09:53:38 -0600|Christian Bush|Parquet: Fix initial-default rows dropped when filtering on the defaulted column (#16692)
2f17d9bafdb643819530ec21371fd1380438303e|2026-07-20 09:46:40 -0700|Anoop Johnson|API: Shorten dropped source type comment in PartitionSpec (follow-up to #17262) (#17303)
f660519a4e027a30a74c08b9259ce8ce0ae87755|2026-07-21 10:28:56 -0600|ajreid21|Kafka Connect: Set engine metadata in EnvironmentContext (#17195)
a8d1e1464b55a41526bafa0683964fee1b466ec6|2026-07-22 14:39:37 +0200|GuoYu|Flink: Add plannedGroups counter metric and log for DataFileRewritePlanner (#17316)
652737e243abe607c14373ee268dddbb656919e1|2026-07-22 14:43:22 +0200|vishnu prakash|API: Add tests for DateTimeUtil.microsToMillis (#16773)
470f4642bdda336bac5372c79c762a2654dfe3f3|2026-07-22 10:42:57 -0700|vishnu prakash|Parquet: Fix variant BINARY upper bound to truncate up (#16880)
72145bfae613a2e6fb04e10952b9b63f653df659|2026-07-23 13:03:13 +0200|pvary|Build: Fix Trivy failures (#17344)
cd708ae33175fad24e0b4dc2f3395167662c1121|2026-07-23 17:38:44 +0200|GuoYu|Flink: Backport Add plannedGroups counter metric and log for DataFileRewritePlanner to 2.0 and 1.20 (#17335)
c29264684b3232135c526c2bafb3be9b5357bce4|2026-07-23 17:11:10 -0700|Ryan Blue|API: Extract superclass from InclusiveMetricsEvaluator (#17201)
8de28da314ec2f13251dac8b7dc0c7de1f899d2e|2026-07-24 08:20:07 +0200|Swapna Marru|Flink: SQL: Add variant avro dynamic record generator (#16450)
8f4843394cbfca3583108b8f6174f86f8580071b|2026-07-24 11:30:51 +0200|terrytlu|Hive: Use server-side filter to list Iceberg tables in HiveCatalog (#17317)
e42f0dd2de4f4051252bae13d7a5acd0f18336e9|2026-07-24 11:51:34 +0200|GuoYu|Flink: Avoid unnecessary TableLoader.loadTable() in IcebergCommitter subtasks > 0 (#17251)
